Goalie,Season,Team,GP,TOI,SA,FA,Saves,GA,xGA,GSAx,GSAA,WAR,Sv%,xSv%,dSv%
Miikka Kiprusoff,08-09,CGY,76,4425.61666666667,2155,2996,1946,209,200.3643458573,-8.63565414269999,-11.7624152353108,1.87136725217081,0.9030162412993039,0.907023505402645,-0.004007264103341068
Marty Turco,08-09,DAL,74,4341.45,1993,2840,1790,203,186.857129113013,-16.1428708869868,-20.5895561781783,0.231765208982241,0.8981435022579026,0.9062432869478109,-0.00809978468990824
Henrik Lundqvist,08-09,NYR,70,4171.85,2007,2786,1839,168,182.876939287338,14.8769392873381,15.6918016810818,5.96601563620461,0.9162929745889388,0.9088804487855815,0.007412525803357273
Niklas Backstrom,08-09,MIN,71,4097.68333333333,2059,2830,1900,159,164.833802523,5.833802523,29.4511308726196,3.96011681180765,0.9227780475959203,0.9199447292263234,0.002833318369596882
Cam Ward,08-09,CAR,68,3932.63333333333,1901,2686,1741,160,178.701740653289,18.7017406532893,13.9900921752549,6.60893795444947,0.9158337716991057,0.9059959281150505,0.009837843584055261
Ilya Bryzgalov,08-09,PHX,64,3707.36666666667,1958,2793,1772,186,170.6050836847,-15.3949163153,-6.79295082632873,0.0888599532597743,0.9050051072522982,0.9128676794255873,-0.007862572173289117
Evgeni Nabokov,08-09,S.J,62,3698.15,1663,2276,1513,150,152.0223560207,2.02235602069999,2.20700856783213,3.02406791288899,0.9098015634395671,0.9085854744313289,0.0012160890082382192
Steve Mason,08-09,CBJ,61,3669.56666666667,1658,2279,1518,140,137.3596833987,-2.64031660129999,11.7493807609535,1.89654488636662,0.9155609167671894,0.917153387576176,-0.0015924708089866124
Marc-Andre Fleury,08-09,PIT,62,3654.71666666667,1850,2549,1688,162,156.200215121197,-5.79978487880308,7.32228854509287,1.63332668837041,0.9124324324324324,0.9155674512858394,-0.0031350188534069456
Dwayne Roloson,08-09,EDM,63,3609.65,1953,2666,1787,166,177.144298313433,11.1442983134334,12.7494213667926,5.16790571095771,0.9150025601638505,0.9092963142276329,0.005706245936217602
Ryan Miller,08-09,BUF,59,3458.06666666667,1773,2451,1628,145,156.012527436984,11.0125274369842,17.274820319162,4.77548822264698,0.9182177100958827,0.9120064707067209,0.006211239389161793
Tomas Vokoun,08-09,FLA,59,3335.38333333333,1856,2556,1718,138,162.7998612493,24.7998612493,31.8714419133472,7.47309328872355,0.9256465517241379,0.9122845575165409,0.013361994207596983
Jose Theodore,08-09,WSH,57,3295.18333333333,1572,2193,1415,157,147.8759481572,-9.12405184279999,-13.1218175173589,0.866516689455937,0.9001272264631043,0.9059313306888039,-0.005804104225699658
Peter Budaj,08-09,COL,56,3241.33333333333,1531,2184,1377,154,131.8952863183,-22.1047136817,-13.8743655337637,-1.84016256256864,0.8994121489222731,0.9138502375451993,-0.014438088622926282
Chris Mason,08-09,STL,57,3223.81666666667,1544,2204,1415,129,135.3705451897,6.37054518970001,12.3154667641207,3.54777593673777,0.9164507772020726,0.9123247764315415,0.004126000770531046
Tim Thomas,08-09,BOS,53,3209.41666666667,1664,2205,1552,112,153.060126408554,41.0601264085537,40.2985341292078,10.3457339432333,0.9326923076923077,0.9080167509563979,0.02467555673590982
Martin Biron,08-09,PHI,55,3183.73333333333,1718,2381,1572,146,156.812878633197,10.8128786331966,11.240914443497,4.75206460167065,0.9150174621653085,0.908723586360188,0.00629387580512053
Roberto Luongo,08-09,VAN,53,3149.35,1519,2111,1398,121,139.395416616741,18.3954166167408,18.0273277297276,5.86756441187855,0.9203423304805793,0.9082321154596834,0.012110215020895931
Carey Price,08-09,MTL,52,3050.43333333333,1513,2077,1370,143,136.739894286573,-6.26010571342704,-4.52182563852676,1.2085294368085,0.9054857898215466,0.909623334906429,-0.004137545084882399
Vesa Toskala,08-09,TOR,52,3001.78333333333,1495,2146,1332,163,143.922198473253,-19.0778015267473,-26.1692857432898,-1.06454632900386,0.8909698996655518,0.9037309709209009,-0.012761071255349088
Pekka Rinne,08-09,NSH,52,2995.5,1433,1949,1314,119,126.5627892623,7.5627892623,12.1561294514152,3.61754898006324,0.9169574319609212,0.9116798400123518,0.00527759194856936
Joey MacDonald,08-09,NYI,49,2805.83333333333,1584,2199,1427,157,147.512564362435,-9.48743563756457,-12.0235107808502,0.792206838093013,0.9008838383838383,0.9068733810843213,-0.005989542700482908
Chris Osgood,08-09,DET,46,2666.85,1208,1624,1071,137,109.3939224153,-27.6060775847,-26.4371218581231,-3.26101673528783,0.8865894039735099,0.9094421172058774,-0.022852713232367483
Kari Lehtonen,08-09,ATL,46,2639.3,1498,1969,1364,134,127.733842038132,-6.26615796186812,3.10529094083736,1.0506613083471,0.910547396528705,0.9147304125246115,-0.004183015995906536
Jonathan Quick,08-09,L.A,44,2514.06666666667,1200,1704,1097,103,111.4106042325,8.41060423250001,6.83067365087105,3.51246797579425,0.9141666666666667,0.90715782980625,0.007008836860416645
Jonas Hiller,08-09,ANA,46,2493.85,1215,1715,1116,99,113.2829032024,14.2829032024,12.2035570715069,4.64370507251535,0.9185185185185185,0.9067630426317694,0.011755475886749078
Mike Smith,08-09,T.B,41,2481.43333333333,1280,1730,1172,108,106.9566527591,-1.0433472409,9.15271856092912,1.66620736879161,0.915625,0.9164401150319531,-0.0008151150319530842
Nikolai Khabibulin,08-09,CHI,42,2476.03333333333,1192,1517,1096,96,97.750427172466,1.75042717246596,13.0984691598652,2.02867718559584,0.9194630872483222,0.9179946080767902,0.0014684791715319223
Jean-Sebastien Giguere,08-09,ANA,46,2465.76666666667,1274,1751,1147,127,107.6142996084,-19.3857003916,-10.3964348073252,-1.7540317549756,0.9003139717425431,0.9155303770734694,-0.015216405330926275
Alex Auld,08-09,OTT,43,2452.88333333333,1141,1574,1040,101,100.0436103039,-0.956389696100004,3.43066552970322,1.56216596982756,0.9114811568799299,0.9123193599439964,-0.0008382030640664562
Scott Clemmensen,08-09,N.J,40,2363.25,1138,1536,1044,94,93.6732519659,-0.326748034099992,10.156088845576,1.56910028488036,0.9173989455184535,0.9176860703287347,-0.00028712481028125847
Cristobal Huet,08-09,CHI,41,2357.55,1087,1454,988,99,100.812565661897,1.81256566189712,0.488285215414024,2.09359430139357,0.9089236430542779,0.9072561493450809,0.0016674937091969433
Ty Conklin,08-09,DET,39,2182.68333333333,1001,1356,910,91,80.2090874084,-10.7909125916,0.617086937101604,-0.622970056041885,0.9090909090909091,0.91987104155005,-0.01078013245914089
Dan Ellis,08-09,NSH,35,1967.88333333333,963,1346,867,96,88.7676649921,-7.23233500790001,-7.86088439517599,0.191755088164558,0.9003115264797508,0.9078217393643822,-0.007510212884631384
Jaroslav Halak,08-09,MTL,34,1936.71666666667,1077,1511,985,92,103.678813157,11.678813157,6.57302960165677,3.98936024967994,0.914577530176416,0.9037336925190343,0.010843837657381616
Martin Brodeur,08-09,N.J,31,1814.81666666667,870,1139,797,73,74.498125649748,1.49812564974803,6.62723839688151,1.57680511501246,0.9160919540229885,0.9143699705175311,0.0017219835054573807
Antero Niittymaki,08-09,PHI,32,1811.43333333333,947,1321,864,83,88.346476343198,5.34647634319801,3.67470662281239,2.53780409080956,0.9123548046462513,0.9067091062901816,0.0056456983560696505
Yann Danis,08-09,NYI,31,1765.43333333333,933,1299,849,84,96.2601121021,12.2601121021,1.39334876355224,3.96900537653303,0.909967845659164,0.8968273182185423,0.013140527440621663
Johan Hedberg,08-09,ATL,33,1725.51666666667,875,1221,775,100,86.7211387647,-13.2788612353,-19.9151337962399,-0.975110459232456,0.8857142857142857,0.9008901271260572,-0.015175841411771529
Andrew Raycroft,08-09,COL,31,1724.2,833,1192,743,90,70.3577362693,-19.6422637307,-13.7592073740203,-2.45042275407572,0.8919567827130852,0.9155369312493398,-0.023580148536254564
Brian Elliott,08-09,OTT,31,1669.88333333333,786,1068,709,77,67.3943330259841,-9.60566697401592,-5.06090875867946,-0.624241701970291,0.9020356234096693,0.91425657375829,-0.012220950348620696
Manny Fernandez,08-09,BOS,28,1650.23333333333,791,1061,720,71,79.5452682585,8.5452682585,1.39671904819916,2.98309760751969,0.9102402022756005,0.8994370818476612,0.010803120427939295
Craig Anderson,08-09,FLA,31,1636.6,977,1311,903,74,87.6313722704811,13.6313722704811,15.4204734640842,4.07538615983127,0.9242579324462641,0.910305657860306,0.013952274585958047
Erik Ersberg,08-09,L.A,28,1481.58333333333,651,963,586,65,56.2373619475,-8.76263805249999,-5.41685954440246,-0.660687878765016,0.9001536098310292,0.9136138833371736,-0.013460273506144427
Manny Legace,08-09,STL,29,1455.08333333333,669,936,592,77,48.1226535147,-28.8773464853,-15.7693994396394,-4.56518695222618,0.8849028400597907,0.9280677824892377,-0.04316494242944702
Karri Ramo,08-09,T.B,24,1328.76666666667,757,1041,677,80,67.5946379794745,-12.4053620205255,-10.7151500385755,-1.14455273268076,0.8943196829590488,0.9107072153507602,-0.016387532391711312
Brian Boucher,08-09,S.J,22,1300.21666666667,563,765,516,47,52.0276411016,5.0276411016,4.52889105453367,1.8460822400382,0.91651865008881,0.9075885593222025,0.008930090766607446
Patrick Lalime,08-09,BUF,24,1296.7,669,902,602,67,55.2605226857,-11.7394773143,-5.76939943963939,-1.23462724746285,0.8998505231689088,0.9173983218449925,-0.017547798676083692
Brent Johnson,08-09,WSH,21,1131.51666666667,579,781,526,53,49.9764914333,-3.0235085667,-0.0066999634547215,0.304089748120296,0.9084628670120898,0.9136848161773747,-0.005221949165284956
Michael Leighton,08-09,CAR,19,1032.75,507,738,457,50,51.0943251998,1.0943251998,-3.59654038250698,1.09395240377776,0.9013806706114399,0.8992222382646943,0.00215843234674562
Jason LaBarbera,08-09,L.A,19,1002.65,440,658,393,47,43.3921438758,-3.6078561242,-6.72875299468062,0.0801737858379456,0.8931818181818182,0.9013814911913637,-0.008199673009545494
Dany Sabourin,08-09,PIT,19,992.3,463,648,416,47,44.1677962313,-2.8322037687,-4.62366508303892,0.238790136035532,0.8984881209503239,0.9046051917250539,-0.006117070774730005
Curtis Sanford,08-09,VAN,19,973.833333333333,448,642,406,42,43.2895962892,1.2895962892,-0.996548503674809,0.9946571018272,0.90625,0.9033714368544643,0.0028785631455356953
Josh Harding,08-09,MIN,19,864.266666666667,453,629,421,32,36.0258779830892,4.02587798308923,9.46107930320382,1.38017676839188,0.9293598233995585,0.9204726755340193,0.008887147865539125
Curtis Joseph,08-09,TOR,20,851.95,383,575,333,50,38.4390984735,-11.5609015265,-14.945709993097,-1.49396711972412,0.8694516971279374,0.8996368186070496,-0.03018512147911223
Martin Gerber,08-09,OTT,14,839.666666666667,397,552,357,40,35.0634659156,-4.9365340844,-3.66435213383683,-0.313356757871211,0.8992443324937027,0.9116789271647355,-0.012434594671032806
Mathieu Garon,08-09,EDM,15,817.466666666667,408,591,365,43,39.256003472,-3.743996528,-5.65757095870384,-0.0172796733091515,0.8946078431372549,0.9037843052156863,-0.009176462078431369
Steve Valiquette,08-09,NYR,15,815.45,421,584,382,39,39.783554330412,0.78355433041196,-0.467738660819407,0.83896433421823,0.9073634204275535,0.9055022462460522,0.001861174181501224
Kevin Weekes,08-09,N.J,16,805.233333333333,399,518,367,32,31.8082046279,-0.1917953721,4.51869898891462,0.517687343610222,0.9197994987468672,0.9202801889025063,-0.00048069015563911854
Mikael Tellqvist,08-09,PHX,15,790.966666666667,408,569,370,38,33.4628659613362,-4.53713403866375,-0.657570958703843,-0.266488567916375,0.9068627450980392,0.9179831716633916,-0.011120426565352393
Mike McKenna,08-09,T.B,15,779.3,406,542,360,46,37.5388627935,-8.4611372065,-8.84062208145529,-0.929697071894398,0.8866995073891626,0.9075397468140394,-0.020840239424876783
Martin Gerber,08-09,TOR,12,705.95,402,589,364,38,39.9956503236,1.9956503236,-1.2067243269582,1.06942745789418,0.9054726368159204,0.9005083325283583,0.004964304287562116
Pascal Leclaire,08-09,CBJ,12,676.266666666667,324,429,281,43,27.1859459278,-15.8140540722,-13.3457181142648,-2.48553553659695,0.8672839506172839,0.9160927594820988,-0.04880880886481487
Ondrej Pavelec,08-09,ATL,12,603.433333333333,301,404,265,36,28.380812394,-7.619187606,-8.45080602590651,-0.931557190339033,0.8803986710963455,0.9057115867308971,-0.025312915634551625
Jeff Deslauriers,08-09,EDM,10,545.5,302,432,272,30,28.6509458477,-1.3490541523,-2.35928046453079,0.246227948117701,0.9006622516556292,0.9051293183850995,-0.0044670667294702815
Curtis McElhinney,08-09,CGY,13,454.3,241,323,214,27,22.5080548066,-4.4919451934,-4.94233970845006,-0.44868496688394,0.8879668049792531,0.9066055817153527,-0.018638776736099594
Tobias Stephan,08-09,DAL,10,437.866666666667,208,268,181,27,18.2376728678767,-8.76232713212331,-7.96268323384902,-1.32195298736633,0.8701923076923077,0.9123188804429004,-0.04212657275059273
Jason LaBarbera,08-09,VAN,8,432.6,225,304,206,19,20.2582235576,1.2582235576,1.59325130953832,0.587963671200506,0.9155555555555556,0.9099634508551111,0.005592104700444467
Olie Kolzig,08-09,T.B,8,411.566666666667,245,314,220,25,19.6256728394,-5.3743271606,-2.57623746294716,-0.663933668857843,0.8979591836734694,0.9198952129004081,-0.021936029226938714
Justin Pogge,08-09,TOR,7,373.666666666667,173,237,146,27,14.597040823,-12.402959177,-11.1660778819994,-2.06644085396796,0.8439306358381503,0.9156240414855492,-0.0716934056473989
Cory Schneider,08-09,VAN,8,357.983333333333,162,239,142,20,16.6075193306,-3.3924806694,-5.17285905713241,-0.3456746364856,0.8765432098765432,0.8974844485765433,-0.020941238700000087
Semyon Varlamov,08-09,WSH,6,328.566666666667,159,215,146,13,16.2008037518,3.2008037518,1.55256425874041,0.880789589923954,0.9182389937106918,0.8981081525044025,0.020130841206289385
Fredrik Norrena,08-09,CBJ,8,324.566666666667,133,182,116,17,11.0450557705,-5.9549442295,-4.82710033702846,-0.921893541293392,0.8721804511278195,0.9169544678909775,-0.04477401676315795
Rick DiPietro,08-09,NYI,5,259.5,139,197,124,15,13.4352215266544,-1.56477847334561,-2.2779469687741,-0.0589372069634069,0.8920863309352518,0.9033437300240691,-0.011257399088817288
Al Montoya,08-09,PHX,5,259.466666666667,120,170,111,9,10.2130464596,1.2130464596,1.98306736508711,0.404691354261095,0.925,0.9148912795033334,0.010108720496666668
Ben Bishop,08-09,STL,6,248.083333333333,112,179,100,12,12.1855124184,0.1855124184,-1.7491371259187,0.246776838731069,0.8928571428571429,0.8912007819785714,0.0016563608785714612
Mikael Tellqvist,08-09,BUF,6,232.333333333333,125,166,116,9,10.6874710163,1.6874710163,2.44069517196573,0.501708389140534,0.928,0.9145002318696,0.013499768130399992
Michal Neuvirth,08-09,WSH,5,219.883333333333,102,133,91,11,7.6970124535,-3.3029875465,-1.66439273967596,-0.484004297780703,0.8921568627450981,0.9245390935931374,-0.03238223084803926
Mathieu Garon,08-09,PIT,4,206.533333333333,94,139,84,10,9.5373847173,-0.4626152827,-1.39659723068177,0.0794317580683457,0.8936170212765957,0.8985384604542553,-0.004921439177659637
Matt Climie,08-09,DAL,3,184.266666666667,85,127,76,9,9.1492993823,0.149299382300001,-1.2203272830633,0.187161325842743,0.8941176470588236,0.8923611837376471,0.0017564633211765157
Wade Dubielewicz,08-09,CBJ,3,168.7,77,96,67,10,5.8004838905,-4.1995161095,-2.95253177406911,-0.684742508914028,0.8701298701298701,0.9246690403831168,-0.05453917025324673
Daniel Lacosta,08-09,CBJ,3,155.683333333333,80,112,76,4,5.864198673,1.864198673,3.32204491005807,0.450831223870799,0.95,0.9266975165875,0.023302483412499964
John Curry,08-09,PIT,3,150.3,69,96,63,6,7.3955565524,1.3955565524,0.315263734925085,0.389803436362861,0.9130434782608695,0.8928180209797101,0.02022545728115943
Antti Niemi,08-09,CHI,3,141.316666666667,59,71,51,8,4.9963316427,-3.0036683573,-2.59999187883217,-0.475005441649994,0.864406779661017,0.9153164128355932,-0.050909633174576197
Peter Mannino,08-09,NYI,3,133.033333333333,87,120,77,10,9.9271514405,-0.0728485594999988,-2.03727616031185,0.1591367633121,0.8850574712643678,0.8858948110287357,-0.0008373397643678393
Josh Tordjman,08-09,PHX,2,119.9,62,77,54,8,5.2300575894,-2.7699424106,-2.325415194705,-0.427209858552548,0.8709677419354839,0.9156442324290323,-0.04467649049354838
Adin Hill,25-26,VGK,27,1497.81666666667,586,927,510,76,60.6302334882784,-15.3697665117216,-14.9123518618159,-1.84106389931901,0.8703071672354948,0.8965354377333133,-0.026228270497818507
Akira Schmid,25-26,VGK,34,1965.78333333333,791,1273,706,85,80.4129927521369,-4.58700724786304,-2.54209952678561,0.547425106495645,0.8925410872313527,0.8983400850162618,-0.00579899778490911
Aleksei Kolosov,25-26,PHI,4,120.016666666667,47,67,39,8,5.44116302288603,-2.55883697711397,-3.10047873294428,-0.388405879478176,0.8297872340425532,0.8842305739811482,-0.05444333993859507
Alex Lyon,25-26,BUF,36,1992.01666666667,979,1497,888,92,102.349396607431,10.349396607431,10.0559855414373,3.75976366595742,0.9070480081716037,0.8954551617901624,0.011592846381441313
Alex Nedeljkovic,25-26,S.J,40,2277.96666666667,1046,1551,937,109,111.114134628151,2.11413462815102,0.0404094753252338,2.35577715408817,0.8957934990439771,0.8937723378315956,0.002021161212381495
Andrei Vasilevskiy,25-26,T.B,58,3430.75,1480,2199,1350,132,155.568939161429,23.5689391614286,22.2827973455844,7.19786358253159,0.9121621621621622,0.8948858519179534,0.017276310244208726
Anthony Stolarz,25-26,TOR,26,1385.65,708,1051,632,76,73.7254587999778,-2.27454120002224,-2.19444559413932,0.867275600897653,0.8926553672316384,0.8958679960452292,-0.0032126288135907455
Anton Forsberg,25-26,L.A,36,2032.1,951,1450,865,87,96.7427778326673,9.7427778326673,12.1371218078722,3.54629730742107,0.9095688748685594,0.8982725785145453,0.01129629635401408
Artur Akhtyamov,25-26,TOR,3,126,81,115,71,11,10.6100668044528,-0.389933195547201,-2.5561441993295,0.112968011451547,0.8765432098765432,0.8690115209326815,0.007531688943861692
Arturs Silovs,25-26,PIT,39,2246.55,1019,1550,905,115,109.314931031413,-5.68506896858723,-8.77420912489828,0.848362189111633,0.888125613346418,0.89272332577879,-0.004597712432371948
Arvid Soderblom,25-26,CHI,26,1468.61666666667,775,1146,682,93,85.7392574214609,-7.26074257853909,-12.2100216602514,0.135256081133761,0.88,0.8893687001013407,-0.009368700101340721
Brandon Bussi,25-26,CAR,39,2360.81666666667,911,1339,815,97,99.8057678643963,2.80576786439629,-2.03268352579227,2.28760516783126,0.8946212952799122,0.8904437235297515,0.004177571750160647
Calvin Pickard,25-26,EDM,16,864.133333333333,410,604,357,53,49.5890825337264,-3.41091746627356,-10.2594953299394,0.227423234722925,0.8707317073170732,0.8790510182104234,-0.008319310893350251
Cam Talbot,25-26,DET,34,1750.18333333333,795,1205,702,93,85.6443893711548,-7.35561062884523,-10.1251189934192,0.115635579627527,0.8830188679245283,0.89227120833817,-0.009252340413641646
Carl Lindbom,25-26,VGK,8,480.666666666667,189,299,165,24,20.4871493380633,-3.51285066193669,-4.2976697984355,-0.304094190406612,0.873015873015873,0.8916023844546916,-0.01858651143881862
Carter Hart,25-26,VGK,18,1019.78333333333,422,635,376,46,43.8358336809123,-2.16416631908773,-2.00855372984011,0.362066257333494,0.8909952606635071,0.8961236168698761,-0.005128356206368978
Casey DeSmith,25-26,DAL,30,1755,760,1152,689,71,78.2900102161802,7.29001021618021,8.22630133962446,2.7573990116041,0.906578947368421,0.8969868286629208,0.009592118705500252
Cayden Primeau,25-26,TOR,3,181.466666666667,80,115,67,13,7.44501649867743,-5.55498350132257,-4.66038933267111,-0.920059313611545,0.8375,0.9069372937665321,-0.06943729376653207
Charlie Lindgren,25-26,WSH,21,1246.03333333333,601,908,528,73,67.6579897306891,-5.34201026931093,-10.3486748616917,0.180061466342138,0.8785357737104825,0.8874243099322977,-0.00888853622181518
Clay Stevenson,25-26,WSH,4,239.733333333333,101,161,93,8,11.6348138630856,3.63481386308558,2.52875846750272,0.892557893331149,0.9207920792079208,0.8848038231377664,0.035988256070154434
Colten Ellis,25-26,BUF,16,911.333333333333,455,661,411,44,44.3230135532794,0.323013553279426,3.43153567043306,0.841259486485135,0.9032967032967033,0.9025867833993859,0.0007099198973173904
Connor Hellebuyck,25-26,WPG,57,3401.45,1547,2342,1385,162,163.03400879718,1.03400879717972,-0.732778720527591,3.06525204522848,0.8952811893988365,0.8946127932791339,0.0006683961197025967
Connor Ingram,25-26,EDM,32,1778.23333333333,760,1164,683,77,79.3406142233288,2.34061422332885,2.22630133962446,1.83937799120743,0.8986842105263158,0.8956044549693043,0.0030797555570114543
Dan Vladar,25-26,PHI,52,2995.21666666667,1283,1987,1162,121,132.416766650451,11.4167666504508,12.7465060772871,4.49095163408438,0.9056897895557288,0.8967912964532729,0.008898493102455829
Daniil Tarasov,25-26,FLA,33,1905.66666666667,923,1371,826,97,95.910065907732,-1.08993409226801,-0.781741925692941,1.48190055113566,0.894907908992416,0.8960887693307346,-0.0011808603383185456
Darcy Kuemper,25-26,L.A,50,2887.9,1234,1858,1100,134,129.412815940488,-4.58718405951203,-5.36150545645188,1.40984889021232,0.8914100486223663,0.8951273776819385,-0.0037173290595722275
David Rittich,25-26,NYI,30,1651.35,720,1156,644,76,82.8178827318278,6.81788273182778,-0.94350399404,2.747760304383,0.8944444444444445,0.8849751628724614,0.009469281571983124
Dennis Hildeby,25-26,TOR,20,1008.73333333333,548,839,501,48,56.0325937643446,8.03259376434456,9.12633307120289,2.50615096216116,0.9142335766423357,0.8977507413059406,0.016482835336395163
Devin Cooley,25-26,CGY,31,1718,847,1272,770,77,93.3101435774006,16.3101435774006,11.2956279403446,4.72854005207456,0.9090909090909091,0.889834541230932,0.019256367859977086
Drew Commesso,25-26,CHI,3,181.716666666667,85,123,78,7,7.94546802109107,0.945468021091071,1.86083633403694,0.318749234892021,0.9176470588235294,0.9065239056342227,0.011123153189306678
Dustin Wolf,25-26,CGY,57,3149.23333333333,1559,2289,1402,158,158.671150340408,0.67115034040756,4.51816287957175,2.91980114813314,0.8992944194996793,0.8982224821421372,0.0010719373575420743
Dylan Garand,25-26,NYR,3,185,96,140,91,5,10.6981562217698,5.69815622176975,5.00753280079467,1.26649230168213,0.9479166666666666,0.8885608726898978,0.05935579397676882
Elvis Merzlikins,25-26,CBJ,30,1678.61666666667,810,1234,715,95,90.6279945970745,-4.37200540292547,-10.561441993295,0.767903858484442,0.8827160493827161,0.888113586917192,-0.005397537534475916
Eric Comrie,25-26,WPG,25,1381.5,654,1010,582,72,67.8977845764602,-4.10221542353978,-3.82368279458633,0.418873184665605,0.8899082568807339,0.8961807575283482,-0.00627250064761431
Filip Gustavsson,25-26,MIN,50,2967.91666666667,1374,2115,1242,133,137.187545207562,4.18754520756185,10.2328132113737,3.20702711533613,0.9039301310043668,0.9001546250308865,0.0037755059734803087
Frederik Andersen,25-26,CAR,35,2101.86666666667,849,1290,742,107,107.705179245793,0.705179245793209,-18.4958817929722,2.02917615233558,0.8739693757361602,0.8731387759177939,0.0008305998183663066
Igor Shesterkin,25-26,NYR,51,3024.21666666667,1424,2133,1298,126,147.08578693207,21.0857869320696,22.4450698784542,6.57869349255512,0.9115168539325843,0.8967094192892766,0.014807434643307693
Ilya Sorokin,25-26,NYI,55,3226.16666666667,1529,2297,1385,144,171.502772890128,27.5027728901275,15.3908088793234,8.22266934865279,0.9058207979071289,0.8878333728645337,0.017987425042595206
Jacob Fowler,25-26,MTL,17,1010.7,446,665,405,41,50.3221498174624,9.32214981746242,5.49332947035856,2.64964684638956,0.9080717488789237,0.8871700676738511,0.02090168120507263
Jacob Markstrom,25-26,N.J,44,2544.01666666667,1112,1675,982,130,118.634071454056,-11.3659285459435,-14.0794117241284,-0.0625282070371016,0.8830935251798561,0.8933146839441942,-0.010221158764338156
Jake Allen,25-26,N.J,37,2186.56666666667,1031,1551,932,100,109.830074023863,9.83007402386278,7.47673247520106,3.7931678173739,0.903976721629486,0.8934722851368933,0.010504436492592695
Jake Oettinger,25-26,DAL,54,3194.18333333333,1371,2067,1233,138,146.983630477043,8.98363047704323,4.92007781134885,4.28695413586209,0.899343544857768,0.8927909332771387,0.006552611580629364
Jakub Dobes,25-26,MTL,43,2525.58333333333,1186,1788,1069,117,131.140873096156,14.1408730961556,6.63472814315078,4.98394328243279,0.9013490725126475,0.8894259080133593,0.011923164499288208
James Reimer,25-26,OTT,14,817.783333333333,289,499,256,33,32.6630168252159,-0.336983174784121,-2.87315646427439,0.511146170780292,0.8858131487889274,0.8869791805355851,-0.0011660317466577474
Jeremy Swayman,25-26,BOS,55,3235.28333333333,1568,2396,1423,146,172.503306556356,26.5033065563564,17.4563690796462,8.05116332958581,0.9075255102040817,0.889985136124773,0.01754037407930864
Jesper Wallstedt,25-26,MIN,35,1996.65,1020,1514,934,87,100.329826029891,13.3298260298906,19.3300360084433,4.28816650710881,0.9156862745098039,0.9016374254608912,0.014048849048912682
Jet Greaves,25-26,CBJ,55,3276.1,1534,2342,1392,142,159.998994175441,17.9989941754409,17.9120345460315,6.22190625679589,0.9074315514993481,0.8956981785036238,0.0117333729957243
Joel Hofer,25-26,STL,46,2624.65,1250,1936,1137,114,129.201058472332,15.201058472332,16.3064166770139,5.15040591263754,0.9096,0.8966391532221344,0.012960846777865576
Joey Daccord,25-26,SEA,47,2693.21666666667,1305,2039,1171,136,133.069998971594,-2.93000102840605,0.0398990108025146,1.78778804996895,0.8973180076628352,0.8980306521290468,-0.0007126444662115539
John Gibson,25-26,DET,57,3181.23333333333,1461,2258,1317,144,160.435822278666,16.4358222786664,8.30213981209386,5.93381529883441,0.9014373716632443,0.8901876644225422,0.011249707240702178
Jonas Johansson,25-26,T.B,25,1423.51666666667,670,981,592,78,67.7683327149716,-10.2316672850284,-8.15576066112055,-0.743205638893678,0.8835820895522388,0.8988532347537737,-0.01527114520153483
Jonathan Quick,25-26,NYR,25,1418,671,1042,598,73,70.0627781889052,-2.93722181109482,-3.05151552777895,0.67741706092157,0.8912071535022354,0.8955845332505138,-0.004377379748278343
Joonas Korpisalo,25-26,BOS,31,1713.08333333333,851,1233,761,90,86.5482136296341,-3.4517863703659,-1.28739152628894,0.870216346479548,0.8942420681551116,0.8982982213517813,-0.004056153196669632
Jordan Binnington,25-26,STL,41,2307.8,1010,1473,882,128,102.293857762279,-25.7061422377212,-22.7124153249728,-3.06355724139617,0.8732673267326733,0.8987189527106149,-0.025451625977941594
Joseph Woll,25-26,TOR,39,2230.06666666667,1220,1830,1097,124,122.595960414366,-1.40403958563385,3.17906267676557,1.89217086777969,0.8991803278688525,0.8995115078570771,-0.000331179988224628
Justus Annunen,25-26,NSH,28,1500.53333333333,712,1103,645,67,79.9915561326197,12.9915561326197,7.22253493922712,3.86618128104939,0.9058988764044944,0.8876523088025003,0.018246567601994057
Juuse Saros,25-26,NSH,59,3432.55,1700,2449,1519,181,178.756936110769,-2.24306388923124,-3.7832733192611,2.72191502733274,0.8935294117647059,0.8948488611113123,-0.0013194493466064383
Karel Vejmelka,25-26,UTA,64,3692.75,1627,2482,1459,169,176.339897155645,7.33989715564521,0.606831946801293,4.49263727468454,0.8967424708051629,0.8916165352454548,0.005125935559708084
Kevin Lankinen,25-26,VAN,47,2592.35,1283,1920,1123,160,141.995991232514,-18.0040087674862,-26.2534939227129,-0.907371405444073,0.8752922837100545,0.889325026319163,-0.014032742609108473
Leevi Meriläinen,25-26,OTT,20,1094.48333333333,457,658,393,64,43.3213749189744,-20.6786250810256,-16.3599740628837,-3.15025072807553,0.8599562363238512,0.9052048688862704,-0.04524863256241918
Linus Ullmark,25-26,OTT,49,2883.46666666667,1195,1787,1064,131,125.212952940763,-5.78704705923719,-6.42706565677472,1.1088909038824,0.8903765690376569,0.8952192862420394,-0.004842717204382452
Logan Thompson,25-26,WSH,58,3445.05,1587,2439,1447,140,175.627197081756,35.6271970817559,25.4370266131369,9.83254852790447,0.9117832388153749,0.8893338392679546,0.022449399547420312
Lukas Dostal,25-26,ANA,56,3267.93333333333,1513,2339,1344,169,167.702211580044,-1.29778841995559,-11.2771132541424,2.70620103719948,0.8883013879709187,0.8891591463449808,-0.0008577583740621009
Mackenzie Blackwood,25-26,COL,38,2155.66666666667,931,1428,841,90,97.2395933868426,7.23959338684258,7.05221914103996,3.08139526238527,0.9033297529538131,0.8955536053847019,0.007776147569111269
Matt Murray,25-26,SEA,5,216.883333333333,102,163,94,8,10.272994709725,2.27299470972502,2.63300360084433,0.610908015806487,0.9215686274509803,0.8992843655909314,0.02228426186004895
Nico Daws,25-26,N.J,3,183.266666666667,87,124,79,8,9.64914680086075,1.64914680086076,1.06932660072017,0.481884505825701,0.9080459770114943,0.889090266656773,0.01895571035472121
Nikita Tolopilo,25-26,VAN,21,1145.68333333333,580,880,511,69,67.182626193893,-1.81737380610699,-8.53782266186555,0.838617816014554,0.8810344827586207,0.8841678858725982,-0.003133403113977473
Nikke Kokko,25-26,SEA,3,177.683333333333,82,139,73,9,8.57585328817367,-0.424146711826325,-0.451899065987888,0.0706895478668253,0.8902439024390244,0.8954164233149552,-0.005172520875930786
Petr Mrazek,25-26,ANA,10,515.883333333333,247,364,212,35,27.6880824291528,-7.31191757084719,-9.25145206462205,-0.896199308867027,0.8582995951417004,0.8879025002868307,-0.02960290514513031
Philipp Grubauer,25-26,SEA,32,1791.1,865,1315,786,79,88.1947425103459,9.19474251034597,11.1720403404936,3.2921434164177,0.9086705202312139,0.8980407601036463,0.010629760127567556
Pyotr Kochetkov,25-26,CAR,9,490.15,189,272,170,19,18.6618011898827,-0.338198810117334,0.7023302015645,0.264477511130326,0.8994708994708994,0.9012603111646418,-0.0017894116937423599
Sam Montembeault,25-26,MTL,25,1418.2,635,953,554,81,77.3118553190143,-3.68814468098576,-14.8043403280769,0.662921906386523,0.8724409448818897,0.8782490467417098,-0.0058081018598200584
Samuel Ersson,25-26,PHI,33,1866.58333333333,744,1206,647,97,84.1534302905784,-12.8465697094216,-19.4416207938413,-0.949593361622329,0.8696236559139785,0.8868905506847065,-0.01726689477072796
Scott Wedgewood,25-26,COL,45,2549.06666666667,1093,1679,1007,86,106.80183869024,20.8018386902403,27.939930742381,5.81591837570959,0.9213174748398902,0.9022856004663862,0.019031874373504065
Sergei Bobrovsky,25-26,FLA,52,3009.65,1251,1925,1097,154,136.403145256743,-17.5968547432567,-23.5893381896445,-0.928771666494931,0.876898481215028,0.8909647120249855,-0.014066230809957503
Sergei Murashov,25-26,PIT,5,281.283333333333,116,191,104,12,11.2403429123806,-0.759657087619424,0.0924354676268901,0.0541033712275109,0.896551724137931,0.90310049213465,-0.006548767996718996
Spencer Knight,25-26,CHI,55,3293.25,1582,2395,1427,155,169.178048126758,14.1780481267577,9.91580094642879,5.66047858304183,0.9020227560050569,0.8930606522586865,0.008962103746370409
Spencer Martin,25-26,NYR,6,290.65,147,217,127,20,15.2231704674195,-4.77682953258046,-4.67596539878317,-0.635913779391491,0.8639455782312925,0.8964410172284388,-0.03249543899714635
Stuart Skinner,25-26,EDM,23,1316.65,570,893,508,62,65.719265956548,3.71926595654801,-2.58027399528167,1.86049068860907,0.8912280701754386,0.8847030421814948,0.006525027993943833
Stuart Skinner,25-26,PIT,27,1605.3,695,1130,615,80,85.3478217141819,5.34782171418188,-7.54963232758027,2.51412889513209,0.8848920863309353,0.8771973788285152,0.007694707502420073
Thatcher Demko,25-26,VAN,20,1115.86666666667,514,791,461,54,57.6128891154076,3.61288911540759,-0.418001462411887,1.69768009882552,0.896887159533074,0.8879126670906466,0.008974492442427318
Thomas Milic,25-26,WPG,3,138.633333333333,62,94,54,8,6.15705551952124,-1.84294448047877,-1.53680173282011,-0.240345813278806,0.8709677419354839,0.9006926529109478,-0.029724910975463925
Trent Miner,25-26,COL,4,236.566666666667,104,163,97,8,9.65856022661319,1.65856022661319,2.84149386752756,0.483831379758058,0.9326923076923077,0.9071292285902578,0.025563079102049913
Tristan Jarry,25-26,EDM,19,962.866666666667,436,698,374,62,50.9970570135629,-11.0029429864371,-16.5491218630576,-1.18433970274794,0.8577981651376146,0.8830342729046723,-0.025236107767057647
Tristan Jarry,25-26,PIT,14,810.75,396,594,360,36,43.5889376172563,7.58893761725627,5.281072803278,2.2031797259584,0.9090909090909091,0.8899269252089487,0.01916398388196039
Ukko-Pekka Luukkonen,25-26,BUF,35,2027.76666666667,930,1410,846,85,95.7468406261939,10.7468406261939,11.9479740076983,3.71875396103007,0.9096774193548387,0.8970464079288237,0.01263101142601497
Ville Husso,25-26,ANA,20,1137.1,534,809,472,62,59.8586860429294,-2.1413139570706,-6.33309879557967,0.648412263349052,0.8838951310861424,0.8879050823166117,-0.004009951230469322
Vitek Vanecek,25-26,UTA,22,1206.25,506,744,447,59,54.0866556075634,-4.91334439243661,-6.25196252914478,0.0223004086777956,0.883399209486166,0.8931093762696376,-0.009710166783471585
Yaroslav Askarov,25-26,S.J,47,2596.48333333333,1342,1972,1185,157,142.40458989217,-14.5954101078298,-17.1030310555579,-0.255212629728951,0.88301043219076,0.8938862966526304,-0.010875864461870388
Martin Brodeur,09-10,N.J,77,4508.58333333333,2004,2655,1836,168,163.611358373261,-4.3886416267392,9.89683384777123,2.0824201323459,0.9161676646706587,0.9183576056021652,-0.0021899409315064844
Jonathan Quick,09-10,L.A,72,4261.55,1926,2789,1746,180,183.749293425257,3.74929342525672,-9.02729441576477,4.00727841877197,0.9065420560747663,0.9045953824375612,0.0019466736372051319
Craig Anderson,09-10,COL,71,4247.45,2233,3061,2047,186,203.334411214936,17.3344112149358,12.2253642625116,6.96958317071335,0.916703985669503,0.9089411503739651,0.007762835295537895
Miikka Kiprusoff,09-10,CGY,73,4244.56666666667,2035,2869,1872,163,179.170322350016,16.170322350016,17.6487309781509,6.31358258964054,0.9199017199017199,0.9119556155528177,0.007946104348902194
Henrik Lundqvist,09-10,NYR,73,4214.68333333333,2109,2970,1942,167,191.546283559824,24.5462835598239,20.2177757409928,8.14538161881503,0.9208155523944997,0.9091767266193344,0.011638825775165396
Evgeni Nabokov,09-10,S.J,71,4198.88333333333,2168,3030,1998,170,197.686445881206,27.6864458812061,22.4552573762316,8.85896111938276,0.9215867158671587,0.9088162149994437,0.012770500867715029
Ilya Bryzgalov,09-10,PHX,69,4088.31666666667,1960,2801,1804,156,180.511281934549,24.5112819345487,17.9909153401356,7.94128824659796,0.9204081632653062,0.9079024071762505,0.012505756089055686
Ryan Miller,09-10,BUF,69,4060.96666666667,2097,2885,1947,150,196.133795719058,46.1337957190579,36.1525252389103,12.3780767913482,0.9284692417739628,0.9064693391897672,0.021999902584195596
Roberto Luongo,09-10,VAN,68,3905.61666666667,1915,2611,1748,167,175.900950074164,8.90095007416389,2.99622595732632,4.8574216810861,0.9127937336814621,0.9081457179769379,0.004648015704524222
Jimmy Howard,09-10,DET,63,3752.56666666667,1849,2460,1708,141,154.005244729993,13.0052447299928,23.1373481958728,5.25494754760729,0.9237425635478637,0.9167088995511126,0.007033663996751094
Marc-Andre Fleury,09-10,PIT,66,3742.46666666667,1743,2509,1577,166,163.1559936978,-2.8440063022,-11.2723645725223,2.37126397025234,0.9047619047619048,0.9063935779129088,-0.0016316731510039872
Tomas Vokoun,09-10,FLA,63,3699.51666666667,2082,2836,1925,157,182.509567117269,25.509567117269,27.8209621113072,8.16896905241514,0.9245917387127762,0.9123393049388718,0.012252433773904392
Chris Mason,09-10,STL,61,3518.91666666667,1700,2402,1552,148,157.138088168845,9.13808816884486,2.91048779501551,4.56743821971259,0.9129411764705883,0.9075658304889146,0.005375345981673663
Niklas Backstrom,09-10,MIN,60,3497.41666666667,1632,2292,1474,158,134.74674868759,-23.2532513124096,-13.1259317167851,-2.06094219531564,0.9031862745098039,0.9174345902649571,-0.014248315755153174
Jonas Hiller,09-10,ANA,59,3345.95,1860,2576,1708,152,176.659567346409,24.6595673464092,13.1138278227817,7.90091037294285,0.9182795698924732,0.9050217379858017,0.013257831906671513
Pekka Rinne,09-10,NSH,58,3255.66666666667,1541,2084,1404,137,140.767297516965,3.76729751696459,-0.20408135757711,3.24199703015874,0.9110966904607398,0.9086519808455775,0.0024447096151622993
Steve Mason,09-10,CBJ,57,3155.43333333333,1614,2177,1451,163,129.8228687794,-33.1771312206,-19.7238074699088,-4.05707844598641,0.8990086741016109,0.9195645174848822,-0.02055584338327132
Brian Elliott,09-10,OTT,55,3037.93333333333,1424,1943,1294,130,132.8981493892,2.8981493892,-3.59027375288112,2.93414374182697,0.9087078651685393,0.9066726479008428,0.0020352172676965097
Marty Turco,09-10,DAL,52,3034.71666666667,1583,2230,1446,137,135.2862392788,-1.7137607212,3.52429539971152,2.09012002351249,0.9134554643082754,0.9145380674170562,-0.001082603108780833
Dwayne Roloson,09-10,NYI,50,2897.03333333333,1555,2161,1410,145,158.530361968032,13.5303619680324,-6.96128910514756,5.43684499557263,0.9067524115755627,0.8980512141684682,0.008701197407094519
Jeff Deslauriers,09-10,EDM,48,2808.3,1529,2196,1377,152,150.3319833286,-1.66801667140001,-16.2693318596596,2.36801191557913,0.9005886200130805,0.9016795400074559,-0.0010909199943753833
Cristobal Huet,09-10,CHI,48,2740.91666666667,1083,1490,969,114,100.1889756229,-13.8110243771,-17.8611421870578,-0.863552303444111,0.8947368421052632,0.9074894038569714,-0.012752561751708247
Antero Niittymaki,09-10,T.B,49,2660.58333333333,1387,1917,1260,127,130.917405448408,3.91740544840795,-3.87479613430204,3.09469076672887,0.9084354722422494,0.9056110991720201,0.0028243730702293135
Johan Hedberg,09-10,ATL,47,2641.93333333333,1356,1798,1241,115,127.8713116856,12.8713116856,5.37330673531827,4.76178464114231,0.9151917404129793,0.9056996226507374,0.009492117762241903
Jaroslav Halak,09-10,MTL,45,2633.25,1386,1932,1281,105,127.940586773628,22.9405867736281,18.0364329905244,6.69905038484671,0.9242424242424242,0.9076907743336018,0.016551649908822408
Cam Ward,09-10,CAR,46,2592.58333333333,1371,1901,1254,117,141.970666919935,24.970666919935,4.70486986292134,7.34030661486577,0.9146608315098468,0.8964473618381218,0.01821346967172499
Jose Theodore,09-10,WSH,47,2586.71666666667,1352,1845,1231,121,128.8096162838,7.80961628380001,-0.981776765375884,3.80535063330632,0.9105029585798816,0.9047266151747041,0.00577634340517752
Tuukka Rask,09-10,BOS,45,2575.1,1220,1642,1136,84,112.3532379057,28.3532379057,24.300467711717,7.46096132016712,0.9311475409836065,0.9079071820445082,0.02324035893909837
Tim Thomas,09-10,BOS,43,2446.46666666667,1221,1592,1117,104,103.408585043015,-0.591414956985133,4.38923858689056,1.73577494785597,0.9148239148239148,0.915308284158055,-0.0004843693341402
Carey Price,09-10,MTL,41,2366.53333333333,1243,1718,1134,109,114.265656369447,5.26565636944672,1.34219784070841,3.05609951192271,0.912308930008045,0.9080726819232123,0.0042362480848326944
Jonas Gustavsson,09-10,TOR,42,2344.7,1146,1614,1034,112,105.1326654435,-6.8673345565,-10.2685770511248,0.559934966699425,0.9022687609075044,0.9082611994384817,-0.0059924385309773065
Ondrej Pavelec,09-10,ATL,42,2330.16666666667,1353,1795,1226,127,129.445295842553,2.44529584255281,-6.89300589020235,2.78531817250235,0.9061345158906134,0.9043272018902048,0.0018073140004086774
Mike Smith,09-10,T.B,42,2282.66666666667,1166,1564,1049,117,107.1257426989,-9.8742573011,-13.4931595476541,0.0174384269186515,0.8996569468267581,0.9081254350781304,-0.008468488251372253
Antti Niemi,09-10,CHI,39,2196.75,936,1258,854,82,86.1591737849,4.15917378490001,1.08953916243208,2.34066429807924,0.9123931623931624,0.9079496006571581,0.004443561736004242
Mathieu Garon,09-10,CBJ,35,1771.91666666667,858,1209,775,83,76.2187223004,-6.7812776996,-6.83458910110393,0.0593485456003078,0.9032634032634033,0.9111669903258741,-0.007903587062470852
Brian Boucher,09-10,PHI,33,1749.35,796,1099,716,80,73.1671882889,-6.83281171110001,-9.33838336186332,-0.0051373351519035,0.8994974874371859,0.9080814217476131,-0.008583934310427144
Pascal Leclaire,09-10,OTT,34,1747.41666666667,822,1147,729,93,81.0732238254,-11.9267761746,-20.0303406073513,-0.843156241375267,0.8868613138686131,0.9013707739350365,-0.014509460066423396
Dan Ellis,09-10,NSH,31,1717.91666666667,848,1163,771,77,76.3292749703,-0.670725029699994,-1.72229785283932,1.23620615009977,0.9091981132075472,0.9099890625350235,-0.0007909493274763646
Ray Emery,09-10,PHI,29,1684.78333333333,784,1084,710,74,75.958712694,1.958712694,-4.40363386394579,1.73514243402054,0.9056122448979592,0.9031138868698979,0.0024983580280613094
Martin Biron,09-10,NYI,29,1638.51666666667,859,1175,770,89,84.3278708247731,-4.67212917522693,-12.7458182259304,0.609910062696669,0.8963911525029103,0.9018301853029417,-0.005439032800031329
Semyon Varlamov,09-10,WSH,26,1533.43333333333,718,1023,653,65,64.2502118183,-0.749788181699998,-1.26251162539933,1.00496775197857,0.9094707520891365,0.9105150253227019,-0.0010442732335653737
Manny Legace,09-10,CAR,28,1477.03333333333,745,1095,676,69,72.5677178099,3.5677178099,-2.86569799571379,1.98385826509201,0.9073825503355705,0.9025936673692617,0.0047888829663087495
Ty Conklin,09-10,STL,26,1462.78333333333,764,1050,704,60,65.8898763316,5.88987633159999,7.82094863258345,2.31090659297637,0.9214659685863874,0.9137567063722513,0.007709262214136148
Michael Leighton,09-10,PHI,27,1443.56666666667,735,1039,675,60,67.0683712567215,7.06837125672153,5.24659325255082,2.55857431473942,0.9183673469387755,0.9087505152969775,0.009616831641798051
Vesa Toskala,09-10,TOR,26,1399.86666666667,676,984,591,85,71.1270389875,-13.8729610125,-24.9908883826879,-1.39524043766254,0.8742603550295858,0.8947824867048817,-0.02052213167529593
Josh Harding,09-10,MIN,25,1302.3,692,917,626,66,61.5187534206,-4.4812465794,-4.57055437991133,0.23866479756422,0.9046242774566474,0.9111000673112717,-0.00647578985462427
Chris Osgood,09-10,DET,23,1254.78333333333,561,785,498,63,53.1022937548,-9.8977062452,-13.1995390276449,-0.953292136227573,0.8877005347593583,0.9053435048934045,-0.017642970134046254
Scott Clemmensen,09-10,FLA,23,1215.45,668,919,609,59,58.7107394098556,-0.289260590144373,0.298944615923744,0.994438962842692,0.9116766467065869,0.9121096715421323,-0.0004330248355454147
Alex Auld,09-10,DAL,21,1187.4,558,809,499,59,47.1503835469,-11.8496164531,-9.46585165316549,-1.43503861768485,0.8942652329749103,0.9155011047546595,-0.02123587177974917
Brent Johnson,09-10,PIT,23,1109.35,541,734,490,51,51.5544414247,0.554441424700002,-2.97495653111564,1.02866609133657,0.9057301293900185,0.9047052838730129,0.001024845517005657
Jean-Sebastien Giguere,09-10,ANA,20,1108.35,580,844,522,58,55.3763581248,-2.6236418752,-6.51289239934764,0.485969609982984,0.9,0.9045235204744827,-0.0045235204744826785
Nikolai Khabibulin,09-10,EDM,18,1095.01666666667,602,816,547,55,55.7090105309651,0.709010530965053,-1.5599331455298,1.13269064426955,0.9086378737541528,0.907460115397068,0.0011777583570848904
Devan Dubnyk,09-10,EDM,19,1078.45,579,850,515,64,55.4468439489,-8.5531560511,-12.6016632745212,-0.65284167763839,0.8894645941278065,0.9042368843715026,-0.014772290243696085
Andrew Raycroft,09-10,VAN,21,962.083333333333,437,623,398,39,40.9834506317694,1.98345063176938,-0.207127549163658,1.11435807404498,0.9107551487414187,0.9062163601103674,0.004538788631051283
Jason LaBarbera,09-10,PHX,17,931.783333333333,459,627,426,33,38.9872956424,5.9872956424,7.74583170465419,1.8484785268862,0.9281045751633987,0.9150603580775599,0.013044217085838805
Jean-Sebastien Giguere,09-10,TOR,15,916.633333333333,451,643,413,38,46.7195954540457,8.71959545404567,2.03566470326588,2.51211376153784,0.9157427937915743,0.8964088792593222,0.019333914532252083
Michal Neuvirth,09-10,WSH,17,874.183333333333,464,644,424,40,43.2725080427,3.2725080427,1.18968608052188,1.40314639401236,0.9137931034482759,0.9067402843907327,0.00705281905754318
Patrick Lalime,09-10,BUF,16,855.5,432,602,392,40,42.8591558603844,2.85915586038438,-1.65098192503135,1.31627797303097,0.9074074074074074,0.900788991063925,0.0066184163434824805
Peter Budaj,09-10,COL,15,728.333333333333,386,545,354,32,32.8112397025,0.811239702499996,2.26555781698588,0.742814334443697,0.917098445595855,0.9149967883354921,0.0021016572603628214
Thomas Greiss,09-10,S.J,15,725.4,379,508,346,33,34.7559500425,1.7559500425,0.644161690771107,0.959236068238159,0.9129287598944591,0.9082956463258576,0.004633113568601521
Kari Lehtonen,09-10,DAL,12,665.083333333333,350,488,319,31,34.2608364723256,3.26083647232562,0.0698063107384889,1.23972643937401,0.9114285714285715,0.9021118957933555,0.009316675635215987
Erik Ersberg,09-10,L.A,11,554.833333333333,234,333,212,22,22.158513545,0.158513544999998,-1.22761520939198,0.426787709539383,0.905982905982906,0.9053054976709402,0.0006774083119658325
Curtis McElhinney,09-10,ANA,10,516.383333333333,286,391,262,24,26.6030722242045,2.60307222420454,1.38847029963202,0.976296731299361,0.916083916083916,0.906982264950334,0.009101651133582078
Curtis McElhinney,09-10,CGY,10,505.866666666667,235,332,208,27,19.6173295134,-7.3826704866,-6.13884433421844,-1.06861082319129,0.8851063829787233,0.9165220020706383,-0.031415619091914926
Justin Peters,09-10,CAR,9,488,241,370,218,23,26.3059320508,3.3059320508,-1.60621908317721,1.10612167274058,0.9045643153526971,0.8908467549759336,0.013717560376763527
Yann Danis,09-10,N.J,12,467.45,207,304,191,16,20.3219038569,4.3219038569,2.37557116092248,1.1944375568999,0.9227053140096618,0.901826551415942,0.02087876259371979
Rick DiPietro,09-10,NYI,7,408,173,254,157,16,15.4716201137,-0.5283798863,-0.642638594977832,0.175121564123106,0.9075144508670521,0.9105686698630058,-0.003054218995953706
Michael Leighton,09-10,CAR,7,353.733333333333,164,231,139,25,18.6433379423,-6.3566620577,-10.4415764715397,-0.888759513763279,0.8475609756097561,0.8863211101079268,-0.03876013449817073
Joey MacDonald,09-10,TOR,6,318.816666666667,157,222,140,17,13.3652034805,-3.6347965195,-3.06297259775445,-0.459825143844527,0.89171974522293,0.9148713154108281,-0.02315157018789815
Steve Valiquette,09-10,NYR,6,304.816666666667,128,188,109,19,13.4851488843,-5.5148511157,-7.63732797778707,-0.819159337777819,0.8515625,0.8946472743414062,-0.04308477434140623
Chad Johnson,09-10,NYR,5,282.266666666667,135,182,124,11,12.4439301329,1.4439301329,0.984068148427703,0.500188082658394,0.9185185185185185,0.9078227397562963,0.010695778762222163
Vesa Toskala,09-10,CGY,6,211.916666666667,97,127,89,8,8.0979517255,0.0979517254999997,0.610774891833239,0.163667008841242,0.9175257731958762,0.9165159615927836,0.0010098116030926585
Jonathan Bernier,09-10,L.A,3,190,94,146,90,4,8.9064688807,4.9064688807,4.34446226631262,1.10266456918868,0.9574468085106383,0.905250331056383,0.052196477454255374
Mike Brodeur,09-10,OTT,3,179.883333333333,87,122,84,3,7.5092899515,4.5092899515,4.72306614009785,1.00130981974509,0.9655172413793104,0.9136863223965518,0.0518309189827586
Alex Auld,09-10,NYR,3,119.216666666667,52,70,47,5,4.3080701504,-0.6919298496,-0.383914490975996,-0.0559870063238047,0.9038461538461539,0.9171524971076923,-0.013306343261538456
Wade Dubielewicz,09-10,MIN,3,100.516666666667,34,51,29,5,2.2492489596,-2.7507510404,-1.98179024409969,-0.488660531659798,0.8529411764705882,0.9338456188352942,-0.08090444236470595
Cam Ward,10-11,CAR,74,4325.53333333333,2375,3394,2191,184,216.38821618756,32.38821618756,22.8999637744355,10.2672309594789,0.9225263157894736,0.9088891721315537,0.013637143657919903
Carey Price,10-11,MTL,72,4208.13333333333,2147,2904,1982,165,189.0004129302,24.0004129302,22.0375672520897,8.12931368136686,0.9231485794131346,0.9119699986352119,0.011178580777922664
Miikka Kiprusoff,10-11,CGY,71,4159.93333333333,1935,2705,1753,182,155.712314689717,-26.2876853102831,-13.4309768827231,-2.30755705133593,0.9059431524547804,0.9195285195401979,-0.013585367085417466
Kari Lehtonen,10-11,DAL,69,4131.21666666667,2043,2866,1868,175,176.889745131939,1.88974513193878,2.97752673312496,3.58635855841674,0.9143416544297601,0.913416669049467,0.0009249853802931751
Ilya Bryzgalov,10-11,PHX,68,4073.35,2125,3031,1957,168,187.0201313499,19.0201313499,17.1210202192318,7.11963830429726,0.9209411764705883,0.9119905264235764,0.008950650047011899
Henrik Lundqvist,10-11,NYR,68,4014.43333333333,1965,2693,1813,152,159.245932305853,7.24593230585299,19.1824963439014,4.31264209201355,0.92264631043257,0.9189588130759019,0.003687497356668068
Ryan Miller,10-11,BUF,66,3837.31666666667,1964,2712,1799,165,169.980040539627,4.98004053962663,6.09538056968057,4.06486238580808,0.9159877800407332,0.9134521178515137,0.002535662189219523
Pekka Rinne,10-11,NSH,64,3798.05,1905,2587,1771,134,157.1834661375,23.1834661375,31.9555498906525,7.39097659002888,0.9296587926509187,0.9174889941535432,0.012169798497375428
Marc-Andre Fleury,10-11,PIT,65,3706.06666666667,1742,2349,1599,143,147.0212711035,4.0212711035,8.75567869265964,3.45989279583232,0.917910447761194,0.915602025772962,0.002308421988232001
Jimmy Howard,10-11,DET,63,3616.51666666667,1830,2499,1662,168,157.0469952556,-10.9530047444,-8.57813317590862,0.714697889417986,0.9081967213114754,0.9141819698056831,-0.005985248494207673
Jonathan Quick,10-11,L.A,61,3601.06666666667,1631,2348,1497,134,137.9928170143,3.99281701429999,8.08582775414919,3.29013896762453,0.917841814837523,0.9153937357361741,0.002448079101348921
Roberto Luongo,10-11,VAN,60,3599.51666666667,1753,2365,1627,126,153.976384972611,27.9763849726106,26.7139522090886,8.2696848233254,0.9281232173416999,0.9121640701810548,0.01595914716064506
Antti Niemi,10-11,S.J,60,3533.23333333333,1741,2388,1601,140,138.6634786914,-1.3365213086,11.6685629184389,2.26043170758132,0.919586444572085,0.92035411907444,-0.0007676745023549314
Tim Thomas,10-11,BOS,57,3366.03333333333,1811,2434,1699,112,151.6479535806,39.6479535806,45.7666671138959,10.5091716963828,0.9381557150745444,0.9162628638428493,0.021892851231695154
Corey Crawford,10-11,CHI,57,3348.01666666667,1545,2110,1417,128,135.680860879112,7.68086087911243,6.59387117115909,3.96911905736936,0.9171521035598705,0.912180672570154,0.00497143098971653
Jaroslav Halak,10-11,STL,57,3307.43333333333,1518,2174,1382,136,136.2032144856,0.2032144856,-3.7582547328029,2.51671309729348,0.9104084321475626,0.9102745622624506,0.00013386988511199238
Tomas Vokoun,10-11,FLA,57,3243.71666666667,1753,2363,1616,137,148.6302306912,11.6302306912,15.7139522090886,4.97673087607397,0.9218482601254991,0.9152137873980605,0.006634472727438667
Ondrej Pavelec,10-11,ATL,58,3228.36666666667,1705,2305,1558,147,153.2751786633,6.27517866330001,1.53239504648951,4.01427264494506,0.9137829912023461,0.9101025345083285,0.0036804566940176198
Martin Brodeur,10-11,N.J,56,3119.6,1313,1765,1186,127,103.7694633053,-23.2305366947,-12.61698844807,-2.65450380069134,0.9032749428789033,0.9209676593257426,-0.01769271644683934
Steve Mason,10-11,CBJ,54,3031.73333333333,1541,2054,1388,153,124.7294404502,-28.2705595498,-18.7545919257242,-3.25866855115608,0.9007138221933809,0.9190594156715121,-0.01834559347813114
Sergei Bobrovsky,10-11,PHI,54,3024.7,1527,2127,1397,130,141.0928530016,11.0928530016,3.02578723518445,4.73459737403599,0.9148657498362803,0.9076012750480682,0.0072644747882121274
Niklas Backstrom,10-11,MIN,51,2983.45,1566,2169,1434,132,131.7017958382,-0.298204161799987,4.42330242979622,2.33682149079721,0.9157088122605364,0.915899236374074,-0.0001904241135376461
Nikolai Khabibulin,10-11,EDM,47,2710.46666666667,1389,1975,1236,153,137.169850282541,-15.8301497174594,-31.996189607288,-0.600285275474336,0.8898488120950324,0.9012456081479185,-0.011396796052886127
Michal Neuvirth,10-11,WSH,48,2700.01666666667,1283,1773,1173,110,110.883233338303,0.883233338303242,1.76953832530559,2.18919136169523,0.9142634450506625,0.9135750324720944,0.0006884125785681094
Jonas Hiller,10-11,ANA,49,2673.61666666667,1493,2108,1379,114,131.5755482551,17.5755482551,16.0638509116767,5.82890530852706,0.9236436704621568,0.9118717024413263,0.01177196802083047
Peter Budaj,10-11,COL,45,2450,1234,1762,1104,130,111.488157277386,-18.5118427226138,-22.4991346115144,-1.59161125217046,0.8946515397082658,0.9096530330004975,-0.01500149329223166
Brian Elliott,10-11,OTT,43,2294.9,1147,1579,1025,122,103.498818922,-18.501181078,-22.0782069687252,-1.73482052051251,0.8936355710549259,0.9097656330235396,-0.016130061968613774
James Reimer,10-11,TOR,37,2082.83333333333,1134,1600,1044,90,97.5251241904,7.52512419040001,8.78928796640416,3.24477392833512,0.9206349206349206,0.9139990086504409,0.006635911984479659
Devan Dubnyk,10-11,EDM,35,2065.56666666667,1103,1521,1010,93,104.0387758407,11.0387758407,3.08869896555889,4.05016174848304,0.915684496826836,0.9056765404889392,0.01000795633789675
Dwayne Roloson,10-11,T.B,34,1994.4,967,1342,882,85,77.1666211708,-7.8333788292,-0.759046328471939,-0.12810454489187,0.9120992761116856,0.9201999781067218,-0.008100701995036208
Mathieu Garon,10-11,CBJ,36,1939.56666666667,887,1228,799,88,74.5705651606,-13.4294348394,-10.7283082661371,-1.26936436878436,0.9007891770011274,0.9159294643059751,-0.015140287304847733
Brian Boucher,10-11,PHI,34,1894.2,902,1298,826,76,79.0581711949,3.0581711949,2.57842834717509,2.03563037014947,0.9157427937915743,0.912352360094346,0.0033904336972283566
Craig Anderson,10-11,COL,33,1811.61666666667,957,1299,858,99,79.9760080129254,-19.0239919870746,-15.6302040706801,-2.26481635328784,0.896551724137931,0.9164305036437561,-0.01987877950582506
Jose Theodore,10-11,MIN,32,1792.9,963,1335,882,81,82.318474226,1.31847422600001,2.8924905746448,1.75480534756982,0.9158878504672897,0.9145187183530633,0.0013691321142264012
Johan Hedberg,10-11,N.J,34,1724.6,777,1037,709,68,64.113238466637,-3.886761533363,-0.311043430426778,0.406084558037559,0.9124839124839125,0.9174861795796178,-0.005002267095705282
Scott Clemmensen,10-11,FLA,31,1702.11666666667,834,1214,760,74,70.4897340201,-3.5102659799,-1.34544429984032,0.59565331503597,0.9112709832134293,0.9154799352276978,-0.004208952014268519
Chris Mason,10-11,ATL,33,1685.43333333333,882,1186,787,95,79.4531524435,-15.5468475565,-18.1638871372412,-1.59453134259283,0.8922902494331065,0.9099170607216553,-0.017626811288548816
Dan Ellis,10-11,T.B,31,1683.91666666667,739,1064,657,82,65.1596447357,-16.8403552643,-17.6214428508177,-2.10735744927816,0.8890392422192152,0.9118272737,-0.022788031480784898
Marty Turco,10-11,CHI,29,1637.65,799,1058,717,82,64.3789560576,-17.6210439424,-12.3944963975688,-2.27418231705542,0.8973717146433041,0.9194255869116396,-0.02205387226833544
Jean-Sebastien Giguere,10-11,TOR,33,1633.01666666667,777,1140,699,78,72.7832520541,-5.2167479459,-10.3110434304268,0.303740041778881,0.8996138996138996,0.9063278609342342,-0.006713961320334638
Tuukka Rask,10-11,BOS,29,1601.13333333333,866,1175,795,71,74.0354021891,3.0354021891,4.44226047522575,1.93983515800659,0.918013856812933,0.9145087734536952,0.003505083359237826
Semyon Varlamov,10-11,WSH,27,1565.73333333333,759,1089,701,58,67.0095899365,9.00958993650001,8.12087263359855,2.98003827714515,0.9235836627140975,0.9117133202417655,0.011870342472331985
Rick DiPietro,10-11,NYI,26,1536.38333333333,773,1117,685,88,78.7661896334,-9.2338103666,-20.65950652731,-0.372804039997023,0.8861578266494179,0.8981032475635188,-0.01194542091410089
Antero Niittymaki,10-11,S.J,24,1418.58333333333,615,871,551,64,54.4959571504974,-9.50404284950261,-10.4237988541988,-0.867012492857097,0.8959349593495934,0.9113886875601669,-0.015453728210573447
Jonathan Bernier,10-11,L.A,25,1379.66666666667,652,900,595,57,53.0392043675,-3.9607956325,-0.200515208028648,0.190218879354001,0.9125766871165644,0.9186515270437117,-0.006074839927147302
Cory Schneider,10-11,VAN,25,1372.93333333333,714,995,663,51,69.6017551728495,18.6017551728495,11.2006627936619,4.9024803692842,0.9285714285714286,0.9025185501780819,0.02605287839334669
Brent Johnson,10-11,PIT,23,1298.98333333333,604,870,557,47,52.4499111372,5.4499111372,5.61792762937223,2.01932739635311,0.9221854304635762,0.9131623987794701,0.009023031684106009
Ty Conklin,10-11,STL,25,1292.63333333333,583,778,514,69,45.9151814868,-23.0848185132,-18.2115036292649,-3.67815010099554,0.8816466552315609,0.9212432564548886,-0.03959660122332764
Jonas Gustavsson,10-11,TOR,23,1246.33333333333,620,877,552,68,53.6744877841,-14.3255122159,-13.9882199830947,-1.82456544525471,0.8903225806451613,0.9134282455095161,-0.023105664864354725
Dwayne Roloson,10-11,NYI,20,1208.65,629,908,576,53,57.4193401214,4.4193401214,1.7958219848926,1.90822099184876,0.9157392686804452,0.9087132907449921,0.0070259779354531204
Mike Smith,10-11,T.B,22,1204.28333333333,576,791,518,58,45.8866858482,-12.1133141518,-7.82131404881059,-1.53370168150067,0.8993055555555556,0.9203356148468749,-0.021030059291319292
Al Montoya,10-11,NYI,20,1156.33333333333,585,842,539,46,60.2976392722,14.2976392722,4.96272791917675,3.89180685843189,0.9213675213675213,0.8969271123552136,0.024440409012307707
Anders Lindback,10-11,NSH,22,1132.01666666667,576,806,527,49,45.8868359348,-3.1131640652,1.17868595118941,0.225861182198413,0.9149305555555556,0.920335354279861,-0.005404798724305437
Craig Anderson,10-11,OTT,18,1055.71666666667,589,794,553,36,51.4027270637,15.4027270637,15.31119101606,3.94609293120309,0.9388794567062818,0.9127288165302206,0.02615064017606117
Curtis McElhinney,10-11,ANA,21,997.366666666667,516,765,459,57,51.0090552606,-5.9909447394,-12.0482605020595,-0.243602393872314,0.8895348837209303,0.9011452417430232,-0.011610358022092981
Martin Biron,10-11,NYR,17,931.65,426,584,393,33,33.1600404582,0.160040458200001,4.11131981806717,0.63433508104758,0.9225352112676056,0.9221595294408451,0.00037568182676051
Jason LaBarbera,10-11,PHX,17,882.633333333333,529,710,481,48,48.0535602023,0.0535602022999981,-1.91575543718888,0.884370536058986,0.9092627599243857,0.9091615119049149,0.00010124801947075657
Andrew Raycroft,10-11,DAL,19,847.166666666667,446,600,406,40,38.5104454386094,-1.48955456139056,-1.14636469751653,0.409135773890578,0.9103139013452914,0.9136537097789027,-0.0033398084336112577
Henrik Karlsson,10-11,CGY,17,838.8,391,538,355,36,30.9274083942993,-5.07259160570074,-1.93773227966135,-0.429264910584992,0.907928388746803,0.9209017688125338,-0.012973380065730789
Jhonas Enroth,10-11,BUF,14,770.466666666667,377,549,342,35,33.4440073884,-1.5559926116,-2.15735311875276,0.304008951383761,0.9071618037135278,0.911289105070557,-0.004127301357029212
Pascal Leclaire,10-11,OTT,14,765.666666666667,391,544,355,36,36.9032303167,0.903230316700004,-1.93773227966135,0.847704680534463,0.907928388746803,0.9056183367859335,0.0023100519608695302
Alex Auld,10-11,MTL,16,748.583333333333,383,549,350,33,37.3034216262,4.3034216262,0.365341526572131,1.51973157121397,0.9138381201044387,0.9026020323075717,0.011236087796866912
Braden Holtby,10-11,WSH,14,735.983333333333,332,453,310,22,28.6122012968,6.6122012968,6.92243704131057,1.81304785356724,0.9337349397590361,0.9138186707927711,0.01991626896626497
Dan Ellis,10-11,ANA,13,729.466666666667,348,487,319,29,27.2308725669946,-1.76912743300539,1.3162894288436,0.14934864546195,0.9166666666666666,0.9217503661867971,-0.005083699520130436
Joey MacDonald,10-11,DET,15,722.033333333333,372,510,341,31,29.4081738613,-1.5918261387,1.40706801014316,0.223607933533065,0.9166666666666666,0.9209457691900538,-0.004279102523387146
Brian Elliott,10-11,COL,12,691.883333333333,404,559,360,44,37.7951296294,-6.2048703706,-8.80522721479075,-0.525733292293815,0.8910891089108911,0.9064476989371287,-0.015358590026237628
Justin Peters,10-11,CAR,12,648.283333333333,343,475,300,43,32.855205687,-10.144794313,-13.1192894422605,-1.38583908069638,0.8746355685131195,0.9042122283177841,-0.029576659804664618
Chris Osgood,10-11,DET,11,630.866666666667,298,401,269,29,24.6498627808,-4.3501372192,-3.03949928219714,-0.402185696449657,0.9026845637583892,0.917282339661745,-0.014597775903355759
Ray Emery,10-11,ANA,10,528.6,272,407,252,20,21.7936976923,1.7936976923,3.69549058806167,0.747012991639855,0.9264705882352942,0.9198761114253677,0.0065944768099264195
Kevin Poulin,10-11,NYI,10,492.25,262,350,242,20,23.2946566192177,3.29465661921773,2.82433284585352,1.06775195141515,0.9236641221374046,0.9110890968732148,0.012575025264189743
Curtis McElhinney,10-11,OTT,7,399.266666666667,205,278,188,17,18.4624710705,1.4624710705,0.858733715267068,0.621675554549423,0.9170731707317074,0.9099391655097562,0.0071340052219511785
Nathan Lawson,10-11,NYI,10,384.316666666667,243,324,217,26,25.3956428679705,-0.604357132029509,-4.83086686434197,0.343689840633306,0.8930041152263375,0.8954911816132901,-0.002487066386952619
Ben Bishop,10-11,STL,7,370.616666666667,168,226,151,17,13.9308775321,-3.0691224679,-2.36454993090309,-0.346677790478879,0.8988095238095238,0.9170781099279762,-0.01826858611845239
Patrick Lalime,10-11,BUF,7,368,163,246,145,18,16.2624421132797,-1.73755788672033,-3.80012880200716,-0.043950657304377,0.8895705521472392,0.9002304164829467,-0.010659864335707425
Robin Lehner,10-11,OTT,8,341.883333333333,178,244,158,20,15.6571353431,-4.3428646569,-4.49339218869494,-0.564305119189798,0.8876404494382022,0.9120385654882022,-0.024398116049999974
Mikko Koskinen,10-11,NYI,4,207.85,118,161,103,15,10.6980798148,-4.3019201852,-4.72033864194383,-0.646485438792628,0.8728813559322034,0.9093383066542373,-0.03645695072203392
Anton Khudobin,10-11,MIN,4,188.733333333333,86,118,81,5,7.0867002204,2.0867002204,2.49195658299009,0.536835362507272,0.9418604651162791,0.9175965090651163,0.024263956051162827
Martin Gerber,10-11,EDM,3,185,95,127,91,4,10.6312434554,6.6312434554,4.27599855097742,1.48976997642618,0.9578947368421052,0.8880921741536842,0.069802562688421
Cedrick Desjardins,10-11,T.B,2,120.316666666667,63,83,61,2,4.426324402,2.426324402,3.48829377591134,0.554851607511788,0.9682539682539683,0.9297408825079365,0.03851308574603174
Mike McKenna,10-11,N.J,2,117.866666666667,56,79,50,6,4.947598232,-1.052401768,-1.12151664363436,-0.115771404076413,0.8928571428571429,0.9116500315714287,-0.01879288871428575
Jonas Hiller,11-12,ANA,73,4266.16666666667,2021,2889,1839,182,175.350633216692,-6.64936678330761,-7.26187864996035,1.93664907310714,0.9099455714992578,0.9132357084528986,-0.0032901369536407765
Pekka Rinne,11-12,NSH,73,4173.83333333333,2153,2956,1987,166,167.285596537493,1.28559653749332,20.1510021111506,3.3767662763889,0.9228982814677195,0.9223011627786842,0.0005971186890352254
Miikka Kiprusoff,11-12,CGY,70,4139.55,2041,2901,1879,162,173.178738187068,11.1787381870684,14.4673457077837,5.46963622542064,0.9206271435570799,0.9151500547834062,0.0054770887736736995
Jonathan Quick,11-12,L.A,69,4111.28333333333,1863,2737,1730,133,165.063544327171,32.0635443271711,28.0772489238614,9.50449729382907,0.9286097691894794,0.9113990636998546,0.017210705489624778
Cam Ward,11-12,CAR,68,3995.98333333333,2143,3020,1961,182,196.488222725435,14.4882227254347,3.28638993227855,6.56760344530552,0.9150723285114326,0.908311608620889,0.0067607198905436094
Carey Price,11-12,MTL,65,3957.65,1914,2655,1754,160,163.6925748484,3.6925748484,5.48677103610879,3.7922305931907,0.9164054336468129,0.9144761886894461,0.0019292449573667936
Antti Niemi,11-12,S.J,68,3949.65,1865,2639,1706,159,147.3330632346,-11.6669367654,2.2501713596358,0.408528167805663,0.914745308310992,0.9210010384801072,-0.006255730169115181
Ondrej Pavelec,11-12,WPG,68,3946.33333333333,2036,2827,1845,191,188.373496321048,-2.62650367895225,-14.9649603816523,2.98581006166679,0.906188605108055,0.9074786363845541,-0.0012900312764990707
Marc-Andre Fleury,11-12,PIT,67,3911.58333333333,1768,2450,1615,153,154.0495463357,1.0495463357,-0.136566775423006,3.08266281518608,0.9134615384615384,0.9128679036562783,0.0005936348052600904
Mike Smith,11-12,PHX,67,3906.08333333333,2066,2899,1922,144,182.6188516221,38.6188516221,34.6288761549638,11.1457723614818,0.9303000968054211,0.9116075258363504,0.018692570969070732
Henrik Lundqvist,11-12,NYR,62,3758.88333333333,1753,2498,1630,123,142.2849605031,19.2849605031,28.5665149562689,6.51843339793704,0.9298345693097547,0.9188334509394752,0.011001118370279506
Ryan Miller,11-12,BUF,61,3545.15,1788,2448,1638,150,154.3422571758,4.3422571758,4.59265758232107,3.74811463414736,0.9161073825503355,0.9136788270828858,0.002428555467449689
Kari Lehtonen,11-12,DAL,59,3506.83333333333,1739,2454,1603,136,147.96920866609,11.9692086660905,14.3560579058481,5.15804117243412,0.921794134560092,0.9149113233662507,0.006882811193841265
Craig Anderson,11-12,OTT,63,3495.75,1917,2591,1752,165,169.3018977505,4.30189775049999,0.746154689770407,4.01895103732679,0.9139280125195618,0.9116839344024517,0.0022440781171101376
Ilya Bryzgalov,11-12,PHI,59,3424.9,1554,2203,1413,141,139.4042110039,-1.5957889961,-6.63926740328472,2.27936344602697,0.9092664092664092,0.9102933005122908,-0.0010268912458816226
Martin Brodeur,11-12,N.J,59,3405.46666666667,1472,1935,1336,136,118.661023315,-17.338976685,-8.72908727003545,-1.26297807560732,0.907608695652174,0.9193878917697011,-0.011779196117527202
Jimmy Howard,11-12,DET,57,3370.05,1496,2018,1377,119,127.5609607305,8.5609607305,10.3459819592574,4.09437197351365,0.9204545454545454,0.9147319781213236,0.005722567333221851
Tim Thomas,11-12,BOS,59,3361.61666666667,1659,2197,1527,132,129.393968262313,-2.60603173768681,11.4391604748717,1.89022603465746,0.9204339963833634,0.9220048413126505,-0.0015708449292870519
Corey Crawford,11-12,CHI,57,3230.73333333333,1507,2011,1361,146,125.4831464356,-20.5168535644,-15.7029446439833,-1.77275467888809,0.9031187790311878,0.9167331476870604,-0.013614368655872622
Roberto Luongo,11-12,VAN,55,3166.21666666667,1577,2070,1450,127,139.9655552377,12.9655552377,9.349340608121,5.20851980854769,0.9194673430564363,0.9112456846939124,0.008221658362523865
Semyon Varlamov,11-12,COL,53,3161.63333333333,1564,2185,1428,136,137.958452854435,1.95845285443536,-0.774655224412669,2.96482262327927,0.9130434782608695,0.9117912705534302,0.001252207707439279
Jose Theodore,11-12,FLA,53,3059.51666666667,1502,2040,1377,125,126.168900638,1.168900638,4.86474926658067,2.58674498306886,0.9167776298268975,0.9159994003741678,0.0007782294527296507
Jaroslav Halak,11-12,STL,46,2750.23333333333,1210,1700,1120,90,103.7295599529,13.7295599529,14.6180736435171,4.68602883409089,0.9256198347107438,0.9142730909480166,0.011346743762727263
Devan Dubnyk,11-12,EDM,47,2662.5,1380,1893,1262,118,131.9690085925,13.9690085925,1.31648068434177,5.26055544285514,0.9144927536231884,0.9043702836286233,0.01012246999456512
Niklas Backstrom,11-12,MIN,46,2594.2,1299,1865,1194,105,109.3212561822,4.3212561822,7.31312203547823,2.90447781594688,0.9191685912240185,0.9158419890822171,0.0033266021418013603
Tomas Vokoun,11-12,WSH,48,2588.36666666667,1299,1805,1191,108,107.8759749062,-0.1240250938,4.31312203547823,1.98651370852479,0.9168591224018475,0.9169545997642802,-0.00009547736243264993
Steve Mason,11-12,CBJ,46,2537.7,1355,1744,1212,143,97.6820981651,-45.3179018349,-25.8450497628383,-7.2622580657185,0.8944649446494465,0.9279098906530628,-0.03344494600361636
Mathieu Garon,11-12,T.B,48,2487.33333333333,1192,1690,1074,118,101.877600072,-16.122399928,-14.9382282784526,-1.33205720088943,0.9010067114093959,0.914532214704698,-0.01352550329530211
Evgeni Nabokov,11-12,NYI,42,2382.35,1172,1691,1071,101,106.9018682173,5.90186821730001,0.3325473638033,3.17618715694142,0.9138225255972696,0.9087868018623719,0.00503572373489769
Jonas Gustavsson,11-12,TOR,42,2304.7,1147,1638,1035,112,105.1799715335,-6.82002846650001,-12.8289830833768,0.594092667146113,0.902353966870096,0.9082999376342632,-0.005945970764167252
Nikolai Khabibulin,11-12,EDM,40,2273.71666666667,1114,1569,1014,100,109.4452701505,9.44527015049999,-3.68220327365455,3.93385241690965,0.9102333931777379,0.9017546946584382,0.008478698519299721
Brian Elliott,11-12,STL,38,2236.81666666667,972,1363,914,58,75.4244574996265,17.4244574996265,26.0403037863625,4.89888226065967,0.9403292181069959,0.9224028215024419,0.017926396604553974
Dwayne Roloson,11-12,T.B,40,2110.6,1126,1561,998,128,106.2215939684,-21.7784060316,-30.6446686590081,-2.38475774357848,0.8863232682060391,0.9056646589978685,-0.019341390791829394
Michal Neuvirth,11-12,WSH,38,2021.55,976,1362,881,95,78.8106060192,-16.1893939808,-10.6138513420887,-1.77557518894839,0.9026639344262295,0.9192514282590164,-0.016587493832786904
Curtis Sanford,11-12,CBJ,36,1990.01666666667,971,1323,885,86,76.1062637856,-9.89373621439999,-2.04615743152475,-0.564090548010808,0.9114315139031925,0.9216207376049433,-0.010189223701750794
James Reimer,11-12,TOR,34,1883.08333333333,974,1372,877,97,89.9435214309,-7.05647856909999,-12.7867737778631,0.262611113630852,0.9004106776180698,0.9076555221448666,-0.007244844526796745
Josh Harding,11-12,MIN,34,1864.2,981,1368,900,81,83.9136238298,2.9136238298,3.8184547473473,2.14859922418218,0.9174311926605505,0.9144611377881753,0.0029700548723752274
Cory Schneider,11-12,VAN,33,1835.91666666667,945,1223,885,60,81.5512213146,21.5512213146,21.7058509034079,5.84028978365478,0.9365079365079365,0.9137024113073017,0.022805525200634835
Jean-Sebastien Giguere,11-12,COL,32,1825.11666666667,850,1209,781,69,75.3014653983346,6.30146539833457,4.49203520412355,2.66708571586095,0.9188235294117647,0.9114100407078417,0.007413488703922999
Ray Emery,11-12,CHI,34,1780.56666666667,834,1187,751,83,77.2358448389152,-5.7641551610848,-10.8913442820717,0.284707994154106,0.9004796163069544,0.907391073334634,-0.006911457027679591
Al Montoya,11-12,NYI,31,1722.9,832,1138,743,89,81.0973565697164,-7.90264343028362,-17.0642667178461,-0.0719338570101378,0.8930288461538461,0.9025272156613986,-0.009498369507552451
Johan Hedberg,11-12,N.J,27,1592.01666666667,718,965,659,59,60.5232799015276,1.52327990152764,3.0791544430126,1.43379876729536,0.9178272980501393,0.915705738298708,0.0021215597514312456
Scott Clemmensen,11-12,FLA,30,1565.86666666667,773,1047,706,67,58.6759127841,-8.3240872159,-0.165478573191166,-0.574461653856859,0.9133247089262613,0.9240932564241915,-0.010768547497930214
Sergei Bobrovsky,11-12,PHI,29,1551.55,769,1094,691,78,75.7989998664,-2.2010001336,-11.51132344474,0.972119925562555,0.8985695708712613,0.9014317296925878,-0.002862158821326455
Jhonas Enroth,11-12,BUF,26,1400.33333333333,756,1065,693,63,65.4598385587,2.4598385587,2.36468072272636,1.71356681297858,0.9166666666666666,0.9134129119593916,0.0032537547072750694
Tuukka Rask,11-12,BOS,23,1292.08333333333,621,848,577,44,50.8939281829,6.8939281829,9.69241630795379,2.3307551473422,0.92914653784219,0.9180452042143317,0.011101333627858367
Martin Biron,11-12,NYR,21,1222.35,519,715,469,50,43.4116892995,-6.5883107005,-5.12662791654103,-0.511146032102416,0.9036608863198459,0.9163551265905588,-0.012694240270712975
Thomas Greiss,11-12,S.J,19,1046.85,472,614,432,40,33.3184885436,-6.6815114564,0.809694842760372,-0.718017430275538,0.9152542372881356,0.9294099818991526,-0.014155744611016985
Peter Budaj,11-12,MTL,17,1040.21666666667,508,724,464,44,43.3581419936,-0.6418580064,-0.077701313300281,0.679768312402595,0.9133858267716536,0.914649326784252,-0.0012635000125984508
Jason LaBarbera,11-12,PHX,19,1017.46666666667,486,694,443,43,42.6822490278646,-0.317750972135357,-0.979848106818771,0.732130454366075,0.911522633744856,0.9121764423294967,-0.0006538085846407027
Chris Mason,11-12,WPG,20,999.683333333333,422,645,379,43,42.1816801803738,-0.818319819626154,-6.51336605159984,0.622462722768057,0.8981042654028436,0.9000434118948488,-0.001939146492005217
Richard Bachman,11-12,DAL,18,939,477,649,434,43,37.5705200333,-5.4294799667,-1.75799906780361,-0.387778877163039,0.909853249475891,0.9212358070580713,-0.01138255758218032
Jonathan Bernier,11-12,L.A,16,893.5,383,535,348,35,32.9480139617,-2.0519860383,-1.8853535492008,0.203021548377817,0.9086161879895561,0.9139738538859008,-0.005357665896344677
Brent Johnson,11-12,PIT,16,815,359,497,317,42,33.6529092211,-8.3470907789,-10.9604227784937,-1.04563241179362,0.883008356545961,0.9062593057908078,-0.02325094924484683
Ty Conklin,11-12,DET,15,810.816666666667,378,521,334,44,34.4269910685,-9.5730089315,-11.3176596386368,-1.27692369395175,0.8835978835978836,0.9089233040515873,-0.025325420453703673
Joey MacDonald,11-12,DET,14,807.566666666667,330,485,301,29,31.764869205,2.764869205,-0.467798097222619,1.146456668658,0.9121212121212121,0.903742820590909,0.008378391530303064
Anders Lindback,11-12,NSH,16,792.416666666667,364,532,332,32,34.1864374907,2.1864374907,-0.528116689057679,1.07566597601823,0.9120879120879121,0.9060812156848902,0.006006696403021872
Ben Scrivens,11-12,TOR,12,671.7,359,509,324,35,34.7356023729,-0.264397627100003,-3.9604227784937,0.594657518274669,0.9025069637883009,0.9032434474292479,-0.0007364836409470277
Alex Auld,11-12,OTT,14,646.85,310,433,274,36,27.8805346953,-8.1194653047,-9.19702245496671,-1.10763424805225,0.8838709677419355,0.9100627913054838,-0.026191823563548322
Matt Hackett,11-12,MIN,12,556.8,282,425,260,22,25.451118829163,3.451118829163,2.38206344419158,1.16628781940983,0.9219858156028369,0.9097478055703438,0.01223801003249303
Brian Boucher,11-12,CAR,10,548.566666666667,260,361,229,31,26.8693676791753,-4.13063232082472,-8.52008334932691,-0.326962146534072,0.8807692307692307,0.8966562781570181,-0.015887047387787345
Ben Bishop,11-12,OTT,10,532.716666666667,243,325,221,22,20.3316741545,-1.6683258455,-0.989924053409386,0.0446880887710547,0.9094650205761317,0.9163305590349794,-0.006865538458847742
Andrew Raycroft,11-12,DAL,10,532.366666666667,303,410,272,31,23.198261511,-7.801738489,-4.80225098017713,-1.13125088311326,0.8976897689768977,0.9234380808217821,-0.025748311844884464
Henrik Karlsson,11-12,CGY,9,455.233333333333,239,317,215,24,22.0174482474,-1.9825517526,-3.3357689249582,0.0131360052879418,0.899581589958159,0.9078767855757321,-0.008295195617573192
Dan Ellis,11-12,ANA,10,420.866666666667,214,317,195,19,19.8406885875,0.840688587500001,-0.497299372138308,0.5384428321772,0.9112149532710281,0.90728650192757,0.003928451343458095
Allen York,11-12,CBJ,11,417.8,199,266,183,16,14.1439779039,-1.8560220961,1.20578235955363,-0.108305010069153,0.9195979899497487,0.9289247341512562,-0.009326744201507475
Leland Irving,11-12,CGY,7,394.85,239,321,218,21,18.9079203608,-2.0920796392,-0.335768924958202,-0.0667957636077428,0.9121338912133892,0.9208873625071129,-0.008753471293723725
Justin Peters,11-12,CAR,7,387.933333333333,233,327,217,16,20.1616775795,4.1616775795,4.14546376771857,1.21009000426164,0.9313304721030042,0.9134691949377682,0.017861277165236
Jacob Markstrom,11-12,FLA,7,383.25,222,292,205,17,18.9698326469,1.9698326469,2.19439037095933,0.748532245038229,0.9234234234234234,0.9145503033923424,0.008873120031080983
Braden Holtby,11-12,WSH,7,360.566666666667,192,261,177,15,16.0268885737,1.0268885737,1.6005538343432,0.504655722319155,0.921875,0.9165266220119791,0.005348377988020903
Rick DiPietro,11-12,NYI,7,353.75,177,249,155,22,16.5301143862,-5.4698856138,-6.69636443396486,-0.788181232629154,0.8757062146892656,0.9066095232418079,-0.030903308552542308
Kevin Poulin,11-12,NYI,6,299.966666666667,162,214,147,15,14.7169452046,-0.2830547954,-0.993282702272923,0.217665194380435,0.9074074074074074,0.9091546592308642,-0.001747251823456808
Robin Lehner,11-12,OTT,5,299.633333333333,154,210,144,10,13.0386268888,3.0386268888,3.31502755462944,0.85217364621324,0.935064935064935,0.9153335916311689,0.019731343433766146
Marty Turco,11-12,BOS,5,260.616666666667,110,165,94,16,11.4491982492,-4.5508017508,-6.48926603240754,-0.698694071172022,0.8545454545454545,0.8959163795527273,-0.041370925007272796
Brad Thiessen,11-12,PIT,5,257.733333333333,113,165,97,16,9.478261966,-6.521738034,-6.22988237874593,-1.13049903144124,0.8584070796460177,0.9161215755221238,-0.05771449587610611
Dustin Tokarski,11-12,T.B,5,243.633333333333,116,173,102,14,10.4237353454647,-3.57626465453525,-3.97049872508432,-0.522476911890683,0.8793103448275862,0.9101402125390974,-0.030829867711511194
Jeff Deslauriers,11-12,ANA,4,241.2,113,170,102,11,11.9652847666,0.9652847666,-1.22988237874593,0.416578218584584,0.9026548672566371,0.8941125241893805,0.008542343067256652
Anders Nilsson,11-12,NYI,4,217.8,112,147,102,10,11.0703046685,1.0703046685,-0.316343596633132,0.420941391077263,0.9107142857142857,0.90115799403125,0.009556291683035734
Sebastien Caron,11-12,T.B,3,134.666666666667,57,79,50,7,5.1027222809,-1.8972777191,-2.07171058042936,-0.285150706171526,0.8771929824561403,0.9104785564754386,-0.033285574019298325
Henrik Lundqvist,12-13,NYR,43,2587.33333333333,1190,1663,1102,88,96.4700213811,8.4700213811,16.8042075065742,3.50628522791296,0.9260504201680673,0.9189327551419328,0.007117665026134423
Antti Niemi,12-13,S.J,43,2582.1,1220,1719,1127,93,98.0655037364,5.0655037364,14.4463303848912,2.85179193766899,0.9237704918032786,0.919618439560328,0.004152052242950677
Ondrej Pavelec,12-13,WPG,44,2554.18333333333,1251,1749,1132,119,109.101183302458,-9.89881669754237,-8.82347597418122,0.0502302557557309,0.9048760991207034,0.9127888223001935,-0.0079127231794901
Evgeni Nabokov,12-13,NYI,41,2476.51666666667,1139,1617,1036,103,101.5382805547,-1.46171944530001,-2.68740138656469,1.60472024769513,0.9095697980684812,0.9108531338413521,-0.001283335772870986
Jimmy Howard,12-13,DET,42,2450.53333333333,1129,1496,1042,87,97.3891317196,10.3891317196,12.4318909873297,3.90922130718327,0.9229406554472985,0.91373859015093,0.009202065296368578
Pekka Rinne,12-13,NSH,43,2447.6,1101,1554,1002,99,82.7111313436123,-16.2888686563877,-2.0340903657662,-1.72763580544099,0.9100817438692098,0.9248763566361378,-0.01479461276692795
Niklas Backstrom,12-13,MIN,42,2371.63333333333,1072,1481,974,98,84.1723140709911,-13.8276859290089,-3.58814248147264,-1.20560494035022,0.9085820895522388,0.9214810503069113,-0.01289896075467245
Ryan Miller,12-13,BUF,40,2311.53333333333,1270,1749,1162,108,114.6129888719,6.6129888719,3.84986851541954,3.47224428459217,0.9149606299212598,0.9097535520693701,0.005207077851889674
Ilya Bryzgalov,12-13,PHI,40,2300.9,1066,1567,959,107,98.9806177556187,-8.01938224438132,-13.116567057136,0.238774637783143,0.899624765478424,0.9071476381279374,-0.007522872649513457
Carey Price,12-13,MTL,39,2254.03333333333,1018,1394,921,97,85.0059136245,-11.9940863755,-7.34396366244323,-0.821455814322299,0.9047151277013753,0.9164971378934185,-0.011782010192043169
Sergei Bobrovsky,12-13,CBJ,38,2223.66666666667,1084,1464,1010,74,83.6889593036885,9.68895930368852,21.4687066698542,3.51232129883411,0.9317343173431735,0.9227961630039774,0.008938154339196092
Jonathan Quick,12-13,L.A,37,2138.26666666667,889,1258,802,87,77.7915767076,-9.2084232924,-8.70509203920632,-0.396415107145361,0.9021372328458943,0.9124954142771653,-0.010358181431270985
Tuukka Rask,12-13,BOS,36,2114.56666666667,980,1358,910,70,88.9001425531341,18.9001425531341,16.3093473583552,5.4612526062098,0.9285714285714286,0.9092855688233326,0.019285859748096046
Devan Dubnyk,12-13,EDM,38,2112.18333333333,1133,1576,1043,90,104.1844270427,14.1844270427,9.78417403777192,4.79915119210072,0.9205648720211828,0.9080455189384818,0.012519353082700913
Braden Holtby,12-13,WSH,36,2092.95,1123,1482,1033,90,88.5614800324,-1.4385199676,8.90346641166626,1.36674702201494,0.9198575244879786,0.9211384861688335,-0.0012809616808548974
Kari Lehtonen,12-13,DAL,36,1991.66666666667,1050,1480,962,88,101.2571244117,13.2571244117,4.47430074109489,4.55802485130341,0.9161904761904762,0.9035646434174286,0.01262583277304763
Semyon Varlamov,12-13,COL,35,1957,1007,1424,909,98,96.9360821539,-1.0639178461,-9.31274205115946,1.59862980261477,0.9026812313803376,0.9037377535711023,-0.001056522190764686
Mike Smith,12-13,PHX,34,1956.66666666667,938,1318,854,84,81.1929127964265,-2.80708720357352,-1.38962467128856,0.953882805935209,0.9104477611940298,0.913440391475025,-0.0029926302809951677
Marc-Andre Fleury,12-13,PIT,33,1861.48333333333,881,1238,807,74,73.1532285158,-0.846771484200005,3.59034185990915,1.19759244086589,0.9160045402951191,0.9169656884043133,-0.000961148109194121
James Reimer,12-13,TOR,33,1856.18333333333,994,1434,918,76,85.3596018626,9.3596018626,11.5423380349032,3.47735598618262,0.9235412474849095,0.9141251490315895,0.009416098453320032
Martin Brodeur,12-13,N.J,29,1767.2,654,872,589,65,55.0226348141956,-9.9773651858044,-7.40172125268946,-0.976703336879967,0.900611620795107,0.9158675308651443,-0.015255910070037237
Corey Crawford,12-13,CHI,30,1763.15,769,1027,712,57,63.8110560710749,6.81105607107494,10.7264164475257,2.56217704112211,0.9258777633289987,0.9170207333276009,0.008857030001397814
Cory Schneider,12-13,VAN,30,1737.78333333333,835,1111,774,61,70.9112980868301,9.91129808683009,12.5390867798231,3.31809952299083,0.9269461077844311,0.9150762897163711,0.011869818068059979
Jonas Hiller,12-13,ANA,26,1498.31666666667,675,998,616,59,58.0092657846337,-0.990734215366288,0.447764762132429,0.885497803295999,0.9125925925925926,0.9140603469857278,-0.0014677543931351789
Viktor Fasth,12-13,ANA,25,1428.3,661,964,609,52,56.7564116781,4.7564116781,6.2147740855845,2.01727750676419,0.9213313161875946,0.9141355345263238,0.007195781661270773
Craig Anderson,12-13,OTT,24,1425.75,677,919,637,40,58.190625830413,18.190625830413,19.6239062873536,4.74443857856492,0.9409158050221565,0.9140463429388287,0.026869462083327855
Miikka Kiprusoff,12-13,CGY,24,1349.2,650,928,573,77,55.1633521324,-21.8366478676,-19.7540043031317,-3.35784765886779,0.8815384615384615,0.9151333044116924,-0.03359484287323089
Anders Lindback,12-13,T.B,24,1310,642,916,579,63,54.2625139769,-8.7374860231,-6.45857040401626,-0.741693912693846,0.9018691588785047,0.9154789501917445,-0.013609791313239805
Brian Elliott,12-13,STL,24,1288,524,745,475,49,42.1703222432989,-6.82967775670112,-2.85092039206312,-0.584311143919581,0.9064885496183206,0.9195222857952312,-0.013033736176910615
Jacob Markstrom,12-13,FLA,23,1270.26666666667,685,912,617,68,54.0169973806,-13.9830026194,-7.6715276117619,-1.80065970575239,0.9007299270072993,0.9211430695173721,-0.020413142510072868
Roberto Luongo,12-13,VAN,20,1198.86666666667,551,752,500,51,47.1462990003,-3.8537009997,-2.47300980157782,0.106914503276015,0.9074410163339383,0.914435029037568,-0.0069940127036297595
Joey MacDonald,12-13,CGY,21,1149.98333333333,563,784,508,55,50.7591009021256,-4.2408990978744,-5.41616065025102,0.0966368577241928,0.9023090586145648,0.909841739072601,-0.007532680458036234
Ray Emery,12-13,CHI,21,1117.43333333333,460,620,424,36,40.3796831448,4.3796831448,4.51255080086062,1.63534587730526,0.9217391304347826,0.91221808012,0.009521050314782564
Johan Hedberg,12-13,N.J,19,1111.65,435,589,384,51,39.707700979,-11.292299021,-12.6892182644035,-1.52736581855244,0.8827586206896552,0.9087179287839081,-0.025959308094252953
Tomas Vokoun,12-13,PIT,20,1031.18333333333,519,710,477,42,42.8690917341,0.869091734099996,3.70872579488405,0.976245599470297,0.9190751445086706,0.9174005939612717,0.0016745505473988453
Ben Scrivens,12-13,TOR,20,1025.11666666667,542,760,496,46,45.2082883697,-0.7917116303,1.73435333492708,0.6861533949909,0.915129151291513,0.9165898738566421,-0.001460722565129191
Dan Ellis,12-13,CAR,19,998.516666666667,556,763,504,52,52.048490433088,0.0484904330879985,-3.03265598852499,0.982934338144278,0.9064748201438849,0.9063876071347339,0.00008721300915104369
Justin Peters,12-13,CAR,19,954.4,507,720,452,55,52.1112756468,-2.8887243532,-10.3481233564427,0.393713345869816,0.8915187376725838,0.8972164188426036,-0.005697681170019786
Cam Ward,12-13,CAR,17,929.716666666667,477,667,433,44,43.6147944139988,-0.385205586001241,-1.99024623475974,0.738068466685968,0.9077568134171907,0.9085643722976964,-0.0008075588805056544
Mathieu Garon,12-13,T.B,18,913.316666666667,427,599,383,44,33.6421334851,-10.3578665149,-6.39378436528808,-1.45295240387297,0.8969555035128806,0.921212802142623,-0.024257298629742463
Jean-Sebastien Giguere,12-13,COL,18,907.833333333333,469,629,426,43,40.1799713262,-2.8200286738,-1.69481233564428,0.184433468882849,0.908315565031983,0.9143284193471215,-0.006012854315138538
Scott Clemmensen,12-13,FLA,19,870.716666666667,421,596,368,53,39.1087275103,-13.8912724897,-15.9222089409515,-2.06097197742399,0.8741092636579573,0.907105160308076,-0.032995896650118706
Jaroslav Halak,12-13,STL,16,813.566666666667,286,413,257,29,25.2139325853925,-3.78606741460748,-3.81176189337796,-0.289575806700478,0.8986013986013986,0.9118393965545716,-0.01323799795317293
Anton Khudobin,12-13,BOS,14,805.583333333333,389,532,358,31,31.9275182795539,0.927518279553873,3.25952665551039,0.783407274477005,0.9203084832904884,0.9179241175332804,0.002384365757208018
Jake Allen,12-13,STL,15,804.416666666667,346,485,313,33,31.8776238430427,-1.12237615695729,-2.52751613674397,0.370435280116734,0.9046242774566474,0.9078681391819576,-0.0032438617253102153
Jonathan Bernier,12-13,L.A,14,770.05,306,457,282,24,25.7374749343,1.7374749343,2.94965335883337,0.830473004306726,0.9215686274509803,0.9158906047898693,0.00567802266111106
Jose Theodore,12-13,FLA,15,766.466666666667,391,532,349,42,33.0375752699,-8.9624247301,-7.56433181926848,-1.18376544631632,0.8925831202046036,0.9155049225833759,-0.022921802378772282
Ben Bishop,12-13,OTT,13,764.316666666667,399,543,368,31,33.601555306,2.601555306,4.14023428161606,1.15119778587434,0.9223057644110275,0.9157855756741854,0.006520188736842125
Robin Lehner,12-13,OTT,12,735.85,424,562,397,27,33.1853676114,6.1853676114,10.3420033468802,1.86378031204842,0.9363207547169812,0.9217326235580189,0.014588131158962292
Jason LaBarbera,12-13,PHX,15,727.916666666667,418,578,386,32,39.3158453849,7.3158453849,4.81357877121683,2.20563791350799,0.9234449760765551,0.9059429536246412,0.0175020224519139
Michal Neuvirth,12-13,WSH,13,726.616666666667,367,500,334,33,32.1221682606,-0.877831739400001,-0.67803012192207,0.424162357219502,0.9100817438692098,0.9124736559656675,-0.0023919120964577267
Steve Mason,12-13,CBJ,13,712.633333333333,346,461,311,35,25.3408756119,-9.6591243881,-4.52751613674397,-1.46771622747819,0.8988439306358381,0.9267604751101156,-0.027916544474277494
Nikolai Khabibulin,12-13,EDM,12,683.616666666667,376,527,347,29,33.2120582306,4.2120582306,4.11460674157303,1.46763426380549,0.9228723404255319,0.9116700578973405,0.011202282528191443
Peter Budaj,12-13,MTL,13,656.483333333333,274,390,249,25,22.8525949749,-2.1474050251,-0.86861104470476,-0.0043480349366713,0.9087591240875912,0.9165963687047445,-0.007837244617153294
Jhonas Enroth,12-13,BUF,12,624.3,332,465,305,27,27.1627851196,0.162785119600002,2.2394931867081,0.54060247332752,0.9186746987951807,0.9181843821698795,0.0004903166253011904
Richard Bachman,12-13,DAL,13,611.083333333333,288,435,255,33,26.7519254358,-6.2480745642,-7.63562036815683,-0.755694673215552,0.8854166666666666,0.9071113700145834,-0.02169470334791679
Ben Bishop,12-13,T.B,9,502.433333333333,302,423,277,25,25.4719740493,0.471974049300002,1.5973703083911,0.571136708887813,0.9172185430463576,0.915655715068543,0.001562827977814596
Chris Mason,12-13,NSH,11,466.733333333333,229,313,200,29,20.7976949147,-8.2023050853,-8.83179536218026,-1.25983529660218,0.8733624454148472,0.9091803715515284,-0.03581792613668122
Steve Mason,12-13,PHI,7,379.616666666667,215,288,203,12,17.6744796850389,5.67447968503885,6.93521396127181,1.47107120594925,0.9441860465116279,0.9177931177440051,0.02639292876762278
Al Montoya,12-13,WPG,7,351.35,168,253,151,17,14.2128270628,-2.7871729372,-2.20411188142482,-0.294488464673984,0.8988095238095238,0.9153998389119048,-0.01659031510238096
Jonas Gustavsson,12-13,DET,7,349.25,140,206,123,17,11.5297024839,-5.4702975161,-4.67009323452068,-0.883978270112374,0.8785714285714286,0.9176449822578572,-0.03907355368642862
Martin Biron,12-13,NYR,6,335.7,156,232,143,13,15.1922498317,2.1922498317,0.739038967248383,0.724713495821585,0.9166666666666666,0.9026137831301282,0.01405288353653844
Thomas Greiss,12-13,S.J,6,311,153,215,140,13,12.677831349,-0.322168651,0.474826679416685,0.17228888094769,0.9150326797385621,0.9171383571960784,-0.0021056774575163306
Cristopher Nilstorp,12-13,DAL,5,292.216666666667,146,198,131,15,11.3336415598,-3.6663584402,-2.14166865885728,-0.525043340901216,0.8972602739726028,0.9223723180835616,-0.025112044110958798
Darcy Kuemper,12-13,MIN,6,291.233333333333,119,180,109,10,10.5946175355,0.594617535499999,0.480420750657421,0.317616186153971,0.9159663865546218,0.9109696005420169,0.004996786012604892
Leland Irving,12-13,CGY,6,270.066666666667,128,170,113,15,11.0065104449,-3.9934895551,-3.72694238584748,-0.596914941195789,0.8828125,0.9140116371492187,-0.031199137149218736
Kevin Poulin,12-13,NYI,5,259.333333333333,122,176,109,13,11.2242339448,-1.7757660552,-2.25536696151088,-0.147070442777375,0.8934426229508197,0.9079980824196721,-0.014555459468852394
Chad Johnson,12-13,PHX,4,246.616666666667,108,160,103,5,7.5929404909,2.5929404909,4.51164236194119,0.66316465873175,0.9537037037037037,0.9296949954546295,0.024008708249074195
Josh Harding,12-13,MIN,5,187,73,109,63,10,4.5209287955,-5.4790712045,-3.57083432942864,-1.01678983501698,0.863013698630137,0.9380694685547946,-0.07505576992465757
Rick DiPietro,12-13,NYI,3,177.55,83,123,71,12,7.7037436492,-4.2962563508,-4.69012670332298,-0.719526760341915,0.8554216867469879,0.9071838114554218,-0.05176212470843389
Cedrick Desjardins,12-13,T.B,3,162.35,73,107,65,8,7.0303113409,-0.9696886591,-1.57083432942864,-0.063461579084502,0.8904109589041096,0.9036943651931507,-0.013283406289041122
Brian Boucher,12-13,PHI,4,145.35,55,79,49,6,4.851599397,-1.148400603,-1.15610805641884,-0.140120499337196,0.8909090909090909,0.9117891018727272,-0.020880010963636342
Petr Mrazek,12-13,DET,2,120,51,76,47,4,2.9754806925,-1.0245193075,0.491608893138895,-0.150298857627311,0.9215686274509803,0.9416572413235295,-0.02008861387254912
Daniel Taylor,12-13,CGY,2,120,68,93,62,6,5.1806897682,-0.819310231799999,-0.0111881424814734,-0.0678184450770583,0.9117647058823529,0.9238133857617647,-0.012048679879411828
Yann Danis,12-13,EDM,3,110.25,59,79,52,7,5.6981193473,-1.3018806527,-1.80382500597657,-0.155142777062163,0.8813559322033898,0.9034217059779661,-0.022065773774576303
Kari Lehtonen,13-14,DAL,65,3811.3,1888,2676,1735,153,176.006530525348,23.0065305253479,9.66894651847622,7.87262131634423,0.9189618644067796,0.9067762020522522,0.012185662354527449
Marc-Andre Fleury,13-14,PIT,64,3802.43333333333,1774,2519,1624,150,146.7696069304,-3.23039306960001,2.84677495962754,2.083622030998,0.915445321307779,0.9172662869614431,-0.001820965653664075
Antti Niemi,13-14,S.J,64,3738.73333333333,1706,2424,1557,149,140.194776847841,-8.80522315215933,-2.01206421582606,0.846831143861203,0.9126611957796014,0.9178225223635164,-0.0051613265839149935
Henrik Lundqvist,13-14,NYR,63,3669.48333333333,1810,2472,1666,144,150.487018597262,6.48701859726248,11.9485133466324,4.09545917493306,0.9204419889502763,0.9168580007749934,0.0035839881752829372
Semyon Varlamov,13-14,COL,63,3649.48333333333,2013,2766,1867,146,175.707198761998,29.7071987619976,27.4388714733541,9.20665251713986,0.9274714356681569,0.912713761171387,0.014757674496769901
Mike Smith,13-14,PHX,62,3618.23333333333,1871,2585,1712,159,169.192877822159,10.1928778221593,2.2042367246128,5.18420344723886,0.9150187065740246,0.9095708830453453,0.005447823528679341
Ben Bishop,13-14,T.B,63,3593.83333333333,1759,2473,1626,133,150.9732180873,17.9732180873,18.5543839650422,6.4008222900939,0.9243888573052871,0.9141709959708357,0.01021786133445135
Steve Mason,13-14,PHI,61,3495.66666666667,1751,2367,1606,145,145.8628346403,0.862834640300008,5.86510876793,2.88507719950657,0.9171901770416905,0.9166974102568247,0.0004927667848657613
Carey Price,13-14,MTL,59,3471.2,1828,2500,1694,134,157.0140915946,23.0140915946,23.4993825401348,7.5209346878431,0.9266958424507659,0.9141060768082058,0.012589765642560091
Corey Crawford,13-14,CHI,59,3405.08333333333,1533,2049,1405,128,122.5003576209,-5.4996423791,4.0823596466229,1.17862370890604,0.9165035877364645,0.9200910909191781,-0.003587503182713614
Tuukka Rask,13-14,BOS,58,3394.2,1641,2217,1526,115,126.6154543327,11.6154543327,26.3875748076374,4.67680194555872,0.9299207800121877,0.9228425019301036,0.007078278082084055
Sergei Bobrovsky,13-14,CBJ,58,3305.55,1699,2240,1568,131,128.1989625381,-2.80103746189999,15.3848199867008,1.82410460100171,0.9228958210712184,0.9245444599540318,-0.0016486388828134135
Ondrej Pavelec,13-14,WPG,57,3259.53333333333,1644,2323,1481,163,152.962588794,-10.037411206,-21.3539469934455,0.837932278230289,0.9008515815085159,0.9069570627773722,-0.00610548126885635
Jonathan Bernier,13-14,TOR,55,3094.58333333333,1787,2561,1649,138,152.810108952068,14.8101089520685,15.9668471549348,5.8026136687244,0.9227756015668719,0.9144879076933027,0.008287693873569202
Jimmy Howard,13-14,DET,51,3008.38333333333,1482,1965,1349,133,122.3400050512,-10.6599949488,-5.3117697349673,0.143983816398259,0.9102564102564102,0.9174493893041835,-0.007192979047773274
Craig Anderson,13-14,OTT,53,3002.48333333333,1681,2287,1531,150,146.316784842562,-3.68321515743796,-5.16604920680163,1.98467279126889,0.9107674003569304,0.9129584861138834,-0.0021910857569530373
Jonathan Quick,13-14,L.A,49,2924.58333333333,1183,1740,1083,100,107.2660519489,7.2660519489,1.9265697729647,3.44743267280215,0.915469146238377,0.9093270904912089,0.006142055747168196
Jonas Hiller,13-14,ANA,50,2910.28333333333,1349,1996,1229,120,123.810533630774,3.81053363077415,-3.77096988695742,3.06427945164123,0.911045218680504,0.9082205087985367,0.002824709881967369
Cory Schneider,13-14,N.J,45,2685.01666666667,1107,1501,1019,88,95.085950501,7.085950501,7.37845540039892,3.18491609981479,0.9205058717253839,0.9141048324290877,0.006401039296296207
Braden Holtby,13-14,WSH,48,2659.96666666667,1475,2016,1349,126,122.9037657274,-3.0962342726,1.08511446755954,1.66661522686389,0.9145762711864407,0.9166754130661695,-0.0020991418797288164
Roberto Luongo,13-14,VAN,42,2424.88333333333,1158,1595,1062,96,95.3008300409,-0.699169959100004,3.77258478198911,1.6325106362683,0.917098445595855,0.9177022193083764,-0.0006037737125214049
Ryan Miller,13-14,BUF,40,2398.01666666667,1411,1913,1303,108,115.9292130047,7.9292130047,13.570912890662,3.74111876589133,0.923458540042523,0.9178389702305457,0.00561956981197731
Eddie Lack,13-14,VAN,41,2324.91666666667,1052,1502,959,93,92.5364633436,-0.463536656399995,-2.36031157974736,1.62821013011506,0.9115969581749049,0.9120375823730038,-0.0004406241980988712
Tim Thomas,13-14,FLA,40,2308.43333333333,1206,1559,1096,110,99.9506051239089,-10.0493948760911,-6.09176403533776,-0.15031577679503,0.9087893864013267,0.9171222179735415,-0.008332831572214872
Martin Brodeur,13-14,N.J,39,2304.86666666667,971,1288,875,96,78.9849596931413,-17.0150403068587,-12.3392229505083,-1.93278136204775,0.9011328527291452,0.9186560662274549,-0.017523213498309653
Evgeni Nabokov,13-14,NYI,40,2259.71666666667,1085,1506,982,103,96.4742428280936,-6.52575717190641,-9.51705139165959,0.489480835567546,0.9050691244239631,0.9110836471630473,-0.006014522739084205
Jaroslav Halak,13-14,STL,40,2242.36666666667,1002,1369,919,83,81.7801474264,-1.21985257359999,3.33171843830146,1.27697457046807,0.9171656686626747,0.9183830864007984,-0.0012174177381236717
Karri Ramo,13-14,CGY,40,2198.6,1092,1542,995,97,96.5047325388248,-0.49526746117516,-2.91393559418643,1.69566354192514,0.9111721611721612,0.911625702803274,-0.0004535416311128859
Anton Khudobin,13-14,CAR,36,2089.68333333333,1076,1547,996,80,94.4110482026,14.4110482026,12.7075140115892,4.63679885602384,0.9256505576208178,0.9122573901462825,0.013393167474535339
Carter Hutton,13-14,NSH,40,2087.7,1006,1389,915,91,77.3201281047,-13.6798718953,-4.32364396314244,-1.29697489587745,0.9095427435387674,0.9231410257408549,-0.013598282202087475
Robin Lehner,13-14,OTT,36,1936.9,1141,1513,1042,99,96.663914880038,-2.33608511996198,-0.692125011874282,1.33060749592244,0.9132340052585451,0.9152814067659615,-0.0020474015074163354
James Reimer,13-14,TOR,36,1793.38333333333,1095,1581,997,98,96.8142012962,-1.1857987038,-3.65545739526937,1.56336763668579,0.9105022831050228,0.9115852042957077,-0.0010829211906848712
Devan Dubnyk,13-14,EDM,32,1689,885,1244,791,94,79.7098727977,-14.2901272023,-17.7489313194643,-1.37453559638103,0.8937853107344633,0.9099323471212429,-0.016147036386779612
Josh Harding,13-14,MIN,29,1679.01666666667,690,1008,644,46,56.1968001015263,10.1968001015263,13.4499857509262,3.08362421720222,0.9333333333333333,0.9185553621717011,0.014777971161632264
Reto Berra,13-14,CGY,29,1658.38333333333,788,1101,707,81,66.79093088,-14.20906912,-13.1063930844496,-1.59858120254686,0.8972081218274112,0.9152399354314721,-0.01803181360406092
Cam Ward,13-14,CAR,30,1646.88333333333,824,1148,740,84,74.1575702277,-9.84242977229999,-13.0046546974447,-0.588606741844571,0.8980582524271845,0.9100029487527912,-0.011944696325606685
Kevin Poulin,13-14,NYI,28,1629.35,820,1167,731,89,68.2063952295,-20.7936047705,-18.3492922960008,-2.88863869913033,0.8914634146341464,0.9168214692323171,-0.025358054598170754
Brian Elliott,13-14,STL,31,1625.5,681,987,628,53,56.026746454,3.026746454,5.67455115417494,1.64702441210566,0.922173274596182,0.917728712989721,0.004444561606461006
Jhonas Enroth,13-14,BUF,28,1579.26666666667,834,1175,760,74,72.8850514002,-1.1149485998,-2.14306070105447,1.13252681868874,0.9112709832134293,0.9126078520381294,-0.001336868824700188
Frederik Andersen,13-14,ANA,28,1573.78333333333,783,1107,723,60,65.2661966448,5.2661966448,7.46280991735533,2.26655940263263,0.9233716475095786,0.9166459812965518,0.006725666213026726
Jonas Gustavsson,13-14,DET,27,1551.56666666667,735,985,667,68,60.2498666273199,-7.75013337268006,-4.67284126531779,-0.428953304285875,0.9074829931972789,0.9180273923437825,-0.010544399146503625
Al Montoya,13-14,WPG,28,1548.2,737,1005,678,59,61.4741362489,2.4741362489,4.49947753396026,1.63785048020487,0.9199457259158752,0.9165886889431479,0.0033570369727272675
Chad Johnson,13-14,BOS,27,1517.61666666667,708,970,655,53,63.8876165054,10.8876165054,8.00085494442857,3.36475668728942,0.9251412429378532,0.9097632535234462,0.015377989414406934
Darcy Kuemper,13-14,MIN,26,1481.55,702,980,642,60,53.6122011770929,-6.38779882290706,0.483898546594439,-0.280034551831792,0.9145299145299145,0.9236293430525743,-0.00909942852265977
Curtis McElhinney,13-14,CBJ,28,1430.25,703,939,639,64,51.576496724,-12.423503276,-3.42994205376654,-1.52455033015373,0.9089615931721194,0.926633717320057,-0.017672124147937507
Ray Emery,13-14,PHI,28,1405.75,711,999,642,69,64.9747759578,-4.02522404220001,-7.74066685665435,0.403598794828618,0.9029535864978903,0.9086149423940928,-0.005661355896202536
Antti Raanta,13-14,CHI,25,1399.28333333333,610,845,547,63,55.1663736215977,-7.83362637840232,-10.4427662201957,-0.540181837548368,0.8967213114754098,0.909563321931807,-0.012842010456397213
Marek Mazanec,13-14,NSH,25,1374.78333333333,650,957,586,64,51.3833341157,-12.6166658843,-7.99639023463478,-1.56675960781206,0.9015384615384615,0.920948716745077,-0.019410255206615434
Pekka Rinne,13-14,NSH,24,1370.26666666667,645,892,582,63,48.5961735410219,-14.4038264589781,-7.42718723282989,-1.9758810233923,0.9023255813953488,0.9246570952852373,-0.02233151388988852
Peter Budaj,13-14,MTL,24,1339.28333333333,615,887,559,56,54.2163103251,-1.7836896749,-3.0119692220006,0.651653582162195,0.9089430894308943,0.9118433978453658,-0.0029003084144715308
Thomas Greiss,13-14,PHX,25,1314.98333333333,626,869,576,50,53.1794485277939,3.17944852779392,3.93578417402865,1.62460203806996,0.9201277955271565,0.9150488042687,0.005078991258456567
Anders Lindback,13-14,T.B,23,1311.48333333333,580,855,517,63,54.0117865722,-8.9882134278,-13.0275482093664,-0.792478520522585,0.8913793103448275,0.906876230047931,-0.015496919703103518
Alex Stalock,13-14,S.J,24,1255.2,571,776,532,39,44.4056155146892,5.40561551468922,10.1970171938824,1.90649235748534,0.9316987740805605,0.9222318467343447,0.009466927346215792
Ben Scrivens,13-14,EDM,21,1239.93333333333,741,1048,679,62,67.6711082316,5.6711082316,1.84411513251635,2.39223295542053,0.9163292847503374,0.9086759672987854,0.007653317451551955
Justin Peters,13-14,CAR,21,1229.4,626,890,575,51,54.7128490025,3.7128490025,2.93578417402865,1.75975579167671,0.9185303514376997,0.9125992827436102,0.005931068694089436
Cam Talbot,13-14,NYR,21,1216.01666666667,560,783,527,33,44.8939132695,11.8939132695,15.2492637978531,3.21271381884233,0.9410714285714286,0.9198322977330358,0.021239130838392795
Jean-Sebastien Giguere,13-14,COL,22,1213.61666666667,608,886,555,53,55.1988807741,2.1988807741,-0.615085019473767,1.46612184170533,0.912828947368421,0.9092123671478619,0.003616580220559107
Jeff Zatkoff,13-14,PIT,20,1175.18333333333,582,818,531,51,49.1468185499,-1.8531814501,-0.85522941008837,0.543484553178887,0.9123711340206185,0.9155552945878007,-0.0031841605671821815
Ilya Bryzgalov,13-14,EDM,20,1136.2,622,906,565,57,58.4180451704,1.4180451704,-3.40885342452744,1.36988325985638,0.9083601286173634,0.9060803132308682,0.002279815386495132
Ryan Miller,13-14,STL,19,1117.81666666667,474,669,428,46,39.5001453326,-6.4998546674,-5.1604445711029,-0.564875579468199,0.9029535864978903,0.9166663600578059,-0.013712773559915625
Anders Nilsson,13-14,NYI,19,1106.16666666667,548,798,491,57,52.1983075535645,-4.80169244643554,-9.78464899781517,0.0107660148498735,0.8959854014598541,0.9047476139533495,-0.008762212493495403
Martin Jones,13-14,L.A,19,1095.9,500,702,467,33,45.3521472153,12.3521472153,10.0796998195117,3.31284564052857,0.934,0.9092957055694,0.02470429443060007
Niklas Backstrom,13-14,MIN,21,1094.11666666667,546,743,491,55,45.4076277426897,-9.59237225731033,-7.95696779709321,-1.07327163513194,0.8992673992673993,0.9168358466251105,-0.017568447357711237
Ben Scrivens,13-14,L.A,19,977.533333333333,464,654,432,32,39.1864674744,7.1864674744,7.97796143250687,2.16546098230475,0.9310344827586207,0.9155464063051725,0.015488076453448185
Scott Clemmensen,13-14,FLA,17,914.183333333333,454,624,407,47,38.8688439466,-8.1311560534,-7.88363256388337,-0.902745578699464,0.8964757709251101,0.914385806285022,-0.01791003535991187
Philipp Grubauer,13-14,WSH,17,884.483333333333,469,649,434,35,36.851486452,1.851486452,5.40875843070198,1.05546827368168,0.9253731343283582,0.921425402021322,0.003947732307036267
Roberto Luongo,13-14,FLA,14,807.066666666667,432,596,399,33,36.5644521431,3.5644521431,4.22086064405811,1.39258651510226,0.9236111111111112,0.9153600644835649,0.008251046627546277
Michal Neuvirth,13-14,WSH,13,770.966666666667,419,560,383,36,35.5529138468,-0.447086153199997,0.100788448750812,0.571788293872385,0.9140811455847255,0.915148176976611,-0.0010670313918854646
Jaroslav Halak,13-14,WSH,12,707.833333333333,383,531,356,27,31.8996358345,4.8996358345,5.99905006174597,1.57276591158025,0.9295039164490861,0.9167111335913839,0.012792782857702245
Dan Ellis,13-14,DAL,14,693.3,349,506,314,35,30.1225038678,-4.8774961322,-4.93036952598083,-0.414927558898101,0.8997134670487106,0.9136891006653295,-0.01397563361661891
Ilya Bryzgalov,13-14,MIN,12,678.783333333333,269,376,245,24,21.4796917235,-2.5203082765,-0.823121497102701,-0.104406976725944,0.9107806691449815,0.920149844894052,-0.00936917574907059
Jacob Markstrom,13-14,FLA,12,615.833333333333,285,392,249,36,24.4756648263,-11.5243351737,-11.4445711028783,-1.84877686473519,0.8736842105263158,0.9141204742936843,-0.04043626376736842
Joey MacDonald,13-14,CGY,11,602.766666666667,264,370,235,29,23.2156796429,-5.7843203571,-6.25391849529782,-0.724664588192873,0.8901515151515151,0.9120618195344697,-0.021910304382954604
Joni Ortio,13-14,CGY,9,505.383333333333,193,291,172,21,18.7683750033,-2.2316249967,-4.37123586966848,-0.0971151709256019,0.8911917098445595,0.902754533661658,-0.0115628238170985
Petr Mrazek,13-14,DET,9,449.85,178,240,165,13,14.7957634939,1.7957634939,2.33637313574617,0.634162676556251,0.9269662921348315,0.916877733180337,0.010088558954494453
Matt Hackett,13-14,BUF,8,428.1,239,328,217,22,19.7206100107,-2.2793899893,-1.4079034862734,-0.0889558433666573,0.9079497907949791,0.9174869874029289,-0.009537196607949827
Viktor Fasth,13-14,EDM,7,396.783333333333,209,305,191,18,20.6097341734,2.6097341734,0.0073145245558947,0.905012863445456,0.9138755980861244,0.9013888317062201,0.012486766379904313
Tim Thomas,13-14,DAL,8,367.1,184,263,166,18,15.5725037823,-2.4274962177,-2.14667046641969,-0.195706670620366,0.9021739130434783,0.9153668272701087,-0.013192914226630381
Nathan Lieuwen,13-14,BUF,7,367.033333333333,191,281,173,18,18.2962259729,0.2962259729,-1.54355466894653,0.399472423403022,0.9057591623036649,0.9042082409795811,0.0015509213240838537
Jason LaBarbera,13-14,EDM,7,353.016666666667,146,206,127,19,12.8000149256,-6.1999850744,-6.42072765270258,-1.00146213311348,0.8698630136986302,0.9123286648931506,-0.04246565119452039
Dan Ellis,13-14,FLA,6,337.266666666667,165,238,138,27,17.8959578168,-9.1040421832,-12.7836990595611,-1.48727318650923,0.8363636363636363,0.8915396495951515,-0.05517601323151522
Viktor Fasth,13-14,ANA,5,304.783333333333,131,189,116,15,11.5613581876,-3.4386418124,-3.71311864728793,-0.472449328606482,0.8854961832061069,0.9117453573465648,-0.02624917414045791
Mike McKenna,13-14,CBJ,4,220.116666666667,114,153,103,11,7.7284418478,-3.2715581522,-1.17782844115133,-0.510325865747307,0.9035087719298246,0.9322066504578947,-0.028697878528070153
Jacob Markstrom,13-14,VAN,4,199.566666666667,76,115,66,10,9.1959770595,-0.804022940499999,-3.45188562743422,0.0102752844396276,0.868421052631579,0.8790003018486843,-0.010579249217105291
Michael Hutchinson,13-14,WPG,3,183.033333333333,88,124,83,5,7.2293189871,2.2293189871,2.58202716823406,0.580127589097151,0.9431818181818182,0.9178486478738637,0.025333170307954567
John Gibson,13-14,ANA,3,181.116666666667,87,137,83,4,9.2049898788,5.2049898788,3.49586776859504,1.21176492891719,0.9540229885057471,0.8941955186344827,0.059827469871264416
Nikolai Khabibulin,13-14,CHI,4,167.65,74,99,60,14,7.1307810011,-6.8692189989,-7.62420442671227,-1.24068490549981,0.8108108108108109,0.9036380945797297,-0.0928272837689188
Dustin Tokarski,13-14,MTL,3,163.1,93,124,88,5,9.283885636,4.283885636,3.01282416642918,1.02908494639415,0.946236559139785,0.9001732727311827,0.046063286408602244
Richard Bachman,13-14,EDM,3,143.716666666667,83,108,76,7,6.5689453676,-0.4310546324,0.151230170038944,0.0359847860521406,0.9156626506024096,0.9208560799084338,-0.005193429306024178
Devan Dubnyk,13-14,NSH,2,125,60,76,51,9,4.0478564833,-4.9521435167,-3.8304360216586,-0.914755587538489,0.85,0.9325357252783333,-0.0825357252783333
Michal Neuvirth,13-14,BUF,2,118.633333333333,98,121,93,5,9.8517331926,4.8517331926,3.44362116462429,1.15316918503162,0.9489795918367347,0.899472110279592,0.049507481557142796
Braden Holtby,14-15,WSH,73,4261.41666666667,2044,2856,1887,157,174.801693283559,17.8016932835588,17.4575427300877,6.94008543102901,0.9231898238747553,0.914480580585343,0.00870924328941236
Jonathan Quick,14-15,L.A,72,4191.15,1896,2691,1740,156,158.216041856179,2.21604185617906,5.82558758133385,3.45017773169643,0.9177215189873418,0.91655272053999,0.0011687984473517377
Tuukka Rask,14-15,BOS,70,4071.15,2011,2756,1855,156,162.624612135105,6.62461213510485,15.6409581361088,4.43197486724416,0.9224266534062655,0.9191324653728965,0.0032941880333690055
Carey Price,14-15,MTL,66,3979.48333333333,1953,2711,1823,130,170.167268809933,40.1672688099335,36.6905973345701,11.4092126229843,0.9334357398873528,0.9128687819713606,0.02056695791599228
Cory Schneider,14-15,N.J,69,3940.83333333333,1982,2635,1834,148,167.1763950369,19.1763950369,21.1657777353395,7.07565758118706,0.9253279515640767,0.9156526765706862,0.009675274993390492
Pekka Rinne,14-15,NSH,64,3856.16666666667,1807,2473,1667,140,135.162153082931,-4.83784691706936,14.229344282421,1.57601577258104,0.9225235196458218,0.9252008007288705,-0.002677281083048655
Marc-Andre Fleury,14-15,PIT,64,3787.78333333333,1831,2471,1685,146,159.9312901445,13.9312901445,10.2777694416784,5.86965665855882,0.9202621518296014,0.9126535826627525,0.007608569166848822
Kari Lehtonen,14-15,DAL,65,3703.91666666667,1875,2649,1694,181,163.1382502234,-17.8617497766,-20.9667844330164,-0.547361467531887,0.9034666666666666,0.9129929332141866,-0.00952626654751998
Antti Niemi,14-15,S.J,61,3595.5,1811,2557,1656,155,154.436704522524,-0.563295477475577,-0.42925152436942,2.81226097243058,0.9144119271120927,0.9147229682371485,-0.00031104112505575543
Mike Smith,14-15,ARI,62,3569.48333333333,1955,2691,1768,187,168.673726625531,-18.3262733744695,-20.1387005688251,-0.537094044330198,0.9043478260869565,0.9137218789639229,-0.009374052876966354
Jaroslav Halak,14-15,NYI,59,3557.85,1673,2319,1529,144,153.57323343579,9.57323343579,-1.20769619009943,4.86120308365073,0.9139270771069934,0.9082048813892469,0.005722195717746459
Roberto Luongo,14-15,FLA,61,3537.38333333333,1743,2363,1605,138,133.69021801174,-4.30978198826008,10.766877191068,1.6557109452581,0.9208261617900172,0.923298784846965,-0.0024726230569478425
Ben Bishop,14-15,T.B,62,3521.16666666667,1620,2267,1484,136,137.448136680305,1.4481366803046,2.26869824987384,2.90010467010989,0.9160493827160494,0.915155471184997,0.0008939115310524492
Corey Crawford,14-15,CHI,57,3347.73333333333,1661,2188,1535,126,136.028231043869,10.0282310438688,15.7680912302719,4.62137874866999,0.9241420830824805,0.9181046170717224,0.0060374660107580524
Semyon Varlamov,14-15,COL,57,3311.55,1791,2529,1650,141,162.359673207945,21.359673207945,11.8637275095828,7.42920717410403,0.9212730318257957,0.9093469161318006,0.011926115693995043
Ben Scrivens,14-15,EDM,57,3239.38333333333,1542,2170,1372,170,135.585315943082,-34.414684056918,-38.3886835177127,-4.44221447692661,0.8897535667963683,0.9120717795440454,-0.02231821274767709
Jonathan Bernier,14-15,TOR,58,3188.01666666667,1735,2498,1583,152,164.2569166673,12.2569166673,-3.91593119535116,5.61048817151822,0.9123919308357349,0.9053274255519885,0.0070645052837463584
Frederik Andersen,14-15,ANA,54,3104.53333333333,1436,2083,1313,123,128.86101135468,5.8610113546805,-0.43589463776614,3.63647199282793,0.9143454038997214,0.910263919669443,0.0040814842302784315
Cam Ward,14-15,CAR,51,3036.01666666667,1351,1956,1230,121,118.492451953724,-2.50754804627553,-5.69073374346941,1.73487170453387,0.9104367135455218,0.9122927816774804,-0.0018560681319585992
Sergei Bobrovsky,14-15,CBJ,51,3004.3,1632,2199,1498,134,126.451502524,-7.54849747599999,5.29291082950255,0.858630917926923,0.9178921568627451,0.9225174616887255,-0.0046253048259804475
Jimmy Howard,14-15,DET,53,2978.86666666667,1350,1827,1229,121,110.9941869436,-10.0058130564,-5.77608479177179,0.0649935710924395,0.9103703703703704,0.9177820837454815,-0.007411713375111151
Steve Mason,14-15,PHI,51,2897.95,1490,2027,1382,108,129.7119155722,21.7119155722,19.173061970563,6.88220472813819,0.9275167785234899,0.912945023105906,0.014571755417583931
Jonas Hiller,14-15,CGY,52,2879.06666666667,1376,2018,1263,113,118.011779161127,5.0117791611269,4.44304246409038,3.25781679314179,0.9178779069767442,0.9142356256096461,0.003642281367098099
Ondrej Pavelec,14-15,WPG,50,2843.7,1353,1858,1245,108,123.902581633675,15.902581633675,7.47996835313538,5.58845481389756,0.9201773835920177,0.908423812539782,0.011753571052235734
Henrik Lundqvist,14-15,NYR,46,2746.01666666667,1329,1859,1226,103,105.4941143701,2.49411437009999,10.431543193878,2.5075984241252,0.9224981188863808,0.9206214338825432,0.0018766850038375305
Brian Elliott,14-15,STL,46,2548.36666666667,1150,1616,1054,96,89.6161629299,-6.3838370701,2.15370554774995,0.397790769485206,0.9165217391304348,0.922072901800087,-0.0055511626696522764
Ryan Miller,14-15,VAN,45,2542.55,1198,1686,1091,107,106.034890775046,-0.965109224953736,-4.74944413373527,1.81303445136065,0.9106844741235393,0.9114900744782587,-0.0008056003547194379
Eddie Lack,14-15,VAN,41,2323.13333333333,1201,1618,1106,95,110.507042963728,15.5070429637278,7.5066090111719,5.2539791763586,0.9208992506244796,0.9079874746346978,0.012911775989781882
Devan Dubnyk,14-15,MIN,39,2307.76666666667,1064,1496,996,68,84.1573676015621,16.1573676015621,22.8135153937443,4.88707795747399,0.9360902255639098,0.92090472969778,0.015185495866129717
Jhonas Enroth,14-15,BUF,37,2207.1,1237,1742,1117,120,110.992257735735,-9.00774226426478,-14.420753249942,0.268312914021347,0.9029911075181891,0.9102730333583388,-0.007281925840149639
Michael Hutchinson,14-15,WPG,38,2138.45,986,1368,901,85,90.6528571829888,5.65285718298878,-0.843866373842218,2.86990338036224,0.9137931034482759,0.9080599825730337,0.005733120875242248
Craig Anderson,14-15,OTT,35,2101.1,1134,1530,1047,87,91.9456164195,4.9456164195,9.7880887749117,2.75030540244044,0.9232804232804233,0.9189192095066137,0.004361213773809602
Cam Talbot,14-15,NYR,36,2099.4,1038,1482,961,77,86.4808038268,9.4808038268,11.5943881378821,3.57077087141545,0.9258188824662813,0.9166851600897881,0.009133722376493236
Jake Allen,14-15,STL,37,2079.43333333333,909,1275,830,79,77.9160435574,-1.0839564426,-1.41589709312635,1.25588421662408,0.9130913091309131,0.9142837804649064,-0.0011924713339933612
Anton Khudobin,14-15,CAR,34,1931.55,875,1246,788,87,83.9406479789251,-3.05935202107487,-12.3178327354076,0.967583434124355,0.9005714285714286,0.9040678308812284,-0.003496402309799862
James Reimer,14-15,TOR,35,1770.15,1001,1345,908,93,91.1922018331998,-1.80779816680025,-7.56360064930635,1.36002462802606,0.9070929070929071,0.9088988992675328,-0.0018059921746256258
Karri Ramo,14-15,CGY,34,1742.63333333333,852,1187,777,75,74.5530787832915,-0.446921216708489,-2.28090684636264,1.32194137617872,0.9119718309859155,0.9124963864045874,-0.0005245554186719126
Curtis McElhinney,14-15,CBJ,32,1711.76666666667,949,1274,867,82,79.629682002,-2.370317998,-1.00185516103069,1.02626787185714,0.9135932560590094,0.9160909567945206,-0.0024977007355111436
Petr Mrazek,14-15,DET,29,1590.68333333333,768,1024,705,63,67.5562189835,4.5562189835,2.54960509623649,2.20871492879623,0.91796875,0.9120361731985677,0.005932576801432332
Ray Emery,14-15,PHI,31,1574.81666666667,758,1070,678,80,68.5326088152,-11.4673911848,-15.3039053867874,-1.03757384685433,0.8944591029023746,0.9095875873150396,-0.015128484412665011
Darcy Kuemper,14-15,MIN,31,1571.18333333333,719,1010,651,68,55.983233984069,-12.016766015931,-6.63259627058068,-1.38735614067851,0.9054242002781642,0.9221373658079708,-0.016713165529806617
Michal Neuvirth,14-15,BUF,27,1553.26666666667,941,1316,864,77,81.1860462688,4.1860462688,3.31533645255018,2.39161811327211,0.9181721572794899,0.9137236490235918,0.004448508255898043
Robin Lehner,14-15,OTT,25,1481.51666666667,779,1051,705,74,64.2511743022,-9.7488256978,-7.5115333724372,-0.768563713681159,0.9050064184852374,0.9175209572500642,-0.012514538764826777
Andrew Hammond,14-15,OTT,24,1410.98333333333,707,968,665,42,59.131983764,17.131983764,18.3431911497906,4.61135004352337,0.9405940594059405,0.9163621163168317,0.02423194308910881
Viktor Fasth,14-15,EDM,26,1342.73333333333,681,979,605,76,64.0832168093,-11.9167831907,-17.8759361060715,-1.21346613500451,0.8883994126284875,0.9058983600450808,-0.017498947416593302
John Gibson,14-15,ANA,23,1342.71666666667,674,926,616,58,54.8651487534926,-3.13485124650739,-0.473393444188289,0.401133926552355,0.913946587537092,0.9185977021461534,-0.004651114609061424
Alex Stalock,14-15,S.J,22,1240.41666666667,553,762,499,54,49.7352905147118,-4.26470948528817,-6.80087028877763,0.0737004910436068,0.9023508137432188,0.9100627657961813,-0.00771195205296249
Thomas Greiss,14-15,PIT,20,1164.63333333333,546,730,496,50,44.5096660332,-5.4903339668,-3.39832762689437,-0.275060272112605,0.9084249084249084,0.9184804651406593,-0.010055556715750869
Chad Johnson,14-15,NYI,19,1057.38333333333,488,688,434,54,42.8160630396358,-11.1839369603642,-12.3486884284331,-1.46722486239957,0.889344262295082,0.9122621659023856,-0.022917903607303614
Devan Dubnyk,14-15,ARI,19,1037.31666666667,561,804,514,47,49.2268160186,2.2268160186,0.881938097641502,1.38670510520325,0.9162210338680927,0.9122516648509804,0.003969369017112312
Dustin Tokarski,14-15,MTL,17,1011.4,509,693,463,46,46.0199851081,0.0199851081000019,-2.55631641408284,0.876286634673502,0.9096267190569745,0.9095874555833006,0.00003926347367388949
Carter Hutton,14-15,NSH,18,1011.4,450,650,406,44,38.2840939192,-5.7159060808,-5.59202826392393,-0.43901334628509,0.9022222222222223,0.9149242357351111,-0.012702013512888799
Niklas Backstrom,14-15,MIN,19,1005.96666666667,452,626,401,51,37.5138586817,-13.4861413183,-12.4213261673192,-2.03678909353938,0.8871681415929203,0.9170047374298672,-0.029836595836946866
Al Montoya,14-15,FLA,20,970.933333333333,453,652,404,49,40.2133487170169,-8.78665128298313,-10.3359751190168,-1.028109474295,0.891832229580574,0.9112288107792121,-0.019396581198638185
Keith Kinkaid,14-15,N.J,19,928.6,469,628,429,40,37.5266236361936,-2.47337636380643,0.0296416538214998,0.207292480343691,0.9147121535181236,0.9199858771083291,-0.0052737235902055035
Niklas Svedberg,14-15,BOS,18,906.983333333333,425,593,390,35,37.871196013,2.871196013,1.27419552851629,1.30277432198222,0.9176470588235294,0.9108913034988234,0.006755755324705959
Anders Lindback,14-15,BUF,16,895.8,542,745,501,41,40.6604211059,-0.339578894100001,5.26026817989607,0.701446262225265,0.9243542435424354,0.9249807728673431,-0.0006265293249076986
Calvin Pickard,14-15,COL,16,895.1,511,700,476,35,45.6231387129,10.6231387129,8.61438568252193,3.02914696802438,0.9315068493150684,0.9107179281547945,0.020788921160273977
Andrei Vasilevskiy,14-15,T.B,16,871.383333333333,415,571,381,34,34.1828523071,0.182852307099999,1.42068504549238,0.685122019769404,0.9180722891566265,0.9176316811877109,0.0004406079689156517
Scott Darling,14-15,CHI,14,837.033333333333,419,562,392,27,36.7679199422,9.7679199422,8.76208923870194,2.68706445525375,0.9355608591885441,0.9122484010926014,0.023312458095942734
Antti Raanta,14-15,CHI,14,794.816666666667,389,517,364,25,30.1020621409,5.1020621409,8.2015577896302,1.61006298116213,0.9357326478149101,0.9226168068357327,0.013115840979177396
Martin Jones,14-15,L.A,15,776.783333333333,307,448,278,29,28.1698235776,-0.830176422400001,-2.79722817116588,0.364753787526914,0.9055374592833876,0.9082416170110749,-0.002704157727687284
Reto Berra,14-15,COL,19,753.95,403,540,370,33,34.466496360366,1.46649636036597,1.39647246586368,0.952039080785613,0.9181141439205955,0.9144751951355682,0.0036389487850273516
Justin Peters,14-15,WSH,12,652.633333333333,294,431,259,35,27.086473185,-7.913526815,-9.90679179909697,-1.09900432966414,0.8809523809523809,0.9078691388265306,-0.02691675787414971
Jhonas Enroth,14-15,DAL,13,631.6,267,389,242,25,22.4740873211,-2.5259126789,-2.21127010326153,-0.0887017779957245,0.9063670411985019,0.9158273883104869,-0.009460347111985068
Evgeni Nabokov,14-15,T.B,11,556.933333333333,245,335,216,29,22.7924902195,-6.2075097805,-8.08899316591414,-0.832788761154933,0.8816326530612245,0.9069694276755103,-0.02533677461428574
Anders Lindback,14-15,DAL,10,523.416666666667,256,346,224,32,21.4150252396,-10.5849747604,-10.1501316345878,-1.75079982254083,0.875,0.9163475576578125,-0.041347557657812506
Rob Zepp,14-15,PHI,10,520.4,223,330,198,25,22.179587262,-2.820412738,-5.96671622856675,-0.154287511271926,0.8878923766816144,0.9005399674349777,-0.012647590753363303
Dan Ellis,14-15,FLA,8,488.7,221,307,202,19,16.7433973038,-2.2566026962,-0.137418325171531,-0.142443651204369,0.9140271493212669,0.9242380212497737,-0.010210871928506782
Martin Brodeur,14-15,STL,7,356.483333333333,169,222,152,17,13.4803327047,-3.5196672953,-2.57567283689588,-0.461636491791506,0.8994082840236687,0.9202347177236686,-0.020826433699999924
Jonas Gustavsson,14-15,DET,7,352.383333333333,168,236,153,15,14.7121331982,-0.2878668018,-0.661023885198269,0.220185825230108,0.9107142857142857,0.9124277785821429,-0.0017134928678571582
Joni Ortio,14-15,CGY,6,333.283333333333,153,220,139,14,12.8230734402707,-1.1769265597293,-0.941289609734136,0.0032375414150865,0.9084967320261438,0.9161890624818909,-0.007692330455747132
Ilya Bryzgalov,14-15,ANA,8,329.483333333333,150,207,127,23,11.9039132171,-11.0960867829,-10.1973427546413,-2.03520205095808,0.8466666666666667,0.9206405785526666,-0.07397391188599989
Richard Bachman,14-15,EDM,6,316.716666666667,168,239,153,15,16.7489860144,1.7489860144,-0.661023885198269,0.673796890485659,0.9107142857142857,0.9003036546761904,0.010410631038095253
Louis Domingue,14-15,ARI,7,307.75,158,232,144,14,14.9734544615,0.973454461500001,-0.514534368222181,0.482131557706819,0.9113924050632911,0.9052313008765822,0.006161104186708899
Michal Neuvirth,14-15,NYI,5,305.95,126,169,111,15,11.3433648981,-3.6566351019,-4.2457679138987,-0.530045396708828,0.8809523809523809,0.9099732944595238,-0.029020913507142865
Anton Forsberg,14-15,CBJ,5,256.2,149,180,129,20,14.0828223876,-5.9171776124,-7.2826938029437,-0.938707816831613,0.8657718120805369,0.9054844135060403,-0.03971260142550337
Matt Hackett,14-15,BUF,5,252.516666666667,155,226,137,18,12.4239224461,-5.5760775539,-4.77058751312935,-0.900650082712625,0.8838709677419355,0.9198456616380646,-0.03597469389612906
Jason LaBarbera,14-15,ANA,5,207.466666666667,99,131,90,9,6.8507279257,-2.1492720743,-0.550246218063265,-0.30807046010512,0.9090909090909091,0.9308007280232323,-0.021709818932323266
Mackenzie Skapski,14-15,NYR,2,119.083333333333,45,58,44,1,4.0394351522,3.0394351522,2.84079717360761,0.695841046972179,0.9777777777777777,0.9102347743955556,0.06754300338222219
Troy Grosenick,14-15,S.J,2,118.366666666667,58,87,55,3,5.1893846716,2.1893846716,1.95036080153869,0.54443906858828,0.9482758620689655,0.9105278504896551,0.0377480115793104
Marek Mazanec,14-15,NSH,2,105.733333333333,47,59,43,4,4.1392199512,0.1392199512,0.011499270212389,0.106816371114869,0.9148936170212766,0.9119314904000001,0.002962126621276484
Scott Clemmensen,14-15,N.J,3,101.583333333333,54,70,46,8,6.4093480633,-1.5906519367,-3.39104339167087,-0.202617628661743,0.8518518518518519,0.8813083691981481,-0.029456517346296285
Martin Brodeur,07-08,N.J,77,4645.21666666667,2089,2802,1921,168,176.557280039149,8.55728003914874,21.9304272111901,4.94572018698251,0.919578745811393,0.9154823934709675,0.004096352340425491
Evgeni Nabokov,07-08,S.J,77,4569.58333333333,1802,2510,1639,163,157.636016373004,-5.36398362699555,0.836586804482806,1.84111902886275,0.9095449500554939,0.9125216335332942,-0.002976683477800335
Ryan Miller,07-08,BUF,76,4449.48333333333,2093,2865,1896,197,178.060963930177,-18.9390360698229,-6.70589557059793,-0.470324512577242,0.9058767319636885,0.9149254830720607,-0.009048751108372222
Miikka Kiprusoff,07-08,CGY,76,4404.36666666667,2096,2823,1899,197,176.693749493313,-20.3062505066872,-6.43313765693895,-0.766185575623077,0.9060114503816794,0.9156995469974653,-0.009688096615785846
Henrik Lundqvist,07-08,NYR,72,4313.33333333333,1823,2532,1663,160,157.377914303511,-2.62208569648931,5.74589220009554,2.37920831648176,0.9122325836533187,0.9136709191971963,-0.0014383355438776224
Roberto Luongo,07-08,VAN,73,4243.58333333333,2029,2840,1861,168,182.649963429033,14.6499634290328,16.4752689380109,6.26415841871085,0.917200591424347,0.9099803038792346,0.007220287545112392
Tomas Vokoun,07-08,FLA,69,4034.83333333333,2213,2968,2033,180,186.967027964626,6.96702796462597,21.2044209757605,4.82259093364234,0.9186624491640307,0.915514221434873,0.003148227729157682
Cam Ward,07-08,CAR,69,3933.86666666667,1870,2629,1690,180,178.133508686559,-1.86649131344058,-9.98090048591405,2.91104411730039,0.9037433155080213,0.9047414392050487,-0.0009981236970273422
Vesa Toskala,07-08,TOR,66,3851.18333333333,1824,2570,1649,175,171.428798391733,-3.57120160826707,-9.16318849535148,2.45006810658908,0.9040570175438597,0.9060149131624271,-0.001957895618567407
Rick DiPietro,07-08,NYI,63,3708.06666666667,1778,2459,1604,174,170.750819794577,-3.24918020542304,-12.3454765047889,2.50133618956347,0.9021372328458943,0.9039646682820152,-0.00182743543612085
Manny Legace,07-08,STL,66,3675,1648,2388,1501,147,138.291325337085,-8.70867466291512,2.83501390332279,0.822676047338369,0.9108009708737864,0.9160853608391475,-0.005284389965361069
Marty Turco,07-08,DAL,62,3638.4,1543,2194,1403,140,146.245351760957,6.24535176095739,0.28848692525915,3.92976745919716,0.9092676604018146,0.9052201219954913,0.0040475384063233255
Martin Biron,07-08,PHI,62,3523.31666666667,1863,2528,1710,153,155.301123944911,2.30112394491096,16.382664382215,3.31566135848339,0.9178743961352657,0.9166392249356355,0.0012351711996301251
Tim Thomas,07-08,BOS,57,3345.15,1731,2265,1595,136,151.690855421994,15.6908554219938,21.3813161812207,5.90008034942078,0.9214326978625073,0.9123680789012166,0.009064618961290627
Niklas Backstrom,07-08,MIN,57,3341.76666666667,1602,2211,1471,131,126.093160458827,-4.90683954117311,14.6527258938854,1.35071968055451,0.918227215980025,0.9212901620107197,-0.00306294603069468
Jean-Sebastien Giguere,07-08,ANA,58,3316.23333333333,1508,2081,1391,117,126.6311312706,9.63113127059971,20.1063112659046,4.23886330540731,0.9224137931034483,0.916027101279443,0.006386691824005308
Martin Gerber,07-08,OTT,57,3204.06666666667,1619,2179,1474,145,149.970189985907,4.97018998590721,2.19835407128616,3.74590817958171,0.9104385423100679,0.9073686287919043,0.0030699135181636583
Ilya Bryzgalov,07-08,PHX,55,3173.1,1621,2321,1493,128,146.4066904199,18.4066904199,19.3801926803922,6.34044783113812,0.9210363972856261,0.9096812520543491,0.011355145231277008
Olie Kolzig,07-08,WSH,54,3162.4,1423,1945,1270,153,126.6030001766,-26.3969998234,-23.6218296210993,-2.89452570257989,0.8924806746310612,0.9110309204661982,-0.01855024583513698
Jose Theodore,07-08,COL,53,3034.31666666667,1367,1887,1244,123,124.631158776429,1.63115877642929,1.28668932393342,2.61819172788315,0.9100219458668617,0.9088287060889327,0.001193239777928956
Pascal Leclaire,07-08,CBJ,54,2990.1,1378,1818,1266,112,100.399207229106,-11.6007927708944,13.2868016740163,-0.447742615022295,0.918722786647315,0.9271413590499956,-0.008418572402680624
Nikolai Khabibulin,07-08,CHI,49,2836.2,1365,1744,1239,126,120.595686329806,-5.40431367019357,-1.89514928517256,1.1509859195827,0.9076923076923077,0.9116515118462959,-0.003959204153988205
Kari Lehtonen,07-08,ATL,48,2717.36666666667,1560,2045,1429,131,124.145643129793,-6.85435687020743,10.8341151026599,0.929282829295255,0.916025641025641,0.9204194595321841,-0.004393818506543079
Chris Mason,07-08,NSH,51,2695.78333333333,1278,1690,1148,130,106.640782314862,-23.3592176851384,-13.8051287812824,-2.66073543350363,0.8982785602503912,0.9165565083608278,-0.018277948110436593
Mathieu Garon,07-08,EDM,47,2673.66666666667,1359,1979,1241,118,119.8435790017,1.84357900170001,5.55933488750952,2.57207695501428,0.9131714495952906,0.9118148793217807,0.0013565702735098828
Johan Holmqvist,07-08,T.B,45,2478.01666666667,1129,1570,1005,124,93.2767438562831,-30.7232561437169,-21.3521051596775,-4.36478929082316,0.8901682905225864,0.9173810949014323,-0.02721280437884588
Jason LaBarbera,07-08,L.A,45,2428.95,1341,1855,1220,121,128.746884525733,7.74688452573309,0.922787405555752,3.90478350990688,0.9097688292319165,0.9039918832768582,0.005776945955058288
Carey Price,07-08,MTL,41,2419.68333333333,1282,1774,1179,103,116.973221811659,13.9732218116586,13.5585484369295,4.92064932150048,0.9196567862714509,0.9087572372763971,0.010899548995053743
Chris Osgood,07-08,DET,43,2411.03333333333,976,1329,892,84,85.7382005771328,1.73820057713283,4.73724124371545,1.92311669276462,0.9139344262295082,0.9121534830152328,0.0017809432142753545
Dominik Hasek,07-08,DET,41,2349.3,854,1191,770,84,78.9337450068,-5.0662549932,-6.35491391174898,0.450653117040482,0.9016393442622951,0.9075717271583138,-0.0059323828960187175
Dwayne Roloson,07-08,EDM,43,2346.9,1204,1602,1085,119,110.132531192117,-8.86746880788259,-9.53315731820349,0.272655024455813,0.9011627906976745,0.9085277980131918,-0.007365007315517369
Cristobal Huet,07-08,MTL,39,2270.8,1150,1641,1053,97,100.873681913526,3.87368191352621,7.5572002359352,2.62464123809332,0.9156521739130434,0.9122837548578034,0.0033684190552399906
Dan Ellis,07-08,NSH,44,2228.55,1147,1520,1060,87,93.1237954598651,6.12379545986511,17.2844423222762,2.9273952618022,0.9241499564080209,0.9188109891369964,0.005338967271024453
Fredrik Norrena,07-08,CBJ,37,1960.9,856,1126,767,89,64.7369812425006,-24.2630187574994,-11.173075302643,-3.61138655114994,0.8960280373831776,0.9243726854643685,-0.02834464808119086
Johan Hedberg,07-08,ATL,36,1927.83333333333,1026,1372,915,111,81.180982377,-29.819017623,-17.7167935286352,-4.40852766593791,0.8918128654970761,0.9208762355000001,-0.029063370002924027
Peter Budaj,07-08,COL,35,1915.13333333333,849,1215,767,82,73.0732725558,-8.9267274442,-4.80951043451392,-0.421574175043349,0.9034157832744405,0.9139301854466431,-0.010514402172202564
Ty Conklin,07-08,PIT,33,1867.53333333333,1013,1407,935,78,77.7612361464,-0.238763853600005,14.101255512176,1.38480933841537,0.9230009871668312,0.9232366869235933,-0.00023569975676207555
Marc-Andre Fleury,07-08,PIT,35,1860.28333333333,909,1306,837,72,79.9393245056814,7.9393245056814,10.6456478386653,3.04402464966277,0.9207920792079208,0.9120579488386343,0.008734130369286497
Patrick Lalime,07-08,CHI,32,1829.7,835,1077,749,86,72.5729013151,-13.4270986849,-10.0823806982557,-1.3217753875855,0.8970059880239521,0.9130863457304191,-0.016080357706466986
Ray Emery,07-08,OTT,31,1696.56666666667,800,1104,712,88,67.213348563273,-20.786651436727,-15.2645563576103,-2.87752756558607,0.89,0.9159833142959087,-0.02598331429590872
Josh Harding,07-08,MIN,29,1574.16666666667,838,1108,761,77,68.7121590260184,-8.28784097398164,-0.809622784596783,-0.375402944209127,0.9081145584725537,0.9180045835011713,-0.009890025028617577
Antero Niittymaki,07-08,PHI,28,1424.63333333333,739,989,670,69,62.7197566345578,-6.28024336544215,-1.81063393534251,-0.0882958884037768,0.9066305818673883,0.9151288814146714,-0.008498299547283095
Karri Ramo,07-08,T.B,22,1269.61666666667,632,869,568,64,53.6504333378,-10.3495666622,-6.53899952251213,-1.06096699066778,0.8987341772151899,0.9151100738325949,-0.016375896617405017
Dany Sabourin,07-08,PIT,24,1242.66666666667,596,835,539,57,51.6322445337666,-5.36775546623337,-2.81209448641967,-0.111832749753475,0.9043624161073825,0.9133687172252237,-0.009006301117841176
Jonas Hiller,07-08,ANA,23,1228.61666666667,578,754,536,42,54.9682494100884,12.9682494100884,10.5513580316266,3.57977756973515,0.9273356401384083,0.9048992224738954,0.022436417664512875
Mikael Tellqvist,07-08,PHX,22,1225.18333333333,607,793,551,56,52.6115602872,-3.3884397128,-0.811982136336809,0.298068810987422,0.9077429983525536,0.913325271355519,-0.005582273002965432
Hannu Toivonen,07-08,STL,23,1205.58333333333,566,812,497,69,57.712068171,-11.287931829,-17.5396736230093,-1.1719445043653,0.8780918727915195,0.898035215245583,-0.019943342454063595
Alex Auld,07-08,BOS,23,1181.21666666667,563,789,517,46,51.6099265120768,5.60992651207683,5.18756846333176,2.06112427486632,0.9182948490230906,0.908330503530947,0.009964345492143534
Mike Smith,07-08,DAL,21,1171.96666666667,510,698,462,48,41.9454315268859,-6.0545684731141,-1.63115467797656,-0.42620436339686,0.9058823529411765,0.9177540558296355,-0.011871702888459068
Wade Dubielewicz,07-08,NYI,20,1134.46666666667,627,891,576,51,67.6112228466708,16.6112228466708,6.00640395472293,4.53385334659049,0.9186602870813397,0.8921671086974947,0.026493178383845017
Brent Johnson,07-08,WSH,19,1033.03333333333,500,646,454,46,43.8417257817,-2.1582742183,-0.540347723506436,0.380109165551118,0.908,0.9123165484366,-0.0043165484366000095
Andrew Raycroft,07-08,TOR,19,966.05,509,713,446,63,54.3718017086261,-8.6281982913739,-16.7220739825296,-0.706884462238377,0.8762278978388998,0.893179171495823,-0.016951273656923282
Craig Anderson,07-08,FLA,17,936.866666666667,535,736,500,35,46.7674205415,11.7674205415,13.6418279358481,3.19100722698785,0.9345794392523364,0.9125842606700935,0.02199517858224298
John Grahame,07-08,CAR,17,850,424,583,371,53,41.1512118729507,-11.8487881270493,-14.4502148695335,-1.58797408044086,0.875,0.9029452550166257,-0.027945255016625703
Jean-Sebastien Aubin,07-08,L.A,19,832.35,385,555,341,44,37.8710779086,-6.1289220914,-8.99606774709995,-0.515959754169991,0.8857142857142857,0.9016335638737663,-0.015919278159480577
Erik Ersberg,07-08,L.A,14,802.133333333333,452,649,419,33,37.3373059906,4.3373059906,8.09552565795018,1.54632019640696,0.9269911504424779,0.917395340728761,0.009595809713716874
Mike Smith,07-08,T.B,13,776.15,338,470,302,36,29.6007117704,-6.3992882296,-5.26927506109035,-0.721797153541666,0.893491124260355,0.9124239296733728,-0.018932805413017784
Cristobal Huet,07-08,WSH,13,771.383333333333,329,474,308,21,28.8899172658,7.8899172658,8.91245119793277,2.09409803707607,0.9361702127659575,0.9121887013197568,0.023981511446200643
Steve Valiquette,07-08,NYR,13,685.583333333333,296,391,271,25,24.5276606384,-0.4723393616,1.91211414768419,0.358196523935304,0.9155405405405406,0.9171362816270271,-0.001595741086486524
Curtis Sanford,07-08,VAN,16,685.183333333333,313,436,281,32,25.92912075,-6.07087925,-3.54225767491503,-0.724395938041005,0.8977635782747604,0.9171593586261981,-0.01939578035143774
Alex Auld,07-08,PHX,9,509.8,249,343,219,30,19.5660268566,-10.4339731434,-7.3610931663062,-1.70538898789372,0.8795180722891566,0.9214215788891567,-0.041903506600000084
Jocelyn Thibault,07-08,BUF,12,507.05,214,330,186,28,22.4696082237,-5.5303917763,-8.54326882566075,-0.681101578771695,0.8691588785046729,0.8950018307303739,-0.025842952225700988
Dan Cloutier,07-08,L.A,9,492.866666666667,247,358,219,28,21.5780881969,-6.4219118031,-5.54293177541218,-0.874023812288077,0.8866396761133604,0.9126393190408907,-0.02599964292753032
Ilya Bryzgalov,07-08,ANA,9,439.966666666667,208,270,189,19,17.2952636317747,-1.70473636822531,-0.0887846529786742,-0.0189886950223698,0.9086538461538461,0.9168496940780062,-0.00819584792416006
Marc Denis,07-08,T.B,10,418.95,199,273,171,28,21.9452353502,-6.0547646498,-9.90705839395556,-0.794574280348726,0.8592964824120602,0.8897224354261307,-0.030425953014070473
Curtis Joseph,07-08,CGY,9,399.666666666667,181,259,164,17,17.719626682,0.719626681999998,-0.543605875909329,0.468803379515886,0.9060773480662984,0.9021015100441988,0.003975838022099554
Ondrej Pavelec,07-08,ATL,7,348.55,190,263,172,18,16.6778245627207,-1.32217543727933,-0.725332134932444,0.0453799584679411,0.9052631578947369,0.9122219759856806,-0.006958818090943675
Kevin Weekes,07-08,N.J,9,344.383333333333,160,229,143,17,16.4318943943624,-0.568105605637605,-2.45291127152206,0.190142012822953,0.89375,0.8973006600352351,-0.003550660035235076
Jaroslav Halak,07-08,MTL,6,284.666666666667,151,221,141,10,12.534309681,2.534309681,3.72881498750106,0.732580671372451,0.9337748344370861,0.9169913266158941,0.01678350782119198
Brian Boucher,07-08,S.J,5,238.983333333333,103,153,96,7,9.140481604,2.140481604,2.36468836895767,0.592108348620332,0.9320388349514563,0.9112574601553398,0.020781374796116525
Jonathan Bernier,07-08,L.A,4,238.383333333333,118,178,102,16,13.72265295,-2.27734705,-5.27152206274752,-0.198149031941497,0.864406779661017,0.8837063309322034,-0.019299551271186433
Manny Fernandez,07-08,BOS,4,231.466666666667,95,146,79,16,9.36512719075151,-6.63487280924849,-7.36266606746622,-1.14110440793776,0.8315789473684211,0.901419713781563,-0.06984076641314196
Corey Crawford,07-08,CHI,5,224.15,112,137,104,8,9.0893681259,1.0893681259,2.18296210993456,0.383066948873299,0.9285714285714286,0.9188449274473215,0.009726501124107112
Jimmy Howard,07-08,DET,4,199.8,95,128,88,7,9.251403037,2.251403037,1.63733393253378,0.616111410756813,0.9263157894736842,0.902616810136842,0.023698979336842174
Tuukka Rask,07-08,BOS,4,184.4,88,124,78,10,8.4503908845,-1.5496091155,-1.99910119933713,-0.151166986600316,0.8863636363636364,0.9039728308579545,-0.017609194494318192
Michael Leighton,07-08,CAR,3,158.15,68,97,61,7,7.1494297865,0.149429786500001,-0.817487290396874,0.161250765916668,0.8970588235294118,0.8948613266691177,0.0021974968602941347
Scott Clemmensen,07-08,TOR,3,154.333333333333,62,101,52,10,6.8404201804,-3.1595798196,-4.3630031177148,-0.499559770602906,0.8387096774193549,0.8896706422516129,-0.05096096483225798
Curtis McElhinney,07-08,CGY,5,149.916666666667,51,75,46,5,4.4871682356,-0.5128317644,-0.363115467797656,-0.0188933742963078,0.9019607843137255,0.9120163091058823,-0.010055524792156767
Jonathan Quick,07-08,L.A,3,140.516666666667,62,86,53,9,6.4881993636,-2.5118006364,-3.3630031177148,-0.377798690631931,0.8548387096774194,0.8953516231677419,-0.04051291349032249
Thomas Greiss,07-08,S.J,3,128.816666666667,50,72,43,7,3.89998445932292,-3.10001554067708,-2.45403477235064,-0.541919360792118,0.86,0.9220003108135415,-0.062000310813541515
Joey MacDonald,07-08,NYI,2,120.416666666667,73,91,67,6,6.9740787729,0.9740787729,0.63710923236806,0.321285935587483,0.9178082191780822,0.9044646743438356,0.013343544834246601
Jonathan Quick,15-16,L.A,68,4042.66666666667,1820,2580,1671,149,167.8605946147,18.8605946147,5.93776959639536,7.10388872542282,0.9181318681318681,0.9077689040578572,0.010362964074010939
Pekka Rinne,15-16,NSH,66,3904.06666666667,1745,2332,1584,161,133.445043292414,-27.5549567075865,-12.4470286012583,-3.12008073818118,0.9077363896848137,0.9235271958209661,-0.015790806136152358
Devan Dubnyk,15-16,MIN,67,3863.88333333333,1829,2607,1679,150,152.57160574449,2.57160574448974,5.70394538011379,3.4543549417591,0.9179879715691635,0.9165819542129634,0.001406017356200051
Braden Holtby,15-16,WSH,66,3843.66666666667,1803,2555,1662,141,158.6553123386,17.6553123386,12.4905486715938,6.67908597024815,0.9217970049916805,0.9120048184478092,0.009792186543871262
Martin Jones,15-16,S.J,65,3796.73333333333,1734,2434,1591,143,152.1185404751,9.11854047509999,4.61653432975248,4.79471968528011,0.9175317185697809,0.9122730447087082,0.005258673861072705
Henrik Lundqvist,15-16,NYR,65,3775.05,1944,2735,1788,156,171.3150133258,15.3150133258,9.49396928318274,6.43950639363448,0.9197530864197531,0.9118749931451646,0.007878093274588438
Tuukka Rask,15-16,BOS,64,3694.15,1855,2644,1698,157,157.9684531057,0.968453105700007,0.917342088633717,3.22745777425449,0.9153638814016173,0.9148418042556873,0.00052207714593
Roberto Luongo,15-16,FLA,62,3609.38333333333,1801,2436,1660,141,147.1555617709,6.15556177089999,12.3202873863231,4.08904475249397,0.9217101610216546,0.9182923032921155,0.0034178577295390644
Ben Bishop,15-16,T.B,61,3602.53333333333,1673,2345,1550,123,137.35900100926,14.3590010092604,19.4235651289942,5.59165187545287,0.9264793783622236,0.9178965923435385,0.008582786018685118
Craig Anderson,15-16,OTT,60,3485.1,1915,2598,1754,161,164.561143753532,3.56114375353224,2.02518064675664,3.88806976522545,0.9159268929503916,0.9140672878571635,0.0018596050932281338
Marc-Andre Fleury,15-16,PIT,58,3471.7,1665,2291,1533,132,134.4555093543,2.45550935430001,9.74251998791112,3.0831874933771,0.9207207207207208,0.9192459403277478,0.0014747803929729963
Cory Schneider,15-16,N.J,58,3418.81666666667,1596,2133,1474,122,141.4736605512,19.4736605512,13.8685056460698,6.72443772005508,0.9235588972431078,0.9113573555443608,0.012201541698746987
Corey Crawford,15-16,CHI,58,3333.25,1719,2301,1588,131,149.3291800637,18.3291800637,15.3395746902218,6.63918088686907,0.9237929028504944,0.9131302035696917,0.010662699280802768
Cam Talbot,15-16,EDM,56,3235.76666666667,1649,2274,1512,137,145.655345859131,8.65534585913059,3.380429705745,4.57538976629678,0.9169193450576106,0.9116704997822128,0.005248845275397818
Semyon Varlamov,15-16,COL,57,3177.05,1714,2399,1566,148,151.96270832656,3.96270832655995,-2.08607852295515,3.72933171359054,0.9136522753792299,0.9113403101945391,0.0023119651846907896
Steve Mason,15-16,PHI,54,3153.36666666667,1602,2152,1470,132,144.6799723403,12.6799723403,4.37928950188206,5.38600096809045,0.9176029962546817,0.9096879074030586,0.007915088851623064
Mike Condon,15-16,MTL,55,3133.83333333333,1458,2024,1317,141,132.2951027847,-8.70489721530001,-16.879523037613,0.74208508911567,0.9032921810699589,0.9092626181174897,-0.005970437047530752
Cam Ward,15-16,CAR,52,3053.21666666667,1343,1914,1221,122,122.0075678995,0.0075678995000032,-7.6695469406819,2.34017025097303,0.9091586001489204,0.9091529650785556,0.000005635070364773398
Ryan Miller,15-16,VAN,51,3052.93333333333,1634,2195,1497,137,143.0821127026,6.0821127026,2.10347006621427,3.99583111421386,0.916156670746634,0.9124344475504285,0.0037222231962055208
Petr Mrazek,15-16,DET,54,2971.43333333333,1448,1975,1333,115,124.751347396042,9.75134739604228,8.26917053603322,4.40054710795518,0.9205801104972375,0.9138457545607445,0.006734355936493075
Antti Niemi,15-16,DAL,48,2658.65,1246,1806,1128,118,116.719124333862,-1.28087566613782,-11.9272192763139,1.97330843146295,0.9052969502407705,0.9063249403420047,-0.0010279901012342219
Chad Johnson,15-16,BUF,45,2597.1,1271,1805,1169,102,112.8707391813,10.8707391813,6.2010467895706,4.40348230792308,0.919748229740362,0.9111953271586939,0.008552902581668076
Jake Allen,15-16,STL,47,2584.5,1261,1691,1160,101,104.4626507792,3.4626507792,6.34974036321678,2.71582147034163,0.9199048374306106,0.9171588812218874,0.0027459562087231992
John Gibson,15-16,ANA,40,2300.81666666667,993,1410,914,79,82.226445086,3.226445086,5.53472813693439,2.24093129216331,0.9204431017119838,0.9171939123001007,0.0032491894118831244
Frederik Andersen,15-16,ANA,43,2299.81666666667,1086,1539,998,88,92.5512379857,4.5512379857,4.45187790202492,2.71181868254985,0.9189686924493554,0.9147778655748618,0.0041908268744935695
Thomas Greiss,15-16,NYI,41,2291.11666666667,1197,1630,1107,90,102.9550504925,12.9550504925,11.9013792345523,4.642910090652,0.924812030075188,0.9139890973329156,0.010822932742272418
Kari Lehtonen,15-16,DAL,43,2287.55,1121,1621,1016,105,101.636127184994,-3.36387281500635,-9.56854960573671,1.25498282791711,0.9063336306868867,0.9093344092908172,-0.003000778603930554
Brian Elliott,15-16,STL,42,2265.91666666667,1114,1550,1036,78,99.0062265990469,21.0062265990469,16.8355358958156,6.22623013171588,0.9299820466786356,0.9111254698392758,0.018856576839359818
Louis Domingue,15-16,ARI,39,2217.98333333333,1143,1649,1042,101,97.960558244,-3.039441756,-3.69567546775831,1.25138208370648,0.9116360454943132,0.9142952246334209,-0.002659179139107737
Jonathan Bernier,15-16,TOR,38,2159.4,1114,1568,1011,103,94.8378477577,-8.1621522423,-8.16446410418439,0.1359507103988,0.90754039497307,0.9148672820846498,-0.007326887111579805
Karri Ramo,15-16,CGY,37,2152.36666666667,1034,1447,940,94,90.5603628167,-3.43963718329999,-5.97491551501496,1.02707345903899,0.9090909090909091,0.9124174440844294,-0.0033265349935203137
Sergei Bobrovsky,15-16,CBJ,37,2124.31666666667,1049,1443,952,97,90.4106246325,-6.5893753675,-7.69795587548423,0.375174222485223,0.9075309818875119,0.9138125599308865,-0.006281578043374592
Jaroslav Halak,15-16,NYI,36,2094.93333333333,984,1363,904,80,87.3193336316,7.3193336316,3.76855235321595,3.18192338915962,0.9186991869918699,0.9112608398052846,0.007438347186585315
Jimmy Howard,15-16,DET,37,1976.86666666667,979,1339,887,92,85.128614062,-6.871385938,-8.65710085996096,0.215819388227551,0.906026557711951,0.9130453380367722,-0.007018780324821283
Eddie Lack,15-16,CAR,34,1921.21666666667,910,1319,820,90,88.0018874032787,-1.99811259672127,-12.5311152018023,1.27507106589395,0.9010989010989011,0.9032946292271663,-0.002195728128265184
Ondrej Pavelec,15-16,WPG,33,1904.88333333333,918,1283,830,88,90.7397101553,2.7397101553,-9.85007006071928,2.30381576803244,0.9041394335511983,0.9011549998308278,0.002984433720370494
Jacob Markstrom,15-16,VAN,32,1850.03333333333,988,1348,904,84,90.7166826724,6.7166826724,0.109074923757476,3.12286181692618,0.9149797570850202,0.9081814952708502,0.006798261814169981
Michal Neuvirth,15-16,PHI,32,1829.05,908,1242,839,69,83.4817685714,14.4817685714,8.29862351292691,4.58424368830046,0.9240088105726872,0.9080597262429515,0.01594908432973574
James Reimer,15-16,TOR,32,1815.85,920,1295,845,75,78.4474035737,3.4474035737,3.32019122455149,2.21402584903658,0.9184782608695652,0.9147310830720652,0.003747177797500001
Joonas Korpisalo,15-16,CBJ,31,1808.15,969,1353,891,78,87.1900842112,9.1900842112,4.49159271368522,3.56492929399719,0.9195046439628483,0.9100205529296181,0.009484091033230113
Mike Smith,15-16,ARI,32,1756.55,921,1327,844,77,75.8251210397,-1.17487896030001,1.40532186718687,1.2113037919304,0.9163952225841476,0.9176708783499458,-0.0012756557657981338
Michael Hutchinson,15-16,WPG,30,1592.8,805,1084,730,75,71.2358452489,-3.76415475109999,-6.46983267851745,0.589796419405915,0.906832298136646,0.9115082667715528,-0.004675968634906824
Scott Darling,15-16,CHI,29,1558.56666666667,781,1067,714,67,67.5863956632,0.586395663199994,-0.512968101766617,1.41631086301464,0.9142125480153649,0.9134617213019207,0.0007508267134441748
Connor Hellebuyck,15-16,WPG,26,1436.96666666667,683,945,627,56,63.5037041099,7.5037041099,2.14422891996595,2.76342233680272,0.91800878477306,0.90702239515388,0.010986389619180081
Anders Nilsson,15-16,EDM,26,1416.18333333333,745,1035,671,74,67.4164919944,-6.5835080056,-10.5776712366404,-0.0643625957078878,0.9006711409395973,0.909508064437047,-0.008836923497449689
Andrew Hammond,15-16,OTT,24,1389.3,712,991,651,61,64.5047378043,3.50473780430001,-0.386982443607977,1.95859047013361,0.9143258426966292,0.9094034581400281,0.0049223845566011
Al Montoya,15-16,FLA,25,1355.31666666667,608,868,559,49,53.7903635213,4.7903635213,2.75943072231229,2.01813360259762,0.9194078947368421,0.9115290073662828,0.007878887370559307
Jonas Hiller,15-16,CGY,26,1352.78333333333,654,946,575,79,61.9395545748,-17.0604454252,-23.3245597164601,-2.32820108116463,0.8792048929663608,0.9052912009559633,-0.02608630798960243
Jonas Gustavsson,15-16,BOS,24,1263.16666666667,623,865,566,57,51.4239679826,-5.5760320174,-3.96360963815697,-0.163304736107207,0.9085072231139647,0.9174575152767256,-0.008950292162760887
Andrei Vasilevskiy,15-16,T.B,24,1261.05,646,902,588,58,52.9434415054,-5.0565584946,-3.00560485754319,-0.0271381127337626,0.9102167182662538,0.9180442081959753,-0.007827489929721487
Keith Kinkaid,15-16,N.J,23,1242.05,605,837,547,58,49.4493398937,-8.5506601063,-6.49596120559386,-0.814100155088248,0.9041322314049587,0.9182655538947108,-0.014133322489752076
Joni Ortio,15-16,CGY,22,1200.8,564,815,509,55,51.8892133044,-3.1107866956,-6.98631755364452,0.353596758636548,0.9024822695035462,0.9079978487510639,-0.005515579247517777
Robin Lehner,15-16,BUF,21,1169.81666666667,635,863,587,48,50.5959345396163,2.5959345396163,6.05795807346761,1.50472369460927,0.9244094488188976,0.9203213629297381,0.004088085889159543
Antti Raanta,15-16,NYR,25,1150.35,530,744,487,43,47.7735894831,4.7735894831,2.11924059675249,1.89934914241093,0.9188679245283019,0.9098611519186792,0.009006772609622682
Linus Ullmark,15-16,BUF,20,1135.88333333333,565,785,516,49,44.7044501032,-4.2955498968,-0.901186911009134,-0.0282490659032992,0.9132743362831859,0.9208770794633628,-0.007602743180176952
Philipp Grubauer,15-16,WSH,22,1117.53333333333,523,758,480,43,48.2454000887,5.2454000887,1.52332609830481,2.00561309207519,0.9177820267686424,0.9077525810923518,0.010029445676290605
Darcy Kuemper,15-16,MIN,21,1067.35,507,729,464,43,45.9372074588184,2.93720745881841,0.161235816138706,1.48574842068819,0.9151873767258383,0.9093940681285633,0.005793308597275004
Calvin Pickard,15-16,COL,20,994.3,539,750,497,42,52.1278770794,10.1278770794,3.88541638047093,3.08610542176908,0.922077922077922,0.9032877976263451,0.018790124451576906
Carter Hutton,15-16,NSH,17,979.85,464,662,426,38,40.3710196517,2.3710196517,1.50061818281728,1.26238952376359,0.9181034482758621,0.9129934921299568,0.005109956145905259
Garret Sparks,15-16,TOR,17,977.1,456,640,407,49,41.1400805142,-7.8599194858,-10.1804269582658,-0.831037273914489,0.8925438596491229,0.9097805251881579,-0.017236665539035023
Anders Lindback,15-16,ARI,19,910.45,443,616,396,47,36.7857881987,-10.2142118013,-9.28712531252574,-1.39962029099882,0.8939051918735892,0.916962103388939,-0.02305691151534983
Jhonas Enroth,15-16,L.A,16,858.716666666667,399,549,368,31,35.0111009845,4.0111009845,2.96712641151744,1.49760398815575,0.9223057644110275,0.9122528797380952,0.010052884672932305
Curtis McElhinney,15-16,CBJ,18,835.433333333333,417,590,371,46,42.61507143,-3.38492857,-10.5005220210457,0.119343149564004,0.8896882494004796,0.8978055841007194,-0.008117334700239787
Ben Scrivens,15-16,MTL,15,830.766666666667,447,597,405,42,38.7004534054,-3.2995465946,-3.94660274198422,0.0619023697837481,0.9060402684563759,0.9134218044621923,-0.00738153600581648
Matt Murray,15-16,PIT,13,749.6,355,463,330,25,29.4017761141,4.4017761141,5.22137813556063,1.4705876174184,0.9295774647887324,0.9171780954532394,0.012399369335493016
Jeff Zatkoff,15-16,PIT,14,736.183333333333,408,533,374,34,29.550277689,-4.449722311,0.733302195235879,-0.350488963060371,0.9166666666666666,0.9275728488014706,-0.010906182134803988
Reto Berra,15-16,COL,14,724.016666666667,374,522,345,29,31.2629351296,2.2629351296,2.83886034563289,1.06553632476395,0.9224598930481284,0.9164092643593582,0.006050628688770154
Carey Price,15-16,MTL,12,699.016666666667,365,491,341,24,31.3446829688819,7.34468296888188,7.07268456191445,2.11423859414738,0.9342465753424658,0.9141241562496386,0.020122419092827193
Alex Stalock,15-16,S.J,13,676.416666666667,285,379,252,33,24.1972215598,-8.8027784402,-8.73776684891611,-1.35007752796097,0.8842105263157894,0.915097468211228,-0.030886941895438502
James Reimer,15-16,S.J,8,481.433333333333,208,280,195,13,14.7484498359,1.7484498359,4.70717366815947,0.642976897086835,0.9375,0.9290939911735576,0.00840600882644238
J-F Berube,15-16,NYI,7,398.7,210,268,192,18,19.0865079125,1.0865079125,-0.122565046569768,0.589729218584799,0.9142857142857143,0.9091118670833334,0.005173847202380899
Anton Khudobin,15-16,ANA,9,356.333333333333,175,250,159,16,17.6725504632,1.6725504632,-1.10213753880814,0.683385652054121,0.9085714285714286,0.8990139973531429,0.009557431218285672
Laurent Brossoit,15-16,EDM,5,301.533333333333,142,219,124,18,14.6440586674,-3.3559413326,-5.91144874577575,-0.410825235605528,0.8732394366197183,0.8968728262859155,-0.023633389666197213
Scott Wedgewood,15-16,N.J,4,242.25,116,160,111,5,9.7213852076,4.7213852076,4.87515454570432,1.15921680721533,0.9568965517241379,0.9161949551068966,0.040701596617241265
Niklas Backstrom,15-16,CGY,4,232.716666666667,109,150,96,13,10.8709952453,-2.1290047547,-3.72075995274336,-0.230326149835928,0.8807339449541285,0.9002660986669725,-0.019532153712844003
Dustin Tokarski,15-16,MTL,6,227.683333333333,98,135,86,12,8.1480918759,-3.8519081241,-3.65719702173256,-0.637536296024929,0.8775510204081632,0.9168562053479591,-0.039305184939795845
Chris Gibson,15-16,NYI,4,194.033333333333,93,131,82,11,7.181636155,-3.818363845,-3.08285023490947,-0.649149009064361,0.8817204301075269,0.922778105860215,-0.04105767575268815
Anton Forsberg,15-16,CBJ,4,178.15,97,129,88,9,10.0835876915,1.0835876915,-0.74232766436794,0.416561739799855,0.9072164948453608,0.8960454877164948,0.011171007128865984
Cam Talbot,16-17,EDM,73,4313.96666666667,2119,2908,1948,171,199.050928664987,28.0509286649874,12.3304350174168,9.2156867715997,0.9193015573383672,0.9060637429613086,0.01323781437705851
Martin Jones,16-17,S.J,65,3816.58333333333,1725,2493,1573,152,160.601369865,8.60136986500001,-2.75743256014911,4.65875443384956,0.9118840579710145,0.9068977566,0.004986301371014412
Frederik Andersen,16-17,TOR,66,3810.66666666667,2052,2922,1883,169,191.9577657672,22.9577657672,8.53376718062262,8.07715981296526,0.9176413255360624,0.906453330522807,0.011187995013255403
Devan Dubnyk,16-17,MIN,65,3773.58333333333,1842,2567,1701,141,141.027830031062,0.0278300310623933,18.3651067966408,2.60170078949726,0.9234527687296417,0.9234376601351455,0.000015108594496160421
Sergei Bobrovsky,16-17,CBJ,63,3715.68333333333,1854,2563,1727,127,176.021943886664,49.0219438866643,33.4033159614397,12.9419550669927,0.9314994606256742,0.9050582826932771,0.026441177932397086
Carey Price,16-17,MTL,62,3714.06666666667,1794,2409,1656,138,155.7093226094,17.7093226094,17.2122701374449,6.37118054136031,0.9230769230769231,0.9132055057918618,0.009871417285061357
Tuukka Rask,16-17,BOS,65,3687.65,1612,2295,1475,137,140.301942375312,3.30194237531191,2.46609780466065,3.23629201750402,0.9150124069478908,0.9129640555984417,0.002048351349449029
Braden Holtby,16-17,WSH,63,3687.55,1690,2434,1563,127,162.8669394623,35.8669394623,19.2144573758539,10.0963786919595,0.9248520710059172,0.9036290299039644,0.021223041101952722
Cam Ward,16-17,CAR,61,3631.71666666667,1711,2392,1549,162,155.36537538975,-6.63462461024957,-13.9686765857479,1.54712719309238,0.9053185271770894,0.9091961569902104,-0.0038776298131210085
Pekka Rinne,16-17,NSH,61,3574.38333333333,1757,2431,1613,144,140.230090249504,-3.7699097504958,8.01112521264812,1.83543393524033,0.9180421172453045,0.9201877687822971,-0.002145651536992643
Cory Schneider,16-17,N.J,60,3483.91666666667,1781,2449,1618,163,155.9975103287,-7.0024896713,-8.91245645775396,1.48596290002246,0.9084783829309376,0.9124101570304886,-0.003931774099550922
Jake Allen,16-17,STL,61,3421.76666666667,1620,2241,1482,138,126.4929100108,-11.5070899892,2.15823724785994,0.0513397589566672,0.9148148148148149,0.9219179567834568,-0.007103141968641924
Robin Lehner,16-17,BUF,59,3416.95,1912,2571,1760,152,152.613083368,0.613083367999991,13.4213269246347,2.93079763508488,0.9205020920502092,0.9201814417531381,0.00032065029707106785
Corey Crawford,16-17,CHI,55,3258.4,1691,2272,1553,138,143.597203366181,5.59720336618099,8.30097480625381,3.7511920367381,0.9183914843287996,0.9150814882518149,0.003309996076984678
Henrik Lundqvist,16-17,NYR,57,3249.61666666667,1650,2306,1502,148,141.495547444014,-6.50445255598555,-5.24623984014264,1.31755770653365,0.9103030303030303,0.9142451227612036,-0.003942092458173341
Steve Mason,16-17,PHI,58,3228.31666666667,1556,2165,1413,143,144.1826579659,1.18265796590001,-8.3788782977345,2.88832131267805,0.9080976863753213,0.9073376234152314,0.0007600629600899023
Ryan Miller,16-17,VAN,54,3225.78333333333,1737,2317,1587,150,146.7698186115,-3.2301813885,0.280776604649844,2.06263779358026,0.9136442141623489,0.9155038465103628,-0.0018596323480138954
Mike Smith,16-17,ARI,55,3208.36666666667,1819,2658,1663,156,172.5725770598,16.5725770598,1.37520589744275,6.45665312205693,0.914238592633315,0.9051277751183067,0.009110817515008307
Kari Lehtonen,16-17,DAL,59,3187.53333333333,1547,2214,1396,151,148.2981644882,-2.7018355118,-17.1575351713337,2.19533407168473,0.9023917259211377,0.9041382259287654,-0.0017465000076276604
Peter Budaj,16-17,L.A,53,3030.8,1286,1854,1179,107,113.5407219575,6.5407219575,4.26141549428883,3.3846041860717,0.916796267496112,0.9117101695509332,0.00508609794517878
Connor Hellebuyck,16-17,WPG,56,3027.33333333333,1573,2145,1427,146,136.857372485536,-9.14262751446358,-9.90808198093598,0.71007243026853,0.9071837253655436,0.9129959488330985,-0.0058122234675549445
John Gibson,16-17,ANA,52,2960.98333333333,1438,2009,1329,109,127.9537381417,18.9537381417,15.4120649150757,6.10649827318441,0.9242002781641169,0.911019653587135,0.01318062457698188
Petr Mrazek,16-17,DET,50,2867.63333333333,1463,1997,1318,145,125.7664797462,-19.2335202538,-18.4249993249265,-1.49111098472117,0.9008885850991114,0.9140352154844839,-0.013146630385372449
Brian Elliott,16-17,CGY,49,2850.08333333333,1340,1851,1219,121,117.890954077062,-3.10904592293801,-5.06664326411584,1.55497733114883,0.9097014925373135,0.9120216760618941,-0.0023201835245806324
Andrei Vasilevskiy,16-17,T.B,50,2837.3,1480,1979,1357,123,118.1429927874,-4.8570072126,5.04579699187207,1.21369168474762,0.9168918918918919,0.920173653522027,-0.0032817616301350494
Calvin Pickard,16-17,COL,50,2831.38333333333,1461,2000,1321,140,121.65036215711,-18.3496378428902,-13.5980341857263,-1.39196263327781,0.9041752224503764,0.9167348650533128,-0.012559642602936405
Thomas Greiss,16-17,NYI,51,2817.1,1453,2087,1327,126,131.9111402494,5.91114024940001,-0.290173628925601,3.59819113087292,0.9132828630419821,0.9092146316246387,0.004068231417343471
Matt Murray,16-17,PIT,49,2768.8,1450,1946,1339,111,126.3227269233,15.3227269233,14.4502740798746,5.35788761058626,0.923448275862069,0.912880877983931,0.010567397878137985
Craig Anderson,16-17,OTT,40,2425.48333333333,1247,1739,1155,92,106.837219859,14.837219859,15.8872357086922,4.9030943412224,0.9262229350441058,0.9143246031603849,0.011898331883720914
Roberto Luongo,16-17,FLA,40,2333.9,1218,1582,1114,104,103.3177844369,-0.682215563100002,1.3782302270947,1.76697378296217,0.9146141215106732,0.915174232810427,-0.0005601112997537516
James Reimer,16-17,FLA,43,2333.48333333333,1222,1635,1124,98,100.0769835535,2.0769835535,7.72429994869437,2.25336528295247,0.9198036006546645,0.918103941445581,0.0016996592090834373
Mike Condon,16-17,OTT,40,2309.63333333333,1115,1621,1019,96,102.6464605471,6.64646054710001,0.466934895903606,3.20497671640101,0.9139013452914798,0.9079403941281614,0.0059609511633184065
Marc-Andre Fleury,16-17,PIT,38,2125.25,1181,1548,1074,107,108.896328635,1.896328635,-4.82291469770209,2.3799693346846,0.9093988145639289,0.9077931171591872,0.0016056974047417016
Chad Johnson,16-17,CGY,36,2020.58333333333,969,1394,882,87,91.2605003737178,4.2605003737178,-3.16460994248376,2.5231847655499,0.9102167182662538,0.9058199170549868,0.004396801211267065
Jonathan Bernier,16-17,ANA,39,1993.18333333333,982,1489,899,83,89.4792486043,6.4792486043,1.96011665271512,2.92948878877644,0.9154786150712831,0.908880602235947,0.00659801283533612
Ben Bishop,16-17,T.B,32,1818.18333333333,870,1223,793,77,75.5109672078214,-1.48903279217865,-1.72983555207522,1.09540481594145,0.9114942528735632,0.913205784818596,-0.0017115319450328181
Antti Niemi,16-17,DAL,37,1731.81666666667,881,1257,786,95,79.6954124251,-15.3045875749,-18.7781438176762,-1.56169256787688,0.8921679909194098,0.9095398269862656,-0.017371836066855773
Scott Darling,16-17,CHI,32,1693.7,877,1145,810,67,72.0640391808,5.06403918079999,8.87578646072419,2.32881762653509,0.9236031927023945,0.917828917695781,0.005774275006613538
Antti Raanta,16-17,NYR,30,1621.83333333333,782,1084,721,61,65.4623456776,4.4623456776,6.6566305727324,2.08821000669131,0.921994884910486,0.9162885605145781,0.005706324395907902
Jaroslav Halak,16-17,NYI,28,1610.28333333333,885,1229,810,75,78.6395820552,3.63958205519999,1.56792590392349,2.16796409674703,0.9152542372881356,0.9111417151918644,0.0041125220962712206
Louis Domingue,16-17,ARI,31,1604.18333333333,888,1262,806,82,79.30373276,-2.69626724,-5.17252180487677,0.92631175848567,0.9076576576576577,0.9106939946396396,-0.003036336981981913
Anders Nilsson,16-17,BUF,26,1488.61666666667,858,1196,792,66,79.2135672789,13.2135672789,8.23195528312583,4.07324372495156,0.9230769230769231,0.9076764950129371,0.015400428063986005
Keith Kinkaid,16-17,N.J,26,1482.7,779,1052,714,65,67.6587840668,2.6587840668,2.39707828153266,1.77171554934329,0.9165596919127086,0.9131466186562259,0.003413073256482657
Carter Hutton,16-17,STL,30,1461.45,663,931,605,58,56.4291140053,-1.5708859947,-0.638943644857314,0.727926446346141,0.9125188536953243,0.9148882141699849,-0.002369360474660631
Jacob Markstrom,16-17,VAN,25,1416.6,693,949,631,62,61.9798327254,-0.0201672745999985,-2.04342073285991,1.13700079589031,0.9105339105339105,0.9105630119402598,-0.000029101406349263392
Jimmy Howard,16-17,DET,26,1406.3,675,958,626,49,58.1460938571,9.1460938571,9.39926551994165,2.8804487516027,0.9274074074074075,0.9138576387302222,0.01354976867718527
Michael Hutchinson,16-17,WPG,28,1381.15,691,931,624,67,58.4439998960505,-8.55600010394949,-7.21645559365974,-0.617351053113967,0.9030390738060782,0.9154211289492756,-0.012382055143197457
Michal Neuvirth,16-17,PHI,28,1366.35,586,821,522,64,52.5419284670073,-11.4580715329927,-13.3007857856507,-1.30032920730112,0.8907849829351536,0.9103380060289977,-0.019553023093844102
Semyon Varlamov,16-17,COL,24,1350.7,745,981,669,76,63.3188747222,-12.6811252778,-11.5445143520644,-1.34398057003485,0.897986577181208,0.915008221849396,-0.017021644668188007
Philipp Grubauer,16-17,WSH,24,1267.13333333333,585,830,542,43,54.6803023414,11.6803023414,7.61269678394943,3.31817223087451,0.9264957264957265,0.9065293977070086,0.019966328788717957
Juuse Saros,16-17,NSH,21,1201.28333333333,614,886,567,47,50.2747294207,3.2747294207,6.12170226554692,1.57358799072422,0.9234527687296417,0.9181193331910424,0.005333435538599218
Al Montoya,16-17,MTL,19,1128.81666666667,569,773,519,50,48.1637473742,-1.8362526258,-0.771582102449187,0.523251968319205,0.9121265377855887,0.9153536953001756,-0.003227157514586909
Aaron Dell,16-17,S.J,20,1112.41666666667,533,759,496,37,46.6637160069,9.6637160069,9.11379040315392,2.77150727466874,0.9305816135084428,0.9124508142459662,0.018130799262476627
Eddie Lack,16-17,CAR,20,1091.6,492,738,444,48,48.3282073389,0.3282073389,-5.43342424324253,0.954630993003576,0.9024390243902439,0.9017719363030487,0.0006670880871951779
Darcy Kuemper,16-17,MIN,18,1054.16666666667,562,791,507,55,44.2944789397,-10.7055210603,-6.37720411524858,-1.30322577665618,0.902135231316726,0.9211842011749111,-0.01904896985818505
Jonathan Quick,16-17,L.A,17,934.816666666667,421,633,386,35,44.0936799687,9.0936799687,1.4238381983636,2.61138385872578,0.9168646080760094,0.8952644181266033,0.021600189949406157
Anton Khudobin,16-17,BOS,16,888.716666666667,406,563,367,39,36.7059657841588,-2.29403421584119,-3.8739232576351,0.221728704598337,0.9039408866995073,0.909591217280397,-0.005650330580889706
Joonas Korpisalo,16-17,CBJ,14,792.55,401,590,363,38,39.5839504637,1.5839504637,-3.30651040963467,1.04217160660727,0.9052369077306733,0.9012869065743143,0.003950001156359018
Curtis McElhinney,16-17,TOR,14,760.916666666667,418,596,382,36,38.9979166015,2.9979166015,0.164285907163865,1.31121032074947,0.9138755980861244,0.9067035488002393,0.007172049285885107
Jared Coreau,16-17,DET,14,717.266666666667,363,513,322,41,32.5388988938,-8.4611011062,-9.59417276483138,-1.07545950864883,0.8870523415977961,0.9103611600721763,-0.023308818474380155
Jeff Zatkoff,16-17,L.A,13,552.266666666667,223,301,196,27,17.2707851098,-9.7292148902,-7.70661302081928,-1.60749405098042,0.8789237668161435,0.9225525331399104,-0.04362876632376689
Jeremy Smith,16-17,COL,10,547.15,286,377,254,32,25.1101338044,-6.8898661956,-7.25601490562472,-0.901265366365549,0.8881118881118881,0.9122023293552448,-0.024090441243356686
J-F Berube,16-17,NYI,14,529.516666666667,271,365,241,30,20.5760993757,-9.4239006243,-6.55377636162343,-1.48622386714203,0.8892988929889298,0.9240734340380073,-0.03477454104907751
Ondrej Pavelec,16-17,WPG,8,441.833333333333,233,296,207,26,19.5473186468404,-6.45268135315955,-5.84143871682014,-0.917151839676471,0.8884120171673819,0.916105928554333,-0.027693911386951098
Ben Bishop,16-17,L.A,7,410.016666666667,170,242,153,17,15.471693667,-1.528306333,-2.2920368320147,-0.0176355332845354,0.9,0.9089900372529411,-0.008990037252941119
Anthony Stolarz,16-17,PHI,7,377.5,181,244,168,13,15.7783865522,2.7783865522,2.65965490238435,0.840314554807872,0.9281767955801105,0.9128265936342541,0.015350201945856345
Curtis McElhinney,16-17,CBJ,7,376.2,198,260,183,15,16.7017691939,1.7017691939,2.13045121918288,0.644248200546716,0.9242424242424242,0.9156476303338384,0.008594793908585752
Zane McIntyre,16-17,BOS,8,336.033333333333,155,206,133,22,13.3539875956,-8.6460124044,-8.5897982880134,-1.46523051098366,0.8580645161290322,0.9138452413187097,-0.05578072518967747
Laurent Brossoit,16-17,EDM,8,334.133333333333,153,213,142,11,14.4553213919718,3.45532139197176,2.23716685118677,0.949925055802169,0.9281045751633987,0.9055207752158705,0.022583799947528238
Jonas Gustavsson,16-17,EDM,7,331.116666666667,139,196,122,17,12.4588846173,-4.5411153827,-4.97407717441202,-0.669340236510188,0.8776978417266187,0.9103677365661871,-0.03266989483956839
Reto Berra,16-17,FLA,7,314.366666666667,145,212,127,18,14.8491103365,-3.1508896635,-5.45497259201253,-0.350209591770841,0.8758620689655172,0.8975923425068966,-0.021730273541379352
Richard Bachman,16-17,VAN,5,298.1,162,236,149,13,14.8632541012,1.8632541012,1.015823724786,0.642361046121184,0.9197530864197531,0.9082515178938272,0.011501568525925876
Peter Budaj,16-17,T.B,7,278.866666666667,128,175,115,13,10.4495867402,-2.5504132598,-1.92576890881107,-0.312365167916069,0.8984375,0.9183626035921875,-0.019925103592187465
Jhonas Enroth,16-17,TOR,6,274.433333333333,141,190,123,18,12.8002337908,-5.1997662092,-5.80104231361219,-0.793404782416719,0.8723404255319149,0.9092182000652482,-0.036877774533333296
Michael Leighton,16-17,CAR,4,210.283333333333,92,131,80,12,8.8311566809,-3.1688433191,-4.04039640320795,-0.464547674493105,0.8695652173913043,0.9040091665119566,-0.034443949120652295
Andrew Hammond,16-17,OTT,6,205.883333333333,86,123,72,14,8.8024490241,-5.1975509759,-6.55950098560743,-0.866561938227565,0.8372093023255814,0.8976459415802326,-0.06043663925465115
Spencer Martin,16-17,COL,3,179.433333333333,96,130,83,13,8.5333114366,-4.4666885634,-4.6943266816083,-0.726877208815455,0.8645833333333334,0.9111113392020833,-0.046528005868749944
Marek Mazanec,16-17,NSH,4,179.1,87,127,73,14,8.006484522,-5.993515478,-6.47298355520752,-1.03873807055526,0.8390804597701149,0.9079714422758621,-0.06889098250574721
Justin Peters,16-17,ARI,3,132.916666666667,70,92,63,7,5.0670644249,-1.9329355751,-0.943779872006052,-0.289252258484773,0.9,0.9276133653585715,-0.027613365358571507
Charlie Lindgren,16-17,MTL,2,121.7,59,80,56,3,4.7157402554,1.7157402554,2.1045283935949,0.426361291753242,0.9491525423728814,0.9200721990610169,0.029080343311864487
Antoine Bibeau,16-17,TOR,2,120.65,55,87,51,4,5.0466532915,1.0466532915,0.758458671995245,0.300039291187323,0.9272727272727272,0.9082426674272728,0.019030059845454472
Alex Stalock,16-17,MIN,2,118.916666666667,54,76,51,3,4.592347249,1.592347249,1.67194124159533,0.399669987628262,0.9444444444444444,0.9149565324259259,0.029487912018518525
Connor Hellebuyck,17-18,WPG,67,3968.46666666667,2048,2857,1892,156,181.0100754811,25.0100754811,23.7161966694277,7.78419494830925,0.923828125,0.9116161740814941,0.01221195091850591
Sergei Bobrovsky,17-18,CBJ,65,3920.75,1994,2732,1836,158,187.8907154247,29.8907154247,16.9775860150581,8.81110801537587,0.9207622868605817,0.9057719581621364,0.014990328698445299
Frederik Andersen,17-18,TOR,66,3898.88333333333,2211,3059,2029,182,202.9872929695,20.9872929695,12.0197806816918,7.41618201339011,0.9176843057440073,0.9081920882091814,0.009492217534825875
Andrei Vasilevskiy,17-18,T.B,65,3832.08333333333,2075,2769,1908,167,166.9833289987,-0.0166710013000113,15.0855019966126,2.88621691867116,0.9195180722891566,0.9195261065066506,-0.000008034217493957385
Cam Talbot,17-18,EDM,67,3740.2,2037,2771,1849,188,189.9711561253,1.97115612530001,-9.2490758712772,3.65373554247462,0.907707412862052,0.906739736806431,0.0009676760556209807
Jonathan Quick,17-18,L.A,64,3686.01666666667,1867,2667,1720,147,176.189064557,29.189064557,16.8330757723738,8.47811855890034,0.9212640599892876,0.9056298529421533,0.015634207047134363
Henrik Lundqvist,17-18,NYR,63,3510.28333333333,2037,2745,1863,174,178.5928855954,4.59288559539999,4.7509241287228,3.94452985328872,0.914580265095729,0.9123255348083456,0.002254730287383433
Pekka Rinne,17-18,NSH,59,3477.66666666667,1841,2466,1707,134,158.9342410477,24.9342410477,27.551522494344,7.38810996622186,0.9272134709397066,0.9136696137709397,0.013543857168766937
Devan Dubnyk,17-18,MIN,60,3453.48333333333,1769,2480,1624,145,144.3279177341,-0.672082265900002,10.2333749551844,2.37229530966692,0.9180327868852459,0.9184127090253815,-0.0003799221401356023
John Gibson,17-18,ANA,60,3436.41666666667,1873,2675,1734,139,169.4476912882,30.4476912882,25.3595880673038,8.59559191561705,0.9257875066737854,0.9095313981376401,0.01625610853614534
Martin Jones,17-18,S.J,60,3423.73333333333,1700,2381,1555,145,156.919610558786,11.9196105587859,4.17848356348983,4.9323745429273,0.9147058823529411,0.907694346730126,0.0070115356228152015
Jacob Markstrom,17-18,VAN,60,3416.05,1747,2432,1593,154,158.4848064299,4.4848064299,-0.697170126225444,3.57649509998421,0.9118488838008014,0.9092817364453921,0.002567147355409305
Jimmy Howard,17-18,DET,60,3385.78333333333,1770,2413,1610,160,159.0082761073,-0.991723892700008,-4.67887299566058,2.56685287589003,0.9096045197740112,0.9101648157585877,-0.0005602959845764088
Jake Allen,17-18,STL,59,3320.8,1614,2188,1462,152,130.9346193575,-21.0653806425,-10.3681926638397,-1.65284563920579,0.9058240396530359,0.9188757005219951,-0.013051660868959147
Craig Anderson,17-18,OTT,58,3252.33333333333,1768,2448,1588,180,162.4796717881,-17.5203282119,-24.8543770939706,-0.447598625235563,0.8981900452488688,0.9080997331515271,-0.009909687902658337
Mike Smith,17-18,CGY,55,3197.4,1686,2381,1545,141,158.4968955846,17.4968955846,6.94995487531992,5.99710776761508,0.9163701067615658,0.9059923513733096,0.010377755388256249
Tuukka Rask,17-18,BOS,54,3176.7,1514,2106,1389,125,135.4555984834,10.4555984834,7.85660242066095,4.28865837548538,0.917437252311757,0.9105313087956406,0.006905943516116397
Braden Holtby,17-18,WSH,54,3068.13333333333,1648,2347,1495,153,158.547584257,5.54758425700001,-8.38462299256986,3.77527067470738,0.9071601941747572,0.9037939415916263,0.0033662525831309464
Jaroslav Halak,17-18,NYI,54,3037.3,1744,2348,1583,161,151.8504399615,-9.1495600385,-7.96042627369044,0.925545966153283,0.9076834862385321,0.9129297936000574,-0.005246307361525315
Ben Bishop,17-18,DAL,53,2893.56666666667,1437,1982,1317,120,126.2352028482,6.2352028482,6.09969463572641,3.34407374169262,0.9164926931106472,0.9121536514626304,0.004339041648016795
Robin Lehner,17-18,BUF,53,2870.45,1561,2120,1418,143,136.100653249188,-6.8993467508121,-6.01905126905433,1.07159335883298,0.9083920563741191,0.9128118813265932,-0.004419824952474061
Carey Price,17-18,MTL,49,2869.98333333333,1487,2003,1339,148,130.9246298533,-17.0753701467,-17.5127029065239,-0.910829035575161,0.9004707464694015,0.911953846769805,-0.011483100300403448
Semyon Varlamov,17-18,COL,51,2864.85,1595,2215,1467,128,142.9676247691,14.9676247691,11.9645184022154,5.25792981215111,0.9197492163009404,0.9103651255366144,0.009384090764326003
Matt Murray,17-18,PIT,49,2739.73333333333,1423,1907,1290,133,124.1319266069,-8.8680733931,-8.12883405244351,0.498291503313391,0.9065354884047786,0.9127674444083627,-0.00623195600358406
Marc-Andre Fleury,17-18,VGK,46,2680.48333333333,1376,1909,1276,100,121.5927802533,21.5927802533,20.7468196372718,6.12043797956328,0.9273255813953488,0.9116331538856832,0.015692427509665596
Antti Raanta,17-18,ARI,47,2605.93333333333,1388,2031,1291,97,129.6804958426,32.6804958426,24.7998442271317,8.32282707928822,0.9301152737752162,0.9065702479520172,0.02354502582319895
Brian Elliott,17-18,PHI,43,2526.96666666667,1228,1744,1116,112,117.960770259852,5.9607702598517,-4.24048363766735,3.14985323945199,0.9087947882736156,0.9039407408307394,0.004854047442876208
Scott Darling,17-18,CAR,43,2486,1171,1665,1040,131,109.7487470992,-21.2512529008,-28.242350439502,-2.0539999225003,0.888129803586678,0.906277756533561,-0.018147952946882984
Cam Ward,17-18,CAR,43,2470.51666666667,1187,1636,1075,112,107.9768548253,-4.02314517470001,-7.8383176530221,1.11997410195316,0.9056444818871103,0.9090338207032013,-0.0033893388160909366
James Reimer,17-18,FLA,44,2416.03333333333,1373,1861,1253,120,128.2806621499,8.2806621499,0.483563489806784,3.7599461707353,0.9126001456664239,0.906569073452367,0.006031072214056854
Cory Schneider,17-18,N.J,40,2337.88333333333,1228,1712,1114,114,114.9478808214,0.947880821400005,-6.24048363766735,2.16526400358868,0.9071661237785016,0.9063942338587947,0.0007718899197068918
Keith Kinkaid,17-18,N.J,41,2299.55,1214,1716,1108,106,109.3643157323,3.3643157323,0.530987674162731,2.5181370574087,0.9126853377265239,0.9099140727081549,0.0027712650183689957
Jonathan Bernier,17-18,COL,37,2005.55,1093,1498,998,95,95.2040534222,0.204053422200005,0.912989726408455,1.68527517043639,0.9130832570905764,0.9128965659449222,0.000186691145654172
Roberto Luongo,17-18,FLA,35,1970.26666666667,1143,1501,1062,81,98.7711889924,17.7711889924,19.3005921841582,5.01469378079643,0.9291338582677166,0.9135860113802274,0.015547846887489114
Kari Lehtonen,17-18,DAL,37,1951.61666666667,946,1323,863,83,79.8120885667,-3.1879114333,0.0134385006243462,0.788001662816393,0.912262156448203,0.9156320416842495,-0.0033698852360465326
Philipp Grubauer,17-18,WSH,35,1868.41666666667,953,1394,880,73,96.40493202,23.40493202,10.6277028447093,6.02169363164378,0.9233997901364114,0.8988405750052465,0.02455921513116488
Anton Khudobin,17-18,BOS,31,1783.06666666667,876,1216,800,76,81.1227006206,5.1227006206,0.870795059774764,2.35655200330798,0.91324200913242,0.9073941773737443,0.005847831758675759
Chad Johnson,17-18,BUF,36,1776.83333333333,963,1321,858,105,86.9312053479,-18.0687946521,-20.4947766637408,-1.85683746214464,0.8909657320872274,0.9097287587249221,-0.01876302663769469
Anton Forsberg,17-18,CHI,35,1727.61666666667,921,1206,836,85,79.4475093852,-5.55249061480001,-4.18036272825051,0.341853459977699,0.9077090119435396,0.9137377748260587,-0.006028762882519079
Mike Condon,17-18,OTT,31,1638.81666666667,898,1237,810,88,79.5967300171,-8.4032699829,-9.19865985881538,-0.185843470935516,0.9020044543429844,0.9113622160165925,-0.009357761673608134
Carter Hutton,17-18,STL,32,1612.7,810,1086,754,56,68.9335225066,12.9335225066,15.0791598155452,3.59854811832674,0.9308641975308642,0.914896885794321,0.0159673117365432
Corey Crawford,17-18,CHI,28,1587.31666666667,842,1157,782,60,75.4975231196,15.4975231196,13.887225388505,4.18905987031975,0.9287410926365796,0.9103354832308789,0.018405609405700685
Aaron Dell,17-18,S.J,29,1524.56666666667,775,1078,708,67,70.5920885953,3.5920885953,1.00783809512036,1.88962842576515,0.9135483870967742,0.9089134340705807,0.0046349530261935445
Alex Stalock,17-18,MIN,28,1499.6,787,1137,716,71,68.8552092281,-2.14479077190001,-1.93913731501971,0.792447287614382,0.9097839898348158,0.9125092640049556,-0.002725274170139791
Juuse Saros,17-18,NSH,26,1496.66666666667,810,1108,749,61,76.1510865754,15.1510865754,10.0791598155452,4.13592717839341,0.9246913580246914,0.9059863128698766,0.018705045154814748
Thomas Greiss,17-18,NYI,27,1493.28333333333,879,1193,784,95,77.7241707312,-17.2758292688,-17.8659487927603,-1.86864607749342,0.8919226393629124,0.9115765975754265,-0.019653958212514144
Anders Nilsson,17-18,VAN,27,1465.21666666667,850,1154,766,84,76.4680169445,-7.53198305550001,-9.41075821825508,-0.077909953106319,0.9011764705882352,0.9100376271241176,-0.008861156535882375
Tristan Jarry,17-18,PIT,26,1365.31666666667,687,932,624,63,62.9026352194,-0.097364780600003,-2.71434223051911,1.07029531619683,0.9082969432314411,0.9084386678029112,-0.0001417245714701032
Ryan Miller,17-18,ANA,28,1357.43333333333,739,1024,686,53,71.2428709814,18.2428709814,11.8487643255406,4.62610887225655,0.9282814614343707,0.9035955737734778,0.02468588766089297
Malcolm Subban,17-18,VGK,22,1231.98333333333,614,872,559,55,59.8217183732,4.8217183732,-1.12024181883368,1.93199413983257,0.9104234527687296,0.9025704912488599,0.007852961519869694
Petr Mrazek,17-18,DET,22,1183.78333333333,630,889,573,57,57.1843488593,0.184348859300002,-1.71620903235377,1.02375371376834,0.9095238095238095,0.9092311922868254,0.00029261723698414954
Scott Wedgewood,17-18,ARI,20,1097.9,587,878,524,63,55.8614499668,-7.1385500332,-11.4895471460185,-0.361282819777122,0.8926746166950597,0.9048356900054514,-0.012161073310391735
Joonas Korpisalo,17-18,CBJ,18,1050.5,564,739,506,58,52.0793003547,-5.9206996453,-8.50784427658338,-0.200190806042044,0.8971631205673759,0.9076608149739361,-0.010497694406560232
Michal Neuvirth,17-18,PHI,21,1042.98333333333,530,724,485,45,49.7410690217,4.7410690217,1.50858605214683,1.74256659972357,0.9150943396226415,0.9061489263741509,0.00894541324849063
Antti Niemi,17-18,MTL,19,1031.15,592,854,550,42,59.4182562449,17.4182562449,9.94921309975646,4.26811902454378,0.9290540540540541,0.8996313239106418,0.029422730143412235
David Rittich,17-18,CGY,21,1008.26666666667,512,720,463,49,48.0058046492,-0.994195350799998,-4.07095083264306,0.645713814118474,0.904296875,0.9062386627945312,-0.0019417877945312467
Darcy Kuemper,17-18,L.A,19,999.25,516,720,481,35,47.4088377582,12.4088377582,10.2800573639769,3.12850819495579,0.9321705426356589,0.9081224074453489,0.024048135190310016
Curtis McElhinney,17-18,TOR,18,981.783333333333,528,744,493,35,46.3138848465853,11.3138848465853,11.3330819538368,2.9058879127228,0.9337121212121212,0.9122843090026793,0.0214278122094419
Petr Mrazek,17-18,PHI,17,914.766666666667,450,627,401,49,44.1728903303,-4.8271096697,-9.5115778802527,-0.133574919120379,0.8911111111111111,0.9018380214882222,-0.010726910377111154
Ondrej Pavelec,17-18,NYR,19,910.35,510,699,464,46,46.4274472053,0.427447205299998,-1.24645493095305,0.882845884148467,0.9098039215686274,0.9089657897935295,0.00083813177509795
Maxime Lagace,17-18,VGK,16,873.516666666667,431,596,374,57,41.0448956235,-15.9551043765,-19.1788668141976,-2.25763820393667,0.8677494199535963,0.9047682236113689,-0.03701880365777255
Charlie Lindgren,17-18,MTL,14,835.316666666667,457,645,415,42,46.7086231904,4.7086231904,-1.89731353616774,1.68406078089006,0.9080962800875274,0.8977929470669584,0.010303333020568961
Jeff Glass,17-18,CHI,15,828.533333333333,452,626,406,46,44.1516651852,-1.8483348148,-6.3360737819427,0.420145406126706,0.8982300884955752,0.9023193248115045,-0.004089236315929279
Laurent Brossoit,17-18,EDM,14,741.766666666667,344,465,304,40,31.3355174729,-8.6644825271,-9.81329509068206,-1.06949742989481,0.8837209302325582,0.9089083794392442,-0.02518744920668603
Casey DeSmith,17-18,PIT,14,706.016666666667,356,493,328,28,32.7301297072,4.7301297072,3.23972949917787,1.44619092579156,0.9213483146067416,0.9080614334067416,0.01328688119999999
Louis Domingue,17-18,T.B,12,688,384,513,351,33,38.0343543968,5.0343543968,0.696786875517702,1.59455951053388,0.9140625,0.9009522020916667,0.01311029790833329
Steve Mason,17-18,WPG,13,685.916666666667,392,538,355,37,37.2558120562,0.2558120562,-2.60119673124235,0.692222604562388,0.9056122448979592,0.9049596631219388,0.0006525817760204555
J-F Berube,17-18,CHI,13,669.933333333333,398,539,356,42,37.2865848593,-4.7134151407,-7.07468443631238,-0.231580348723823,0.8944723618090452,0.9063151134188443,-0.011842751609799085
Jon Gillies,17-18,CGY,11,607.666666666667,280,394,251,29,26.8009989857,-2.1990010143,-4.42942623660167,0.0546981819767906,0.8964285714285715,0.9042821464796429,-0.007853575051071426
Darcy Kuemper,17-18,ARI,10,601.183333333333,317,447,285,32,30.3307413205,-1.6692586795,-4.1826004178669,0.214311808085216,0.8990536277602523,0.9043194280110409,-0.005265800250788599
Alexandar Georgiev,17-18,NYR,10,516.516666666667,331,437,304,27,27.6793872317,0.679387231699998,2.04592827030302,0.605311442389678,0.918429003021148,0.9163764736202418,0.0020525294009062778
Harri Sateri,17-18,FLA,9,498.05,271,361,247,24,22.2543629305,-1.7456370695,-0.219194678996622,0.0603586827025589,0.9114391143911439,0.9178805795922509,-0.0064414652011069995
Alex Lyon,17-18,PHI,11,481.233333333333,232,329,210,22,23.2691133201,1.2691133201,-1.64152459604139,0.638696403749431,0.9051724137931034,0.8997020977581897,0.005470316034913769
Al Montoya,17-18,EDM,9,471.733333333333,244,329,221,23,22.5149705791,-0.485029420899998,-1.58850000618146,0.299356015118932,0.9057377049180327,0.9077255304135246,-0.001987825495491813
Peter Budaj,17-18,T.B,8,430.4,217,291,190,27,19.2078701207,-7.7921298793,-7.9578053333663,-1.11707452525101,0.8755760368663594,0.9114844694898617,-0.035908432623502295
Chris Gibson,17-18,NYI,8,428.316666666667,284,392,258,26,24.8243555918,-1.1756444082,-1.0784180399817,0.210852769178155,0.9084507042253521,0.9125902972119719,-0.004139592986619811
Louis Domingue,17-18,ARI,7,389.466666666667,194,275,166,28,16.5094251016,-11.4905748984,-10.9761024639312,-1.85172060904477,0.8556701030927835,0.9148998706103092,-0.05922976751752573
Jared Coreau,17-18,DET,7,385.266666666667,203,282,176,27,18.702088723,-8.297911277,-9.18633402153622,-1.21990743825558,0.8669950738916257,0.9078714841231527,-0.040876410231526994
Jack Campbell,17-18,L.A,5,266.616666666667,145,194,134,11,10.6680426845,-0.331957315499999,1.72404712747413,0.122841473834898,0.9241379310344827,0.9264272918310346,-0.0022893607965518425
Adin Hill,17-18,ARI,4,242.4,130,183,116,14,13.0960446363,-0.9039553637,-2.59223360985078,0.0584548233932967,0.8923076923076924,0.8992611951053846,-0.006953502797692246
Linus Ullmark,17-18,BUF,5,240.3,123,174,115,8,9.1292119335,1.1292119335,2.79350204606426,0.368009910941316,0.9349593495934959,0.9257787647682927,0.00918058482520323
Al Montoya,17-18,MTL,4,222.516666666667,102,147,88,14,10.6182888526,-3.3817111474,-5.04929098619061,-0.445309937648623,0.8627450980392157,0.8958991288960784,-0.03315403085686264
Eddie Lack,17-18,N.J,4,209.183333333333,113,157,102,11,10.1035519584,-0.896448041599999,-1.08401844548568,0.0080720774259025,0.9026548672566371,0.9105880357663716,-0.007933168509734467
Reto Berra,17-18,ANA,5,181.95,95,139,88,7,9.8150752274,2.8150752274,1.33644466972443,0.693468068086902,0.9263157894736842,0.8966834186589474,0.029632370814736797
Eric Comrie,17-18,WPG,3,180.25,94,116,82,12,7.2549632908,-4.7450367092,-3.75130737943056,-0.757100452802222,0.8723404255319149,0.9228195394595744,-0.05047911392765947
Oscar Dansk,17-18,VGK,4,168.6,93,121,88,5,8.7058030854,3.7058030854,3.16094057141444,0.839960281954169,0.946236559139785,0.9063892141354839,0.039847345004301093
Eddie Lack,17-18,CGY,4,136.2,64,94,52,12,4.8854951115,-7.1145048885,-6.38386885408038,-1.23884872637866,0.8125,0.9236641388828125,-0.11116413888281251
Michael Hutchinson,17-18,WPG,3,128.75,75,104,68,7,7.2481367771,0.2481367771,-0.418596313375449,0.171571138804519,0.9066666666666666,0.9033581763053333,0.003308490361333294
Antti Niemi,17-18,PIT,3,128.133333333333,79,103,63,16,8.0181898875,-7.9818101125,-9.06758811675547,-1.34597270443197,0.7974683544303798,0.8985039254746835,-0.10103557104430372
Ken Appleby,17-18,N.J,3,124.333333333333,55,78,52,3,5.5174247493,2.5174247493,1.82636270352467,0.563739150970507,0.9454545454545454,0.8996831863763637,0.04577135907818175
Collin Delia,17-18,CHI,2,105.983333333333,63,74,56,7,4.3475935241,-2.6524064759,-1.47162090323538,-0.418152629918693,0.8888888888888888,0.9309905789825397,-0.042101690093650834
Mike McKenna,17-18,DAL,2,104.1,50,72,45,5,4.1158806418,-0.8841193582,-0.612397542250299,-0.0932395104596985,0.9,0.9176823871640001,-0.017682387164000057
Carey Price,18-19,MTL,66,3886.58333333333,1952,2657,1791,161,177.2679838099,16.2679838099,14.9263803680982,6.02384091258316,0.9175204918032787,0.9091864837039447,0.008334008099333934
Devan Dubnyk,18-19,MIN,67,3864.46666666667,1877,2650,1714,163,157.658386476671,-5.34161352332862,6.16691390928293,1.71459051308039,0.9131592967501332,0.916005121749243,-0.0028458249991097917
Connor Hellebuyck,18-19,WPG,63,3711.21666666667,2051,2769,1872,179,180.2899945694,1.28999456939999,5.84887609373428,3.32121522820991,0.9127254997562165,0.9120965409217943,0.0006289588344222663
Marc-Andre Fleury,18-19,VGK,61,3644.28333333333,1745,2378,1593,152,166.046425812718,14.0464258127175,5.27025294176809,5.42336285447893,0.9128939828080229,0.9048444551216516,0.00804952768637135
Jacob Markstrom,18-19,VAN,60,3617.81666666667,1896,2607,1730,166,172.1387884547,6.13878845470001,4.87931207884944,4.07343290306946,0.9124472573839663,0.9092094997601793,0.0032377576237869743
Martin Jones,18-19,S.J,62,3602.4,1699,2359,1523,176,162.094221423989,-13.9057785760105,-22.8755531529719,0.21559477919661,0.8964096527369041,0.904594337007658,-0.008184684270753917
Sergei Bobrovsky,18-19,CBJ,62,3562.71666666667,1756,2422,1603,153,161.9278197315,8.92781973149999,5.26164135572765,4.41164469439026,0.912870159453303,0.9077859796517653,0.005084179801537636
Frederik Andersen,18-19,TOR,60,3513.71666666667,1958,2793,1796,162,180.918207618,18.918207618,14.4671376848034,6.57363341839174,0.9172625127681308,0.907600506834525,0.009662005933605777
Braden Holtby,18-19,WSH,59,3412.98333333333,1796,2557,1636,160,173.3272222385,13.3272222385,1.86669013376246,5.41565121920547,0.910913140311804,0.9034926379518373,0.007420502359966719
Darcy Kuemper,18-19,ARI,55,3260.36666666667,1677,2344,1551,126,145.1139540352,19.1139540352,25.1416700191089,5.99717062306559,0.924865831842576,0.9134681252026237,0.01139770663995232
John Gibson,18-19,ANA,58,3236.9,1840,2598,1687,153,174.8059537637,21.8059537637,12.8322437896007,7.00010961570178,0.9168478260869565,0.9049967642588587,0.011851061828097809
Pekka Rinne,18-19,NSH,56,3229.81666666667,1582,2155,1452,130,141.0005616167,11.0005616167,12.5796791712763,4.43482698363986,0.9178255372945638,0.9108719585229457,0.006953578771618174
Andrei Vasilevskiy,18-19,T.B,53,3207.31666666667,1713,2298,1585,128,146.1991012764,18.1991012764,26.3862139193402,5.84749957352703,0.9252772913018097,0.9146531808077059,0.010624110494103833
Henrik Lundqvist,18-19,NYR,52,3092.88333333333,1699,2322,1541,158,152.491051247,-5.508948753,-4.87555315297195,1.59542787179091,0.9070041200706298,0.9102465854932312,-0.003242465422601426
Jimmy Howard,18-19,DET,55,3060.21666666667,1709,2372,1553,156,162.600162725158,6.60016272515793,-1.97429095846323,3.99511013744923,0.9087185488589818,0.9048565460941147,0.003862002764867145
Mikko Koskinen,18-19,EDM,55,2995.4,1551,2130,1405,146,146.3844868875,0.384486887500003,-6.21423363170069,2.57472104921715,0.9058671824629272,0.9056192863394583,0.00024789612346887147
Matt Murray,18-19,PIT,50,2881.7,1594,2179,1465,129,134.192199471538,5.19219947153772,14.6611938046867,3.25025848608472,0.9190715181932246,0.9158141784996624,0.0032573396935622334
Carter Hutton,18-19,BUF,50,2846.9,1541,2117,1399,142,136.597906697,-5.40209330300002,-3.11549582620938,1.34321338878644,0.9078520441271901,0.9113576205730045,-0.0035055764458143956
Semyon Varlamov,18-19,COL,49,2840.75,1496,2018,1360,136,134.4845264275,-1.51547357250001,-1.17117570149853,2.02177734068841,0.9090909090909091,0.9101039261848262,-0.0010130170939171013
Craig Anderson,18-19,OTT,50,2791.4,1676,2283,1513,163,148.2901805314,-14.7098194686,-11.948456200342,-0.168389769957893,0.902744630071599,0.9115213719979713,-0.008776741926372345
Jonathan Quick,18-19,L.A,46,2665.13333333333,1329,1911,1180,149,122.6904179126,-26.3095820874,-29.2222543497938,-2.73938659409924,0.8878856282919488,0.9076821535646351,-0.01979652527268627
Tuukka Rask,18-19,BOS,46,2637.65,1245,1715,1136,109,111.977678423357,2.97767842335654,3.20714321633309,2.4630315165885,0.9124497991967871,0.9100580896197935,0.002391709576993639
Ben Bishop,18-19,DAL,46,2637.3,1323,1838,1236,87,110.587055242425,23.5870552424253,32.236988333501,6.22912558046055,0.9342403628117913,0.9164119007993764,0.017828462012414947
Robin Lehner,18-19,NYI,46,2619.98333333333,1323,1825,1230,93,114.1214741268,21.1214741268,26.236988333501,5.83618597423127,0.9297052154195011,0.913740382368254,0.015964833051247185
Jake Allen,18-19,STL,46,2575.31666666667,1277,1750,1156,121,114.186959794948,-6.81304020505226,-5.90881776123906,0.700396569508175,0.9052466718872357,0.9105818639037212,-0.005335192016485468
David Rittich,18-19,CGY,45,2514.08333333333,1228,1728,1119,109,113.0626645568,4.0626645568,1.67499748566831,2.68111035778597,0.9112377850162866,0.9079294262566775,0.003308358759609109
Mike Smith,18-19,CGY,42,2408.78333333333,1069,1505,960,109,101.6627724325,-7.33722756749999,-12.65507140702,0.389767466284396,0.8980355472404116,0.9048991838797942,-0.006863636639382609
Petr Mrazek,18-19,CAR,40,2388.7,1104,1553,1009,95,104.286118719634,9.28611871963393,4.49934627376044,3.49152782813769,0.9139492753623188,0.9055379359423604,0.008411339419958419
Roberto Luongo,18-19,FLA,43,2354.71666666667,1205,1694,1083,122,113.9826489246,-8.0173510754,-13.3979055617017,0.475439583022786,0.8987551867219917,0.9054085901040664,-0.006653403382074652
Jaroslav Halak,18-19,BOS,40,2311.61666666667,1158,1594,1068,90,106.2416062958,16.2416062958,14.3661621241074,4.804030436451,0.9222797927461139,0.9082542259967185,0.01402556674939548
Keith Kinkaid,18-19,N.J,41,2303.95,1188,1691,1059,129,110.469833816701,-18.5301661832993,-21.9300512923665,-1.51786329262462,0.8914141414141414,0.9070119243967164,-0.01559778298257497
Thomas Greiss,18-19,NYI,43,2295.58333333333,1185,1623,1098,87,102.595934946664,15.5959349466642,19.7995700492809,4.62293523364178,0.9265822784810127,0.9134211519437434,0.013161126537269308
Anton Khudobin,18-19,DAL,41,2229.21666666667,1232,1686,1137,95,103.977090907,8.977090907,16.0355023634718,3.42941419811082,0.9228896103896104,0.915603010627435,0.007286599762175383
Corey Crawford,18-19,CHI,39,2228.51666666667,1176,1577,1068,108,106.337797224,-1.662202776,-2.01156592577692,1.51332405805319,0.9081632653061225,0.9095767030408163,-0.0014134377346938232
Linus Ullmark,18-19,BUF,37,2108.66666666667,1146,1499,1037,109,101.05648600171,-7.94351399828982,-5.71535250930303,0.267905777747637,0.9048865619546248,0.9118180750421379,-0.006931513087513053
Philipp Grubauer,18-19,COL,37,2021.4,1071,1455,982,89,91.9833422106146,2.98334221061455,7.52518103188173,2.12205479972927,0.9169000933706816,0.9141145264139919,0.0027855669566896335
Curtis McElhinney,18-19,CAR,33,1987.06666666667,968,1367,883,85,94.8408665212,9.8408665212,2.24218042844213,3.43197285210934,0.9121900826446281,0.9020238982219008,0.01016618442272732
Casey DeSmith,18-19,PIT,36,1951.53333333333,1060,1402,971,89,91.0082881330605,2.00828813306049,6.53379261792216,1.92607196014864,0.9160377358490566,0.9141431244027731,0.0018946114462834451
Cam Ward,18-19,CHI,33,1882.05,1113,1461,998,115,100.6737592464,-14.3262407536,-14.6895177511817,-0.912367929418986,0.8966756513926325,0.909547386121833,-0.012871734729200446
Alexandar Georgiev,18-19,NYR,33,1880.16666666667,1057,1469,966,91,101.6323726086,10.6323726086,4.26341395956955,3.69369765219882,0.9139072847682119,0.9038482756777673,0.01005900909044466
Jordan Binnington,18-19,STL,32,1878.46666666667,807,1138,748,59,69.013042868418,10.013042868418,13.7318590968521,3.02183010621033,0.9268897149938042,0.9144819790973755,0.01240773589642874
Jonathan Bernier,18-19,DET,35,1867.31666666667,1025,1415,927,98,95.5566544646,-2.4433455354,-5.62062506285829,1.18525923058784,0.904390243902439,0.9067739956442927,-0.002383751741853679
James Reimer,18-19,FLA,36,1816.65,929,1250,836,93,85.1494864927,-7.85051350730001,-9.27274213014181,0.0129064910367884,0.8998923573735199,0.9083428563049515,-0.008450498931431571
Carter Hart,18-19,PHI,31,1722.75,976,1290,895,81,89.1886791499,8.1886791499,6.96319018404908,3.03146530059683,0.9170081967213115,0.9086181566087089,0.008390040112602581
Juuse Saros,18-19,NSH,31,1704.1,870,1235,796,74,81.7473195227,7.7473195227,4.40981092225687,2.82301309489278,0.9149425287356322,0.9060375637670115,0.008904964968620699
Cam Talbot,18-19,EDM,31,1699.76666666667,888,1216,793,95,80.2038273095,-14.7961726905,-14.9679171276275,-1.34893790890701,0.8930180180180181,0.909680374651464,-0.01666235663344595
Jack Campbell,18-19,L.A,31,1596.9,845,1217,784,61,75.6432057185618,14.6432057185618,15.1566554359851,3.9866899627788,0.927810650887574,0.9104814133508145,0.017329237536759523
Louis Domingue,18-19,T.B,26,1566.11666666667,812,1088,737,75,72.8607369088,-2.13926309119999,-1.81750980589359,0.852946468354983,0.9076354679802956,0.9102700284374383,-0.0026345604571427206
Pheonix Copley,18-19,WSH,27,1528.93333333333,776,1069,702,74,75.246068589,1.246068589,-4.06205370612491,1.51628186003768,0.904639175257732,0.9030334167667525,0.0016057584909794365
Brian Elliott,18-19,PHI,26,1399.2,741,1013,672,69,72.2774976265063,3.2774976265063,-2.21647138690535,1.83906400372962,0.9068825910931174,0.9024595173731359,0.0044230737199815184
Cory Schneider,18-19,N.J,26,1374.4,720,999,650,70,63.4829648917577,-6.5170351082423,-5.10912199537363,-0.112500883146307,0.9027777777777778,0.9118292154281143,-0.009051437650336558
Joonas Korpisalo,18-19,CBJ,27,1364.21666666667,651,889,584,67,58.0594545848,-8.9405454152,-8.32783113748366,-0.650936191793593,0.8970814132104454,0.9108149699158218,-0.013733556705376349
Anders Nilsson,18-19,OTT,24,1325.91666666667,745,1046,681,64,61.5253416147,-2.4746583853,3.14403349089812,0.597369740217366,0.9140939597315436,0.9174156488393289,-0.0033216891077852972
Aaron Dell,18-19,S.J,25,1325.08333333333,613,861,543,70,62.2545799632,-7.7454200368,-14.7526274766167,-0.359402436545982,0.8858075040783034,0.898442773306362,-0.012635269228058577
Mackenzie Blackwood,18-19,N.J,23,1263.88333333333,669,924,614,55,58.2206113351,3.2206113351,5.294440812632,1.58814945158429,0.9177877428998505,0.9129736751343797,0.004814067765470886
Malcolm Subban,18-19,VGK,21,1230.2,612,807,552,60,51.7608221935,-8.2391778065,-4.84275369606758,-0.629703774138502,0.9019607843137255,0.9154234931478759,-0.01346270883415035
Laurent Brossoit,18-19,WPG,21,1165.28333333333,652,898,603,49,64.209492600759,15.209492600759,9.76229508196722,3.89524279404951,0.9248466257668712,0.9015191831276703,0.023327442639200835
Ryan Miller,18-19,ANA,20,1117.23333333333,578,813,527,51,53.4727810439,2.4727810439,1.09295484260284,1.36941486285703,0.9117647058823529,0.9074865379863322,0.004278167896020757
Garret Sparks,18-19,TOR,20,1104.7,590,821,532,58,49.3564725047,-8.6435274953,-4.82553052398672,-0.745188317109138,0.9016949152542373,0.9163449618564407,-0.01465004660220337
Alex Stalock,18-19,MIN,21,1068.43333333333,525,751,472,53,46.6592034683,-6.3407965317,-5.68373478829327,-0.367875329350663,0.8990476190476191,0.9111253267270476,-0.012077707679428507
Antti Niemi,18-19,MTL,17,970.583333333333,539,718,478,61,45.2905468729,-15.7094531271,-12.4219677159811,-2.11410014346531,0.8868274582560297,0.9159730113675325,-0.029145553111502798
Collin Delia,18-19,CHI,16,831.05,545,698,495,50,46.1396627388,-3.8603372612,-0.881210399275872,0.0793720078488131,0.908256880733945,0.9153400683691744,-0.007083187635229415
Anders Nilsson,18-19,VAN,12,718.616666666667,353,501,316,37,33.5422914816604,-3.45770851833961,-5.1854445338429,-0.0620756943398151,0.8951841359773371,0.904979344244588,-0.009795208267250888
Adin Hill,18-19,ARI,13,696.35,322,470,290,32,30.6943745923525,-1.30562540764753,-2.97935733681987,0.284957543126572,0.9006211180124224,0.904675855303253,-0.004054737290830612
Antti Raanta,18-19,ARI,12,687.1,351,506,318,33,34.4943973371,1.4943973371,-1.36569697274464,0.864859169696938,0.905982905982906,0.9017253637119658,0.004257542270940218
Anthony Stolarz,18-19,PHI,12,630.883333333333,358,456,323,35,31.2888443958,-3.7111556042,-2.73481343658855,-0.147229283053639,0.9022346368715084,0.9126009933078212,-0.010366356436312785
Cal Petersen,18-19,L.A,11,621.7,355,480,328,27,28.1830264262,1.1830264262,4.99480790505883,0.699640048050512,0.923943661971831,0.9206111931656338,0.0033324688061971974
Sam Montembeault,18-19,FLA,11,592.083333333333,282,404,252,30,27.1732675862,-2.8267324138,-4.58440611485467,-0.0549917502774001,0.8936170212765957,0.9036408950843972,-0.010023873807801453
Thatcher Demko,18-19,VAN,9,535.4,288,390,263,25,23.6192258214,-1.3807741786,0.956351201850548,0.150112581517825,0.9131944444444444,0.91798879923125,-0.004794354786805566
Chad Johnson,18-19,STL,10,491.45,250,343,221,29,21.1909169849,-7.8090830151,-6.46844513728251,-1.07353449437013,0.884,0.9152363320603999,-0.031236332060399885
Scott Darling,18-19,CAR,8,487.95,233,337,206,27,22.5365333625,-4.4634666375,-6.0005908679473,-0.435287511118509,0.8841201716738197,0.9032766808476395,-0.019156509173819725
Calvin Pickard,18-19,PHI,11,464.166666666667,227,320,196,31,22.5247106968,-8.4752893032,-10.5413481846525,-1.17322837597384,0.8634361233480177,0.9007721995735682,-0.037336076225550574
Mike McKenna,18-19,OTT,10,454.383333333333,292,373,262,30,22.4190989344,-7.5809010656,-3.68314392034597,-1.01056487557752,0.8972602739726028,0.9232222639232878,-0.025961989950684994
Michal Neuvirth,18-19,PHI,7,365.633333333333,184,244,158,26,16.5357759946,-9.4642240054,-9.41677562103993,-1.4575299580983,0.8586956521739131,0.910131652203261,-0.051436000029347895
Chad Johnson,18-19,ANA,9,319.733333333333,156,226,136,20,15.0647453214,-4.9352546786,-5.94030976566429,-0.649855733459316,0.8717948717948718,0.9034311197346153,-0.03163624793974351
Michael Hutchinson,18-19,TOR,5,296.966666666667,152,212,139,13,12.0487784523,-0.951221547699999,0.699185356532233,0.0311822531833095,0.9144736842105263,0.9207317207085526,-0.006258036498026254
Calvin Pickard,18-19,ARI,6,282.633333333333,157,208,140,17,15.3876267195,-1.6123732805,-2.85018354621342,-0.0332841664624959,0.89171974522293,0.9019896387292994,-0.01026989350636942
Kevin Boyle,18-19,ANA,5,276.85,139,201,129,10,11.314648579,1.314648579,2.52754450367092,0.435297839320736,0.9280575539568345,0.9185996505107914,0.009457903446043137
Anthony Stolarz,18-19,EDM,6,238.683333333333,145,187,130,15,12.488263369,-2.511736631,-1.93169817962386,-0.248264917166073,0.896551724137931,0.9138740457310344,-0.017322321593103318
Cam Talbot,18-19,PHI,4,210.7,109,159,96,13,11.409917654,-1.590082346,-3.17624207985518,-0.0972267819972415,0.8807339449541285,0.8953218563853211,-0.014587911431192646
Marcus Hogberg,18-19,OTT,4,205.5,121,173,107,14,11.1957224822,-2.8042775178,-3.09472744644473,-0.324170482358794,0.8842975206611571,0.9074733679157025,-0.023175847254545467
Michael Hutchinson,18-19,FLA,4,201.233333333333,87,125,73,14,8.8502818851,-5.1497181149,-6.15901890777431,-0.795596753853823,0.8390804597701149,0.8982726220103447,-0.05919216224022983
Edward Pasquale,18-19,T.B,3,181.966666666667,102,147,90,12,10.2593041636,-1.7406958364,-2.80712561601126,-0.144605381556905,0.8823529411764706,0.8994185866313725,-0.017065645454901968
Tristan Jarry,18-19,PIT,2,120.05,62,75,55,7,2.9998466477,-4.0001533523,-1.41217439404606,-0.684278101049988,0.8870967741935484,0.9516153766500001,-0.06451860245645169
Carey Price,19-20,MTL,58,3449.8,1755,2358,1595,160,160.663932365332,0.663932365332329,-1.32016616649173,2.87883959558334,0.9088319088319088,0.9084535997918337,0.0003783090400750755
Connor Hellebuyck,19-20,WPG,58,3274.01666666667,1796,2476,1656,140,163.8727659227,23.8727659227,22.3868840826102,7.21438418957905,0.9220489977728286,0.908756811847049,0.01329218592577952
Andrei Vasilevskiy,19-20,T.B,52,3123.31666666667,1605,2138,1472,133,134.277364065744,1.27736406574363,12.1174548733794,2.53928298522248,0.9171339563862928,0.9163380909247701,0.0007958654615226601
Frederik Andersen,19-20,TOR,52,3012.66666666667,1577,2217,1434,143,142.382273112083,-0.617726887917058,-0.414189199178025,2.32881389844066,0.9093214965123653,0.9097132066505497,-0.0003917101381843979
John Gibson,19-20,ANA,51,2992.66666666667,1554,2202,1405,149,134.630008112538,-14.3699918874618,-8.49375397306446,-0.340568105817465,0.9041184041184042,0.9133655031450849,-0.00924709902668075
Jordan Binnington,19-20,STL,50,2951.88333333333,1432,1965,1306,126,129.431941979652,3.43194197965204,3.47551113936402,2.85353075640923,0.9120111731843575,0.9096145656566675,0.002396607527689998
Marc-Andre Fleury,19-20,VGK,49,2884.88333333333,1400,1904,1267,133,124.0354295188,-8.9645704812,-6.41779637213016,0.474611170842685,0.905,0.9114032646294287,-0.00640326462942864
Sergei Bobrovsky,19-20,FLA,50,2810.01666666667,1505,2021,1354,151,143.868798463127,-7.13120153687333,-14.9241311000399,1.1530122710437,0.8996677740863788,0.9044061139779888,-0.004738339891609988
David Rittich,19-20,CGY,48,2800.55,1478,2058,1340,138,132.3621178274,-5.6378821726,-4.36535931286312,1.23101951185015,0.9066305818673883,0.9104451164902572,-0.003814534622868848
Braden Holtby,19-20,WSH,48,2749.13333333333,1385,1898,1243,142,130.3415977064,-11.6584022936,-16.774034268143,0.0859676623886686,0.8974729241877256,0.9058905431722744,-0.008417618984548736
Mackenzie Blackwood,19-20,N.J,47,2685.75,1452,1990,1328,124,132.542871117298,8.54287111729789,7.28382833404788,3.84953060738338,0.9146005509641874,0.9087170309109517,0.005883520053235669
Jonathan Bernier,19-20,DET,46,2562.21666666667,1351,1862,1225,126,128.5515488841,2.55154888409999,-3.8481734991056,2.67605229258685,0.9067357512953368,0.9048471140754256,0.0018886372199111712
Jacob Markstrom,19-20,VAN,43,2555.06666666667,1420,1901,1303,117,122.302419179089,5.30241917908941,11.3905208225537,3.07619419002173,0.9176056338028169,0.913871535789374,0.0037340980134429325
Semyon Varlamov,19-20,NYI,45,2523.1,1278,1853,1168,110,110.507072428729,0.507072428729472,5.55146874029833,1.98940649270316,0.9139280125195618,0.9135312422310414,0.000396770288520365
Jonathan Quick,19-20,L.A,42,2521.43333333333,1224,1737,1107,117,108.4116865574,-8.5883134426,-6.33098768534808,0.275961090148358,0.9044117647058824,0.9114283606557189,-0.007016595949836502
Ben Bishop,19-20,DAL,44,2479.41666666667,1286,1766,1183,103,110.1502919845,7.1502919845,13.2747956181719,3.20851963286161,0.9199066874027994,0.9143465847709954,0.005560102631803954
Tuukka Rask,19-20,BOS,41,2404.76666666667,1189,1642,1104,85,100.826879841918,15.8268798419183,22.5044572239552,4.64882095938014,0.928511354079058,0.9152002692666795,0.013311084812378526
Martin Jones,19-20,S.J,41,2365.03333333333,1140,1569,1022,118,109.00823828153,-8.99176171847,-14.9259199030203,0.211786177287625,0.8964912280701754,0.9043787383495352,-0.007887510279359744
Carter Hart,19-20,PHI,43,2364.98333333333,1100,1532,1005,95,113.6833804182,18.6833804182,4.45744570761202,5.396225315389,0.9136363636363637,0.8966514723470909,0.01698489128927283
Corey Crawford,19-20,CHI,40,2350.46666666667,1295,1690,1187,108,112.0809297605,4.0809297605,9.0885383557796,2.67554800395421,0.9166023166023166,0.9134510194899613,0.003151297112355289
Petr Mrazek,19-20,CAR,40,2327.5,1091,1488,987,104,106.1019918354,2.1019918354,-5.35629702999572,2.20798892699407,0.9046746104491292,0.9027479451554538,0.001926665293675467
Matt Murray,19-20,PIT,38,2238.53333333333,1055,1415,948,107,92.3060404333,-14.6939595667,-11.6112679804266,-1.12643858951252,0.8985781990521327,0.9125061228120379,-0.013927923759905259
Juuse Saros,19-20,NSH,40,2185.9,1143,1578,1045,98,103.819168745486,5.8191687454861,5.34532767618231,2.85439729886293,0.9142607174103237,0.909169581150056,0.005091136260267692
Alex Stalock,19-20,MIN,38,2179.61666666667,1082,1512,985,97,89.2282410461,-7.7717589539,0.829960232396559,0.0974456458867882,0.910351201478743,0.9175339731551756,-0.007182771676432553
Mike Smith,19-20,EDM,39,2156.85,1087,1498,981,106,100.2051621395,-5.7948378605,-7.71796046893247,0.650379320174645,0.9024839006439742,0.9078149382341306,-0.005331037590156407
Joonas Korpisalo,19-20,CBJ,37,2130.93333333333,1030,1398,938,92,88.6194088775906,-3.38059112240943,1.12833552621854,0.896880096770463,0.9106796116504854,0.9139617389537956,-0.003282127303310234
Mikko Koskinen,19-20,EDM,38,2118.3,1175,1605,1078,97,106.764973525472,9.76497352547194,9.23863518767648,3.63267593861337,0.9174468085106383,0.9091361927442791,0.008310615766359164
Philipp Grubauer,19-20,COL,36,2060.41666666667,1068,1434,978,90,93.5257197324882,3.52571973248818,6.56413819611785,2.25481098827921,0.9157303370786517,0.9124291013740747,0.003301235704576966
Linus Ullmark,19-20,BUF,34,2028.75,1066,1417,975,91,90.3215928881,-0.6784071119,5.38330647664947,1.42445719778851,0.9146341463414634,0.9152705507616323,-0.000636404420168879
Pekka Rinne,19-20,NSH,36,1990.28333333333,1004,1390,899,105,86.9646421929,-18.0353578071,-14.2224768268705,-1.8343436037154,0.8954183266932271,0.9133818304851594,-0.017963503791932345
Tristan Jarry,19-20,PIT,33,1928.41666666667,985,1324,907,78,81.447552737,3.447552737,11.0596218381799,2.03317849277,0.9208121827411168,0.9173121292010152,0.003500053540101522
Pavel Francouz,19-20,COL,34,1915.18333333333,996,1331,919,77,84.1040846954021,7.10408469540208,13.054196295256,2.75314261794778,0.9226907630522089,0.9155581478961826,0.007132615156026256
Alexandar Georgiev,19-20,NYR,34,1893.71666666667,1063,1487,967,96,101.329658322,5.329658322,0.112058897446886,2.72140441345435,0.909689557855127,0.9046757682765757,0.005013789578551253
Robin Lehner,19-20,CHI,33,1875.46666666667,1152,1439,1058,94,94.1461030215659,0.146103021565935,10.15907041379,1.64213891631925,0.9184027777777778,0.918275952238224,0.00012682553955378761
Craig Anderson,19-20,OTT,34,1851.26666666667,1017,1419,917,100,94.6335534759,-5.3664465241,-8.04707065032598,0.633801334690249,0.9016715830875123,0.906948324999115,-0.005276741911602767
Aaron Dell,19-20,S.J,33,1836.61666666667,986,1338,894,92,91.7987173101545,-0.20128268984547,-2.84996230208596,1.53779695479644,0.9066937119675457,0.9068978526266182,-0.00020414065907248258
Jaroslav Halak,19-20,BOS,31,1833.36666666667,905,1273,832,73,82.4722914457,9.47229144569999,8.82635305944444,3.16192453332523,0.9193370165745857,0.9088703961925967,0.010466620381988978
Antti Raanta,19-20,ARI,33,1831.05,1014,1433,934,80,90.0872567796,10.0872567796,11.6816817704714,3.40598904740518,0.9211045364891519,0.9111565514994082,0.009947984989743697
Elvis Merzlikins,19-20,CBJ,32,1821.06666666667,919,1276,848,71,74.1220644161481,3.12206441614809,12.0921750957231,1.84746965622459,0.9227421109902068,0.9193448700585984,0.003397240931608314
Carter Hutton,19-20,BUF,31,1779.96666666667,918,1266,824,94,84.501784605,-9.498215395,-10.9982407640111,-0.302059448971989,0.8976034858387799,0.9079501257026144,-0.01034663986383444
Darcy Kuemper,19-20,ARI,29,1758.35,903,1271,838,65,77.3281122559895,12.3281122559895,16.6455213399761,3.60037964158172,0.9280177187153932,0.9143653241904879,0.013652394524905298
Anton Khudobin,19-20,DAL,30,1681.25,881,1196,819,62,70.1589471144,8.15894711439999,17.6563724258238,2.70844884515995,0.9296254256526674,0.9203644187123723,0.00926100694029508
Brian Elliott,19-20,PHI,31,1676.68333333333,796,1070,716,80,77.7683849929,-2.2316150071,-8.02897565158257,0.92262740841207,0.8994974874371859,0.9023010238782664,-0.0028035364410804453
Devan Dubnyk,19-20,MIN,30,1668.66666666667,849,1153,756,93,71.7587013942967,-21.2412986057033,-16.2369350856704,-2.68650409014743,0.8904593639575972,0.915478561373031,-0.02501919741543379
Henrik Lundqvist,19-20,NYR,30,1599.7,884,1280,800,84,87.4085142071,3.4085142071,-4.07237999497362,2.12824611922463,0.9049773755656109,0.9011215902634615,0.0038557853021493615
Thomas Greiss,19-20,NYI,31,1597.38333333333,839,1153,766,73,69.5788828821116,-3.42111711788843,2.85890631698771,0.562742012629641,0.9129916567342073,0.9170692695088062,-0.004077612774598838
Thatcher Demko,19-20,VAN,27,1532.56666666667,822,1096,744,78,78.2750929696728,0.275092969672784,-3.67816329849356,1.39364225732227,0.9051094890510949,0.9047748260709577,0.0003346629801371792
Cam Talbot,19-20,CGY,26,1443.23333333333,780,1089,717,63,64.3962772964758,1.39627729647583,7.52437059267035,1.36231831941218,0.9192307692307692,0.9174406701327233,0.0017900990980458387
Ilya Samsonov,19-20,WSH,26,1412.63333333333,689,930,629,60,60.5053128620505,0.50531286205053,2.2965273568588,1.13124007686478,0.9129172714078374,0.912183871027503,0.0007334003803344258
James Reimer,19-20,CAR,25,1387.06666666667,712,983,651,61,71.8330290072305,10.8330290072305,3.37609213074523,3.23036083964661,0.9143258426966292,0.8991109143156875,0.015214928380941739
Jimmy Howard,19-20,DET,27,1379.11666666667,818,1076,722,96,70.2844942724,-25.7155057276,-22.0398267374303,-3.53699090163133,0.882640586797066,0.9140776353638141,-0.031437048566748116
Marcus Hogberg,19-20,OTT,24,1344.55,728,1016,658,70,68.0835896096,-1.9164103904,-4.17725411350767,0.81460717319175,0.9038461538461539,0.9064785857010988,-0.0026324318549449943
Jake Allen,19-20,STL,24,1340.78333333333,655,875,607,48,56.3506873076314,8.35068730763145,11.2223881258963,2.50691447767114,0.9267175572519084,0.913968416324227,0.012749140927681424
Ryan Miller,19-20,ANA,23,1221.91666666667,681,935,617,64,61.421761477293,-2.57823852270704,-2.42679952101474,0.578251820627882,0.9060205580029369,0.909806517654489,-0.003785959651552151
Jack Campbell,19-20,L.A,20,1202.91666666667,572,790,515,57,50.1259060971,-6.8740939029,-5.28212823204175,-0.40784340020757,0.9003496503496503,0.9123672970330419,-0.012017646683391559
Malcolm Subban,19-20,VGK,20,1135.4,546,752,486,60,54.3344470315,-5.6655529685,-10.6329405851308,-0.112744903927656,0.8901098901098901,0.9004863607481685,-0.010376470638278401
Anders Nilsson,19-20,OTT,20,1094.9,628,834,570,58,54.417758351,-3.582241649,-1.21884008692695,0.272917403373634,0.9076433121019108,0.9133475185493631,-0.005704206447452287
Curtis McElhinney,19-20,T.B,18,1080.91666666667,551,764,499,52,52.2911342762,0.291134276199997,-2.18086128645979,0.950813938192702,0.9056261343012704,0.9050977599343012,0.0005283743669691754
Laurent Brossoit,19-20,WPG,19,993.083333333333,512,719,458,54,50.9979339422,-3.0020660578,-7.70707981609331,0.321250077399123,0.89453125,0.9003946602691406,-0.005863410269140612
Michael Hutchinson,19-20,TOR,15,790.566666666667,421,569,373,48,41.9184118185382,-6.0815881814618,-9.93492305190485,-0.402488260953809,0.8859857482185273,0.9004313258467027,-0.014445577628175443
Louis Domingue,19-20,N.J,16,747.116666666667,400,566,353,47,38.1979326038,-8.8020673962,-10.8336561063229,-0.968065960791596,0.8825,0.9045051684905,-0.02200516849050005
Sam Montembeault,19-20,FLA,14,700.75,356,493,317,39,29.7918933264,-9.2081066736,-6.81195393462738,-1.18716930056411,0.8904494382022472,0.9163149063865169,-0.025865468184269713
Igor Shesterkin,19-20,NYR,12,691.733333333333,424,563,395,29,34.470336592,5.470336592,9.33632452729773,1.60029606468195,0.9316037735849056,0.9187020363396226,0.012901737245283096
Cory Schneider,19-20,N.J,13,681.216666666667,355,484,315,40,33.9360295863,-6.0639704137,-7.90236979436158,-0.536186567517041,0.8873239436619719,0.9044055504611268,-0.017081606799154936
Chris Driedger,19-20,FLA,12,642.666666666667,354,454,332,22,31.4016384092,9.4016384092,10.0072143459042,2.27271364726977,0.9378531073446328,0.9112948067536722,0.026558300590960537
Adin Hill,19-20,ARI,13,640.85,343,487,315,28,30.3496026233,2.3496026233,3.01263988882811,0.954031000041284,0.9183673469387755,0.9115171935180757,0.006850153420699834
Cal Petersen,19-20,L.A,8,477.366666666667,269,384,248,21,27.1199243941,6.1199243941,3.32186626849785,1.593996611475,0.9219330855018587,0.8991824371966542,0.022750648305204457
Jack Campbell,19-20,TOR,6,365.35,189,254,173,16,16.8404830393,0.8404830393,1.08859748976243,0.443932740210647,0.9153439153439153,0.9108969151359788,0.004447000207936536
Charlie Lindgren,19-20,MTL,6,362.866666666667,178,253,158,20,19.1430660072,-0.856933992799998,-3.90597696731369,0.17037533912696,0.8876404494382022,0.892454685352809,-0.004814235914606835
Keith Kinkaid,19-20,MTL,6,341.583333333333,192,267,168,24,16.3860578331,-7.6139421669,-6.64015493103499,-1.12314515343054,0.875,0.9146559487859375,-0.03965594878593748
Jonas Johansson,19-20,BUF,6,331.133333333333,151,207,135,16,12.4763696171,-3.5236303829,-2.34720518013689,-0.435828982174289,0.8940397350993378,0.9173750356483443,-0.023335300549006566
Kaapo Kahkonen,19-20,MIN,5,304.2,172,227,157,15,11.5011422921,-3.4988577079,0.551527874281152,-0.447991292162041,0.9127906976744186,0.9331328936505813,-0.020342195976162714
Matiss Kivlenieks,19-20,CBJ,6,284.833333333333,137,187,123,14,10.9821900868,-3.0178099132,-1.61302721641559,-0.368173090564852,0.8978102189781022,0.9198380285635036,-0.022027809585401403
Alex Nedeljkovic,19-20,CAR,4,216.316666666667,97,129,86,11,9.6246539286,-1.3753460714,-2.2296616057833,-0.0885374702477283,0.8865979381443299,0.9007767636226804,-0.014178825478350587
Robin Lehner,19-20,VGK,3,180,83,110,78,5,6.6636361597,1.6636361597,2.504516357938,0.42115362111646,0.9397590361445783,0.9197152269915662,0.020043809153012182
Calvin Pickard,19-20,DET,3,164.883333333333,74,98,59,15,8.6664030999,-6.3335969001,-8.30922637966974,-1.01944642931674,0.7972972972972973,0.882886444595946,-0.08558914729864875
Anton Forsberg,19-20,CAR,3,145.65,78,100,70,8,6.3910550969,-1.6089449031,-0.947562940732966,-0.187097366239716,0.8974358974358975,0.9180633961935897,-0.02062749875769221
Alex Lyon,19-20,PHI,3,135.316666666667,73,97,65,8,7.6685170157,-0.3314829843,-1.39964223940393,0.0704262105416831,0.8904109589041096,0.8949518217027397,-0.004540862798630085
Eric Comrie,19-20,DET,3,128.15,66,90,57,9,7.0340910429,-1.9659089571,-3.03255325754328,-0.241901523774052,0.8636363636363636,0.8934228629863636,-0.029786499349999995
Cayden Primeau,19-20,MTL,2,121.183333333333,72,97,67,5,5.5679784488,0.5679784488,1.50994190086188,0.200279958671684,0.9305555555555556,0.9226669659888889,0.007888589566666715
Connor Hellebuyck,20-21,WPG,45,2606.51666666667,1335,1849,1223,112,133.7562329848,21.7562329848,10.9764733151765,6.47083918219125,0.9161048689138577,0.8998080651799252,0.016296803733932497
Andrei Vasilevskiy,20-21,T.B,42,2524.7,1237,1649,1144,93,109.6304851937,16.6304851937,20.9489868845493,5.07633560235596,0.9248181083265966,0.9113739004092967,0.013444207917299944
Jacob Markstrom,20-21,CGY,43,2514.91666666667,1161,1583,1050,111,105.22232731948,-5.77767268051973,-4.05192095961056,0.758793582635571,0.9043927648578811,0.9093692271150043,-0.004976462257123226
Jordan Binnington,20-21,STL,42,2453.78333333333,1200,1666,1092,108,109.6664309782,1.6664309782,2.54065017094517,2.24554837453382,0.91,0.9086113075181667,0.0013886924818333757
Philipp Grubauer,20-21,COL,40,2372.18333333333,993,1364,916,77,89.0738622936,12.0738622936,14.4723880164571,3.85233889459394,0.9224572004028198,0.9102982252833837,0.012158975119436088
Tristan Jarry,20-21,PIT,39,2194.4,1100,1462,1000,100,92.8530307115,-7.1469692885,1.3289293233664,0.281990895727835,0.9090909090909091,0.9155881538986363,-0.006497244807727287
Kevin Lankinen,20-21,CHI,37,2183.36666666667,1204,1559,1095,109,98.8015308586,-10.1984691414,1.90911900484832,-0.190698568482509,0.909468438538206,0.9179389278583057,-0.008470489320099639
Marc-Andre Fleury,20-21,VGK,36,2157.88333333333,989,1346,918,71,93.5794651727,22.5794651727,20.103919182554,5.91945696853322,0.9282103134479271,0.9053797116555106,0.022830601792416583
Semyon Varlamov,20-21,NYI,36,2127.15,1020,1419,948,72,80.4296083597,8.4296083597,21.9595526453034,3.01064505269587,0.9294117647058824,0.9211474427846079,0.008264321921274465
Vitek Vanecek,20-21,WSH,37,2117.31666666667,1031,1456,936,95,87.1839599867,-7.8160400133,-0.0271580614629414,0.0556117232092735,0.9078564500484966,0.9154374781894278,-0.007581028140931201
Mackenzie Blackwood,20-21,N.J,35,2100.68333333333,1082,1455,976,106,97.9525817975,-8.0474182025,-6.32918042919778,0.201369693072839,0.9020332717190388,0.9094708116474122,-0.007437539928373371
Thatcher Demko,20-21,VAN,35,2092.9,1164,1575,1065,99,112.2798113298,13.2798113298,8.22443066581681,4.48896935276008,0.9149484536082474,0.9035396809881444,0.01140877262010298
Juuse Saros,20-21,NSH,36,2053.43333333333,1073,1416,995,78,88.4647911181,10.4647911181,20.8417646945201,3.53715863972303,0.9273066169617894,0.917553782741752,0.009752834220037365
John Gibson,20-21,ANA,35,2035.73333333333,1043,1442,942,101,94.5148270122,-6.4851729878,-4.92175155975349,0.436461742022338,0.9031639501438159,0.9093817574187919,-0.006217807274976006
Cal Petersen,20-21,L.A,35,2023.73333333333,1095,1494,998,97,100.3190006947,3.31900069469999,3.86834328098746,2.39371515931085,0.9114155251141552,0.9083844742514156,0.0030310508627396926
Cam Talbot,20-21,MIN,33,1962.8,1008,1412,922,86,87.1819286787,1.1819286787,6.85414614359394,1.75812444553526,0.9146825396825397,0.9135099913901785,0.0011725482923611308
Igor Shesterkin,20-21,NYR,35,1904.11666666667,988,1364,905,83,86.571358728,3.57135872800001,8.01180197407818,2.199493255391,0.9159919028340081,0.9123771672793523,0.003614735554655857
Martin Jones,20-21,S.J,34,1870.63333333333,980,1389,878,102,89.9180501396,-12.0819498604,-11.7251356937281,-0.703438753635386,0.8959183673469387,0.908246887612653,-0.012328520265714293
Mike Smith,20-21,EDM,32,1850.51666666667,921,1274,850,71,83.9528539451,12.9528539451,13.8399490062004,3.92852239797025,0.9229098805646037,0.9088459783440824,0.01406390222052123
Sergei Bobrovsky,20-21,FLA,31,1816.46666666667,935,1202,847,88,81.3233788241,-6.6766211759,-1.87041007513857,0.16805469834869,0.9058823529411765,0.9130231242522995,-0.0071407713111230064
Anton Khudobin,20-21,DAL,32,1799.13333333333,799,1135,723,76,67.6045482991,-8.3954517009,-2.39835042784567,-0.398638063899275,0.904881101376721,0.9153885503140176,-0.010507448937296604
Thomas Greiss,20-21,DET,34,1762.66666666667,894,1242,815,79,73.1539350488,-5.84606495120001,3.35278437735415,0.181418098161881,0.9116331096196868,0.918172332160179,-0.006539222540492218
Joonas Korpisalo,20-21,CBJ,33,1748.96666666667,904,1251,808,96,80.8373932273,-15.1626067727,-12.726043537888,-1.44617283470949,0.8938053097345132,0.9105781048370575,-0.016772795102544258
Jake Allen,20-21,MTL,29,1703.21666666667,818,1122,742,76,78.3787025815,2.37870258149999,-0.648123466805714,1.82962645434668,0.9070904645476773,0.9041825151815404,0.0029079493661369193
Jake Oettinger,20-21,DAL,29,1610.31666666667,710,1011,647,63,59.9116902647,-3.0883097353,2.40321801780922,0.470149795964043,0.9112676056338028,0.915617337655352,-0.004349732021549202
Brian Elliott,20-21,PHI,30,1610.06666666667,738,1004,656,82,70.1261413553,-11.8738586447,-14.0175001448687,-1.01242152289158,0.8888888888888888,0.904978128244851,-0.01608923935596218
Darcy Kuemper,20-21,ARI,27,1548.9,710,991,644,66,67.1199185605,1.1199185605,-0.596781982190777,1.39328047335909,0.9070422535211268,0.9054649034359156,0.0015773500852112043
Elvis Merzlikins,20-21,CBJ,28,1502.96666666667,825,1091,756,69,67.2661628287,-1.7338371713,6.9966969925248,0.855881811312054,0.9163636363636364,0.9184652571773334,-0.002101620813697025
Carey Price,20-21,MTL,25,1478.75,659,927,594,65,62.6718748986,-2.3281251014,-4.29475961445595,0.662569861855341,0.9013657056145675,0.9048985206394538,-0.0035328150248862267
Carter Hart,20-21,PHI,27,1457.16666666667,721,965,632,89,69.5124638051,-19.4875361949,-22.5834926889571,-2.46384300098811,0.8765603328710125,0.9035888158042996,-0.02702848293328708
Mikko Koskinen,20-21,EDM,26,1445.38333333333,756,1004,680,76,68.7601260048,-7.2398739952,-6.35939039230455,-0.159646424073437,0.8994708994708994,0.9090474523746032,-0.009576552903703739
Frederik Andersen,20-21,TOR,24,1425.28333333333,669,936,599,70,63.9705991149,-6.0294008851,-8.37358752969807,-0.0149073428489962,0.8953662182361734,0.9043787756130045,-0.009012557376831154
Kaapo Kahkonen,20-21,MIN,24,1416.3,692,966,624,68,58.0715198433,-9.9284801567,-4.25489173475496,-0.856500175750399,0.9017341040462428,0.9160816187235549,-0.014347514677312101
Matt Murray,20-21,OTT,27,1409.08333333333,738,1003,659,79,69.0649507497,-9.9350492503,-11.0175001448687,-0.664248150021795,0.8929539295392954,0.9064160558947155,-0.013462126355420101
Tuukka Rask,20-21,BOS,24,1403.75,611,868,558,53,57.5666730861,4.5666730861,3.28361437870625,1.87731095792529,0.9132569558101473,0.9057828591062194,0.007474096703927957
Alex Nedeljkovic,20-21,CAR,23,1397.7,648,905,604,44,59.1870648582,15.1870648582,15.6919510923104,3.91536628417293,0.9320987654320988,0.9086619369472223,0.023436828484876493
Chris Driedger,20-21,FLA,23,1361.73333333333,640,891,593,47,55.450108614,8.450108614,11.9550134245041,2.57486069677305,0.9265625,0.913359205290625,0.01320329470937498
James Reimer,20-21,CAR,22,1331.1,627,843,568,59,56.5403172498,-2.4596827502,-1.24251028568115,0.529755880067077,0.9059011164274322,0.9098240554229666,-0.00392293899553442
Jonathan Bernier,20-21,DET,24,1313.58333333333,757,987,692,65,64.0061289802,-0.993871019799997,4.73272681617124,0.938514585722044,0.9141347424042272,0.9154476499601057,-0.0013129075558785397
Pekka Rinne,20-21,NSH,24,1311.71666666667,664,864,602,62,52.5244706037,-9.4755293963,-0.834173572077006,-0.868428627714357,0.9066265060240963,0.9208968816209337,-0.014270375596837415
Jack Campbell,20-21,TOR,22,1284.4,585,816,539,46,56.5497694258,10.5497694258,7.88856695833577,2.99150260245513,0.9213675213675213,0.9033337274772649,0.01803379389025639
Ilya Sorokin,20-21,NYI,22,1275.63333333333,563,797,517,46,49.4840644542,3.4840644542,5.86198837186844,1.53020371328578,0.9182948490230906,0.9121064574525753,0.006188391570515206
Braden Holtby,20-21,VAN,21,1262.2,695,973,618,77,70.2892937203895,-6.71070627961048,-12.9785401093276,-0.0326052546297296,0.8892086330935252,0.8988643255821733,-0.009655692488648171
Jonathan Quick,20-21,L.A,22,1223.93333333333,566,811,508,58,54.8654926778,-3.1345073222,-5.8616600027042,0.372590582411385,0.8975265017667845,0.903064500569258,-0.0055379988024735205
Robin Lehner,20-21,VGK,19,1157.63333333333,505,724,461,44,51.5627223737,7.5627223737,2.51919028027276,2.33853237332771,0.9128712871287129,0.89789559926,0.01497568786871295
Casey DeSmith,20-21,PIT,20,1137.63333333333,544,716,496,48,50.5206687949,2.5206687949,2.11176141082848,1.36616027299179,0.9117647058823529,0.9071311235387868,0.004633582343566145
Linus Ullmark,20-21,BUF,20,1122.76666666667,591,817,542,49,49.892692661,0.892692660999998,5.44127020919049,1.04707017546246,0.9170896785109983,0.9155792002351947,0.0015104782758036395
Ilya Samsonov,20-21,WSH,19,1092.81666666667,499,692,450,49,44.1124048964,-4.8875951036,-3.03351297058197,-0.148384223417771,0.9018036072144289,0.9115983869811624,-0.009794779766733486
Jaroslav Halak,20-21,BOS,19,1090.01666666667,482,670,436,46,41.6565638497,-4.3434361503,-1.59950551467036,-0.088646491230775,0.9045643153526971,0.9135755936728216,-0.009011278320124494
Adin Hill,20-21,ARI,19,1005.9,530,726,484,46,47.2834651055,1.2834651055,2.82212049216745,1.07508516578238,0.9132075471698113,0.910785914895283,0.002421632274528296
Alexandar Georgiev,20-21,NYR,19,974.716666666667,465,670,421,44,40.0491739137,-3.9508260863,-1.16549805875875,-0.0426504870692451,0.9053763440860215,0.9138727442716129,-0.00849640018559139
Ville Husso,20-21,STL,17,917.966666666667,460,643,411,49,41.720090747,-7.279909253,-6.62608410113769,-0.643152406226672,0.8934782608695652,0.90930415055,-0.015825889680434857
Devan Dubnyk,20-21,S.J,17,893.066666666667,462,626,415,47,39.1251272121,-7.8748727879,-4.44184968418611,-0.801402150910604,0.8982683982683982,0.915313577462987,-0.01704517919458881
Scott Wedgewood,20-21,N.J,16,888.083333333333,458,617,412,46,42.3067821777,-3.6932178223,-3.81031851808926,0.0458288830231813,0.8995633187772926,0.9076271131491266,-0.008063794371834021
Malcolm Subban,20-21,CHI,16,882.633333333333,471,625,424,47,41.340052315,-5.659947685,-3.61279480790402,-0.343320812180698,0.9002123142250531,0.9122291882908705,-0.012016874065817418
Ryan Miller,20-21,ANA,16,879.216666666667,432,601,381,51,40.1617239288,-10.8382760712,-11.2053659384597,-1.34387668547004,0.8819444444444444,0.907033046461111,-0.025088602016666628
David Rittich,20-21,CGY,15,751.95,374,529,338,36,34.3282172138,-1.6717827862,-1.54816403005542,0.287883781160739,0.9037433155080213,0.9082133229577539,-0.004470007449732583
Laurent Brossoit,20-21,WPG,14,750.816666666667,368,501,338,30,33.176550666,3.176550666,3.89913271908985,1.1849895827947,0.9184782608695652,0.9098463297119564,0.008631931157608741
Dustin Tokarski,20-21,BUF,13,731.783333333333,447,609,404,43,38.7102955419,-4.2897044581,-1.82360781132292,-0.130336828110398,0.9038031319910514,0.9133997862597315,-0.00959665426868006
Curtis McElhinney,20-21,T.B,12,721.516666666667,296,390,259,37,24.8751576661,-12.1248423339,-9.73330629116686,-1.856372331826,0.875,0.9159623051820946,-0.04096230518209465
Antti Raanta,20-21,ARI,12,678.833333333333,401,552,363,38,38.1294762246,0.129476224599998,-1.06099940120916,0.695614398033355,0.9052369077306733,0.9049140243775561,0.0003228833531172537
Carter Hutton,20-21,BUF,13,674.716666666667,341,458,302,39,31.782650552,-7.217349448,-7.58803190975642,-0.80622370720631,0.8856304985337243,0.9067957461818181,-0.0211652476480938
Petr Mrazek,20-21,CAR,12,670.983333333333,298,415,275,23,33.2171070603,10.2171070603,4.45092812578472,2.51788059410238,0.9228187919463087,0.8885331977842281,0.034285594162080546
Marcus Hogberg,20-21,OTT,14,641.85,322,443,282,40,28.6393780944,-11.3606219056,-10.3382588707964,-1.6455166349597,0.8757763975155279,0.9110578320049689,-0.03528143448944099
Jeremy Swayman,20-21,BOS,10,602.65,271,381,256,15,21.8888531083,6.8888531083,9.96376349693845,1.68873762153744,0.9446494464944649,0.9192293243236163,0.025420122170848658
Josef Korenar,20-21,S.J,10,493.4,258,353,232,26,23.6494698904,-2.3505301096,-2.23376021324679,-0.0285014902745524,0.8992248062015504,0.9083353880217054,-0.009110581820155006
Keith Kinkaid,20-21,NYR,9,485.916666666667,205,291,184,21,17.0311095986,-3.9688904014,-2.11597226246353,-0.451208671864095,0.8975609756097561,0.9169214165921951,-0.019360440982438942
Filip Gustavsson,20-21,OTT,9,471.566666666667,254,365,237,17,22.0987855811,5.0987855811,6.39777095285006,1.35372544038527,0.9330708661417323,0.9129969071610237,0.02007395898070863
Anthony Stolarz,20-21,ANA,8,465.216666666667,230,310,213,17,18.2854055015,1.2854055015,4.18695794943116,0.565058478390937,0.9260869565217391,0.92049823695,0.00558871957173912
Anton Forsberg,20-21,OTT,8,448.55,264,359,240,24,26.1807867516,2.1807867516,0.318943037607937,0.873444156513577,0.9090909090909091,0.9008303532136364,0.008260555877272702
Jonas Johansson,20-21,COL,8,436.95,173,246,158,15,13.528189222,-1.471810778,0.936277066311261,-0.0403791331070645,0.9132947976878613,0.9218023744393063,-0.00850757675144509
Michael Hutchinson,20-21,TOR,8,424.066666666667,211,288,194,17,16.5385895322,-0.4614104678,2.43673098839119,0.203789469030736,0.919431279620853,0.9216180590890994,-0.0021867794682464137
Joey Daccord,20-21,OTT,8,405.8,214,297,192,22,21.3719803487,-0.628019651300001,-2.28691738618145,0.257336896294104,0.897196261682243,0.90013093295,-0.0029346712677570386
Jonas Johansson,20-21,BUF,7,381.733333333333,207,272,183,24,18.6819184799,-5.3180815201,-4.93173784551196,-0.677439714169902,0.8840579710144928,0.9097491860874397,-0.025691215072946916
Collin Delia,20-21,CHI,6,334.483333333333,205,272,185,20,21.1031465551,1.1031465551,-1.11597226246353,0.580167358141319,0.9024390243902439,0.897057821682439,0.005381202707804955
Aaron Dell,20-21,N.J,7,325.783333333333,154,214,132,22,11.9395307543,-10.0604692457,-7.8139498947287,-1.6934419955284,0.8571428571428571,0.9224705795175325,-0.06532772237467543
Alex Lyon,20-21,PHI,6,324.15,169,227,151,18,14.6129687734,-3.3870312266,-2.43219176759189,-0.383673941073163,0.893491124260355,0.9135327291514792,-0.020041604891124165
Calvin Pickard,20-21,DET,6,303.516666666667,127,181,111,16,11.0062147369,-4.9937852631,-4.30111452357497,-0.751177870867145,0.8740157480314961,0.913336891835433,-0.03932114380393692
Dan Vladar,20-21,BOS,5,300.066666666667,149,205,132,17,14.1456036145,-2.8543963855,-3.27453593710764,-0.291117646025479,0.8859060402684564,0.9050630629899329,-0.019157022721476458
Devan Dubnyk,20-21,COL,5,294.633333333333,140,193,124,16,12.6593025069,-3.3406974931,-3.10359081338973,-0.409293326903031,0.8857142857142857,0.909576410665,-0.02386212495071427
Hunter Miska,20-21,COL,5,259.8,111,148,93,18,9.2660857286,-8.7339142714,-7.77498985918757,-1.48949342904923,0.8378378378378378,0.9165217501927928,-0.07868391235495498
Michael Houser,20-21,BUF,4,244.333333333333,141,175,127,14,10.0360528422,-3.9639471578,-1.01147360491394,-0.573393088000298,0.900709219858156,0.9288223202680851,-0.028113100409929093
David Rittich,20-21,TOR,4,220.683333333333,89,136,79,10,8.246960365,-1.753039635,-1.8015684456549,-0.186546508944685,0.8876404494382022,0.907337523988764,-0.0196970745505618
Ukko-Pekka Luukkonen,20-21,BUF,4,218.916666666667,149,205,135,14,13.3977969622,-0.602203037799999,-0.274535937107641,0.121868456031477,0.9060402684563759,0.9100818995825503,-0.004041631126174394
Spencer Knight,20-21,FLA,4,206.9,100,120,92,8,6.997019752,-1.002980248,1.21172084757876,-0.0666243642587855,0.92,0.93002980248,-0.01002980247999996
Cayden Primeau,20-21,MTL,4,201.9,93,130,79,14,9.6845993623,-4.3154006377,-5.43309961175175,-0.646079193893037,0.8494623655913979,0.8958645229860215,-0.04640215739462361
Craig Anderson,20-21,WSH,4,168.733333333333,71,113,65,6,6.284465102,0.284465102,0.540321801780922,0.1644376474246,0.9154929577464789,0.9114864070140846,0.0040065507323943095
Alexei Melnichuk,20-21,S.J,3,130.583333333333,81,100,70,11,7.9483640639,-3.0516359361,-3.5385061134612,-0.437515677887254,0.8641975308641975,0.9018720485938272,-0.03767451772962971
Ivan Prosvetov,20-21,ARI,3,130.016666666667,51,76,42,9,5.1593132541,-3.8406867459,-4.30202236773483,-0.635905722846002,0.8235294117647058,0.8988369950176471,-0.07530758325294129
Matiss Kivlenieks,20-21,CBJ,2,123.35,71,87,64,7,5.4245974421,-1.5754025579,-0.459678198219078,-0.202611263940513,0.9014084507042254,0.9235972191253522,-0.022188768421126825
Troy Grosenick,20-21,L.A,2,120,77,103,71,6,7.0573285539,1.0573285539,1.09302505263565,0.324277961771226,0.922077922077922,0.9083463824168833,0.013731539661038794
Chris Gibson,20-21,T.B,2,112.966666666667,40,51,35,5,3.3426725773,-1.6573274227,-1.31531166096849,-0.254756544635159,0.875,0.9164331855675,-0.041433185567499975
Juuse Saros,21-22,NSH,67,3942,2107,2871,1934,173,195.354817585,22.354817585,22.9228140752231,7.11952426352308,0.9178927384907452,0.9072829532107262,0.01060978528001899
Connor Hellebuyck,21-22,WPG,66,3916.16666666667,2155,2934,1962,193,209.6056285905,16.6056285905,7.38617196587836,6.34241982911518,0.9104408352668213,0.9027352071505801,0.007705628116241203
Andrei Vasilevskiy,21-22,T.B,63,3767.18333333333,1868,2572,1713,156,175.4991557054,19.4991557054,17.6990112446686,6.2933902071478,0.9170235546038544,0.9060497025131692,0.010973852090685243
Thatcher Demko,21-22,VAN,64,3716.43333333333,1967,2664,1799,168,178.5313394788,10.5313394788,14.9046868941451,4.76752922899468,0.9145907473309609,0.9092367364113879,0.0053540109195729935
Jacob Markstrom,21-22,CGY,63,3701.35,1754,2391,1617,137,155.6827834725,18.6827834725,26.0985362543622,5.82614811465964,0.9218928164196123,0.9112412865037058,0.010651529915906455
Tristan Jarry,21-22,PIT,58,3423.16666666667,1711,2286,1573,138,149.6679599106,11.6679599106,21.1001114773169,4.49553636665669,0.9193454120397428,0.912526031612741,0.006819380427001809
Elvis Merzlikins,21-22,CBJ,59,3331.66666666667,1920,2586,1744,178,179.5171689371,1.5171689371,0.534315626211821,3.20008476041499,0.9083333333333333,0.9065014745119271,0.0018318588214062403
Darcy Kuemper,21-22,COL,57,3258.75,1754,2361,1617,138,163.0148938291,25.0148938291,25.0985362543622,7.05835126824379,0.9218928164196123,0.9070610639514823,0.014831752468129955
John Gibson,21-22,ANA,56,3245.93333333333,1789,2492,1617,172,163.9591610309,-8.04083896910001,-5.64693195036827,1.26675318351035,0.9038569032979318,0.9083515030570709,-0.0044945997591391285
Alex Nedeljkovic,21-22,DET,59,3235.13333333333,1796,2382,1619,178,166.9366248812,-11.0633751188,-10.9960255913143,0.784428402676988,0.9014476614699332,0.907050877014922,-0.005603215544988882
Philipp Grubauer,21-22,SEA,55,3118.8,1479,2060,1315,164,139.1989473051,-24.8010526949,-26.4727849941837,-2.08219452541935,0.8891142663962136,0.905883064702434,-0.016768798306220356
Sergei Bobrovsky,21-22,FLA,54,3087.56666666667,1566,2045,1429,137,153.5392850574,16.5392850574,8.61705118262901,5.41456372282173,0.9125159642401022,0.9019544795291187,0.010561484710983504
Frederik Andersen,21-22,CAR,52,3079.03333333333,1431,1995,1320,111,140.9276623326,29.9276623326,22.063857115161,7.56046056793349,0.9224318658280922,0.9015180556725367,0.02091381015555549
Ilya Sorokin,21-22,NYI,52,3078.8,1643,2256,1520,123,144.2322929776,21.2322929776,29.7770211322219,6.08691354493224,0.9251369446135118,0.9122140639211198,0.012922880692392003
Igor Shesterkin,21-22,NYR,53,3075.7,1622,2221,1516,106,149.6248916652,43.6248916652,44.8243020550602,10.1088306451664,0.9346485819975339,0.9077528411435265,0.026895740854007366
Cam Talbot,21-22,MIN,49,2871.98333333333,1488,1996,1356,132,127.5761974574,-4.4238025426,6.36409461031417,1.3076242532324,0.9112903225806451,0.9142633081603495,-0.002972985579704379
Jack Campbell,21-22,TOR,49,2796.98333333333,1430,1916,1308,123,123.1237353531,0.123735353100002,9.97087049243902,2.03374849883164,0.9146853146853147,0.9138994857670629,0.0007858289182517408
Karel Vejmelka,21-22,ARI,52,2781.88333333333,1669,2265,1499,170,154.975414026,-15.024585974,-14.8053266770065,-0.10691552380167,0.8981426003594967,0.9071447489358898,-0.009002148576393143
Jake Oettinger,21-22,DAL,48,2710.75,1331,1866,1217,114,119.3069920326,5.30699203259999,9.76519484296247,2.88194044794166,0.9143501126972201,0.910362891034861,0.003987221662359097
Jonathan Quick,21-22,L.A,46,2687.73333333333,1285,1762,1170,116,127.9648043397,11.9648043397,3.48781019775114,4.19302472158775,0.9105058365758755,0.9004164946772761,0.010089341898599336
James Reimer,21-22,S.J,48,2675.73333333333,1450,2052,1321,129,137.2136056921,8.2136056921,5.83060294687871,3.68517526840186,0.9110344827586206,0.9053699271088966,0.005664555649724012
Marc-Andre Fleury,21-22,CHI,45,2634.83333333333,1398,1875,1269,129,119.4426477305,-9.5573522695,0.995298565335474,0.272880268099273,0.907725321888412,0.9145617684331186,-0.006836446544706609
Mikko Koskinen,21-22,EDM,45,2632.7,1397,1913,1261,136,136.3674989955,0.3674989955,-6.09768805738651,2.29299274301539,0.9026485325697924,0.9023854695808876,0.000263062988904772
Carter Hart,21-22,PHI,45,2611.65,1441,1935,1304,137,141.0016064792,4.00160647920001,-3.00627665761914,3.0071381906564,0.9049271339347675,0.9021501689943094,0.002776964940458093
Anton Forsberg,21-22,OTT,46,2574.25,1457,1956,1336,121,141.439604632177,20.4396046321769,14.4815093059326,5.90202253637804,0.9169526424159231,0.9029240874178607,0.014028554998062437
Robin Lehner,21-22,VGK,44,2553.41666666667,1288,1719,1169,120,131.5402774456,11.5402774456,-0.2332299340829,4.17687459205431,0.907608695652174,0.8978724553993789,0.00973624025279507
Jeremy Swayman,21-22,BOS,41,2393.88333333333,1111,1553,1015,96,98.8932503733,2.89325037330001,7.3081378441257,2.12432043732512,0.9135913591359136,0.9109871733813681,0.0026041857545454627
Ilya Samsonov,21-22,WSH,44,2363.58333333333,1145,1611,1026,119,111.809554260918,-7.1904457390817,-12.5303169833268,0.563948651585488,0.8960698689956332,0.9023497342699406,-0.00627986527430735
Ville Husso,21-22,STL,40,2344.18333333333,1236,1727,1136,100,115.9113608995,15.9113608995,14.9314656843739,4.6893617415505,0.919093851132686,0.906220581796521,0.01287326933616506
Linus Ullmark,21-22,BOS,41,2334.03333333333,1140,1556,1045,95,98.6313556394,3.6313556394,11.0047499030633,2.24970652977553,0.9166666666666666,0.9134812669829825,0.0031853996836841425
Vitek Vanecek,21-22,WSH,42,2320.16666666667,1118,1554,1015,103,102.3576214726,-0.642378527399998,0.959044203179587,1.55981539919893,0.907871198568873,0.9084457768581395,-0.0005745782892665474
Cal Petersen,21-22,L.A,37,2181.88333333333,1002,1404,897,105,97.7249158475,-7.2750841525,-11.8274040325707,0.318917501176274,0.8952095808383234,0.9024701438647704,-0.007260563026447064
Jordan Binnington,21-22,STL,37,2154.96666666667,1135,1579,1023,112,103.3138044801,-8.6861955199,-6.46018321054666,0.162352236054981,0.9013215859030838,0.908974621603436,-0.007653035700352251
Martin Jones,21-22,PHI,35,2003.5,1141,1561,1027,114,108.8146579047,-5.1853420953,-7.90226347421475,0.867252249168063,0.9000876424189308,0.9046322016610868,-0.004544559242156021
Jake Allen,21-22,MTL,35,1950.06666666667,1123,1503,1016,107,111.4908489109,4.4908489109,-2.57602268321048,2.61083887743261,0.9047195013357079,0.9007205263482636,0.0039989749874442815
Sam Montembeault,21-22,MTL,38,1946.53333333333,1125,1508,1003,122,111.3834500631,-10.6165499369,-17.3900494377665,-0.0448914826490815,0.8915555555555555,0.9009924888328,-0.009436933277244486
Craig Anderson,21-22,BUF,31,1870.58333333333,945,1299,848,97,94.0356691378,-2.9643308622,-9.12764152772387,1.01591686814101,0.8973544973544973,0.9004913554097355,-0.003136858055238112
Kevin Lankinen,21-22,CHI,32,1820.8,973,1301,867,106,81.8311877012,-24.1688122988,-15.5240160915083,-2.90859461621899,0.8910585817060637,0.9158980599165468,-0.024839478210483157
Semyon Varlamov,21-22,NYI,31,1796.46666666667,979,1310,892,87,88.2792041516,1.2792041516,4.03390364482364,1.66732654583915,0.9111338100102145,0.909827166341573,0.0013066436686415273
Alexandar Georgiev,21-22,NYR,33,1747.78333333333,832,1190,747,85,80.6317017368,-4.3682982632,-7.63512989530821,0.550237182411242,0.8978365384615384,0.9030868969509616,-0.005250358489423124
Spencer Knight,21-22,FLA,32,1740.23333333333,876,1167,795,81,82.132848627,1.132848627,0.456281504459142,1.54117578809549,0.9075342465753424,0.906241040380137,0.001293206195205454
Dustin Tokarski,21-22,BUF,29,1672.48333333333,900,1186,809,91,82.3050673426169,-8.69493265738315,-7.31203955021321,-0.182494353599246,0.8988888888888888,0.9085499251748701,-0.00966103628598125
Mike Smith,21-22,EDM,28,1581.63333333333,874,1152,800,74,82.5708500614,8.57085006139999,7.27030825901517,2.85499587805155,0.9153318077803204,0.9055253431791761,0.009806464601144316
Antti Raanta,21-22,CAR,28,1526.7,708,975,646,62,68.598183065,6.598183065,3.8345288871656,2.28011719526992,0.9124293785310734,0.9031099109251411,0.009319467605932275
Thomas Greiss,21-22,DET,31,1511.8,842,1176,750,92,76.8239330449,-15.1760669551,-13.7052636680884,-1.41062962217872,0.8907363420427553,0.9087601745309976,-0.018023832488242242
Anthony Stolarz,21-22,ANA,28,1508.3,809,1111,742,67,70.8248297088,3.8248297088,8.22617778208613,1.82929793430367,0.9171817058096415,0.912453856973053,0.0047278488365885
Scott Wedgewood,21-22,ARI,26,1489.81666666667,878,1186,800,78,83.391372948,5.391372948,3.64225474990312,2.30985328341222,0.9111617312072893,0.9050212153211845,0.006140515886104758
Chris Driedger,21-22,SEA,27,1483.58333333333,722,1009,649,73,70.9451362455738,-2.05486375442617,-5.8636583947266,0.798355367243456,0.8988919667590027,0.9017380384410334,-0.0028460716820306597
Casey DeSmith,21-22,PIT,26,1420.25,769,1026,703,66,67.0022644228,1.0022644228,5.50671287320671,1.27098096758812,0.9141742522756827,0.9128709175256178,0.001303334750064944
Mackenzie Blackwood,21-22,N.J,25,1404.16666666667,731,1017,652,79,68.7082555907,-10.2917444093,-11.0267787902287,-0.68520309628205,0.8919288645690835,0.9060078582890561,-0.014078993719972566
Kaapo Kahkonen,21-22,MIN,25,1387.25,734,1014,668,66,68.8051864846,2.8051864846,2.25218107793722,1.61716950456565,0.9100817438692098,0.9062599639174387,0.0038217799517711315
Adin Hill,21-22,S.J,25,1376.83333333333,648,903,587,61,57.5823963324,-3.4176036676,-0.744668476153507,0.340591988045294,0.9058641975308642,0.9111382772648149,-0.005274079733950665
Braden Holtby,21-22,DAL,24,1321.86666666667,700,968,639,61,62.5439535138,1.5439535138,4.09063590538973,1.29328664864772,0.9128571428571428,0.9106514949802856,0.0022056478768571752
Laurent Brossoit,21-22,VGK,24,1287.46666666667,588,842,526,62,62.5865083874,0.586508387400002,-7.32386583947263,1.12578395728993,0.8945578231292517,0.8935603598853741,0.0009974632438776165
Nico Daws,21-22,N.J,25,1275.96666666667,617,883,551,66,59.0757363592,-6.9242636408,-8.62725378053506,-0.251033328975161,0.893030794165316,0.9042532635993517,-0.011222469434035598
Dan Vladar,21-22,CGY,23,1243.13333333333,608,871,552,57,54.2932385745,-2.7067614255,-0.464133385032923,0.41171903174405,0.9078947368421053,0.9107019102393091,-0.0028071733972038215
Pavel Francouz,21-22,COL,21,1201.45,608,804,557,51,53.9969260536,2.9969260536,5.53586661496708,1.40886576512131,0.9161184210526315,0.9111892663592106,0.004929154693420923
Matt Murray,21-22,OTT,20,1184.36666666667,640,885,580,60,64.5131186482,4.51311864819999,-0.488561457929393,1.84707026758074,0.90625,0.8991982521121875,0.007051747887812487
Joonas Korpisalo,21-22,CBJ,22,1129.58333333333,634,834,556,78,62.8376749995,-15.1623250005,-19.0464811942613,-1.63677024127037,0.8769716088328076,0.9008869479503154,-0.023915339117507872
Logan Thompson,21-22,VGK,19,1097.73333333333,569,775,520,49,52.063661765,3.063661765,3.90938832880965,1.38899728481652,0.9138840070298769,0.9084997157029877,0.005384291326889223
Brian Elliott,21-22,T.B,19,1063.41666666667,489,693,446,43,44.9636632545,1.9636632545,2.47045851105082,1.07973252725969,0.9120654396728016,0.9080497683957056,0.004015671277096011
Filip Gustavsson,21-22,OTT,18,1053.6,574,788,512,62,57.2266974308,-4.7733025692,-8.62567855758042,0.0966184970320679,0.89198606271777,0.9003019208522649,-0.008315858134494869
Petr Mrazek,21-22,TOR,20,1044.71666666667,520,686,462,58,47.3990427267,-10.6009572733,-9.64695618456763,-1.08774560877405,0.8884615384615384,0.9088479947563461,-0.02038645629480773
Eric Comrie,21-22,WPG,19,1024.81666666667,550,750,506,44,56.2357762922585,12.2357762922585,7.14264249709193,3.06847629498221,0.92,0.8977531340140754,0.022246865985924624
Jon Gillies,21-22,N.J,19,947.75,511,686,452,59,45.6910746355,-13.3089253645,-11.4838357890655,-1.59137541120876,0.8845401174168297,0.9105849811438356,-0.026044863727005874
David Rittich,21-22,NSH,17,822.933333333333,431,603,383,49,42.6481550171,-6.3518449829,-8.92276560682433,-0.418923631467145,0.888631090487239,0.9010483642294663,-0.012417273742227342
Jaroslav Halak,21-22,VAN,17,798.216666666667,400,547,361,39,38.9662389059,-0.0337610941000008,-1.80535091120587,0.630831074638712,0.9025,0.90258440273525,-0.00008440273525001096
Erik Kallgren,21-22,TOR,14,779.483333333333,385,537,342,43,34.9237245544,-8.0762754456,-7.20015025203565,-0.848088848702365,0.8883116883116883,0.9092890271314286,-0.020977338819740288
Stuart Skinner,21-22,EDM,13,738.2,367,476,335,32,33.8597045003,1.8597045003,2.12609053896861,0.880015708998483,0.9128065395095368,0.9077392247948229,0.005067314714713889
Marc-Andre Fleury,21-22,MIN,11,657.9,334,469,304,30,30.9379157812,0.937915781200001,1.0575319891431,0.670335459448569,0.9101796407185628,0.9073715096371258,0.002808131081437071
Aaron Dell,21-22,BUF,12,567.616666666667,354,464,317,38,31.9474758719,-6.0525241281,-5.0827355564172,-0.541204613321099,0.8954802259887006,0.9097528930172316,-0.014272667028531028
Kaapo Kahkonen,21-22,S.J,11,567.466666666667,322,455,295,27,33.2692474661,6.2692474661,2.94169251647928,1.64500833284418,0.9161490683229814,0.8966793556953416,0.019469712627639746
Cayden Primeau,21-22,MTL,12,519.216666666667,302,409,262,40,28.7145409775,-11.2854590225,-11.9180399379604,-1.51332517945998,0.8675496688741722,0.9049187384850993,-0.03736906961092712
Jonathan Bernier,21-22,N.J,10,510.1,264,362,238,26,25.1836881582,-0.816311841800001,-1.45153160139587,0.268131487776448,0.9015151515151515,0.904607241825,-0.003092090309848472
Ukko-Pekka Luukkonen,21-22,BUF,9,505.966666666667,277,393,254,23,21.3118518931,-1.6881481069,2.75729449398994,0.0517014939231176,0.9169675090252708,0.9230619065231047,-0.006094397497833914
Anton Khudobin,21-22,DAL,9,463.716666666667,232,313,204,28,21.0144222196,-6.9855777804,-6.4271035284994,-0.883778921299192,0.8793103448275862,0.9094205938810345,-0.03011024905344828
Scott Wedgewood,21-22,DAL,8,452.333333333333,265,357,242,23,24.4657963464,1.4657963464,1.64145502132611,0.657306938068723,0.9132075471698113,0.9076762402022641,0.005531306967547223
Andrew Hammond,21-22,N.J,7,386.3,214,291,184,30,20.6653025346,-9.3346974654,-10.1008627374951,-1.30216297857369,0.8598130841121495,0.9034331657261683,-0.04362008161401876
Spencer Martin,21-22,VAN,6,378.35,218,302,207,11,22.3192232427,11.3192232427,9.2710837533928,2.3532186735846,0.9495412844036697,0.8976182420059633,0.0519230423977064
Jonas Johansson,21-22,COL,9,370.3,201,261,177,24,15.834195170746,-8.16580482925395,-5.30968883288095,-1.17576602714102,0.8805970149253731,0.9212229095982786,-0.04062589467290545
Collin Delia,21-22,CHI,8,345.883333333333,218,291,196,22,18.2549346989,-3.7450653011,-1.7289162466072,-0.35959936025163,0.8990825688073395,0.9162617674362386,-0.01717919862889905
J-F Berube,21-22,CBJ,6,305.883333333333,209,260,188,21,19.022567471,-1.977432529,-1.56579585110507,-0.0365282826142174,0.8995215311004785,0.9089829307607655,-0.009461399660287029
Harri Sateri,21-22,ARI,6,298.366666666667,157,246,136,21,18.9155366929,-2.0844633071,-6.4011002326483,-0.0570798246176549,0.8662420382165605,0.879518874567516,-0.013276836350955445
Carey Price,21-22,MTL,5,298.266666666667,148,201,130,18,15.9058517858,-2.0941482142,-4.23797983714617,-0.107963606794357,0.8783783783783784,0.8925280284743243,-0.014149650095945931
Felix Sandstrom,21-22,PHI,5,297.25,177,247,161,16,20.3853435209,4.3853435209,0.458632221791401,1.10351488727981,0.9096045197740112,0.8848285676785311,0.024775952095480114
Joey Daccord,21-22,SEA,5,293.216666666667,140,185,119,21,16.477329339,-4.522670661,-7.98187281892205,-0.525252828087236,0.85,0.8823047904357143,-0.032304790435714326
Zach Sawchenko,21-22,S.J,7,272.333333333333,151,214,136,15,14.8802861996,-0.1197138004,-0.959019968980217,0.2221337856702,0.9006622516556292,0.9014550582807948,-0.0007928066251655652
Charlie Lindgren,21-22,STL,5,246.416666666667,118,166,113,5,10.4655221853,5.4655221853,5.97242148119427,1.13117051578771,0.9576271186440678,0.9113091340228814,0.046317984621186414
Joseph Woll,21-22,TOR,4,239.9,123,176,112,11,11.1026172364,0.1026172364,0.437354594804194,0.199459226380589,0.9105691056910569,0.9097348192162602,0.0008342864747966638
Akira Schmid,21-22,N.J,6,235.983333333333,114,151,95,19,9.4095139522,-9.5904860478,-8.39952500969367,-1.53103343980582,0.8333333333333334,0.9174604039280702,-0.08412707059473679
Malcolm Subban,21-22,BUF,4,212.333333333333,132,169,115,17,11.1633407432,-5.8366592568,-4.72576580069794,-0.842924191292289,0.8712121212121212,0.9154292367939394,-0.04421711558181818
Lukas Dostal,21-22,ANA,4,201.45,108,146,98,10,8.8578379025,-1.1421620975,0.0425552539744149,-0.0558987705634839,0.9074074074074074,0.9179829823842593,-0.01057557497685191
Andrew Hammond,21-22,MTL,4,200.166666666667,100,146,92,8,11.2448505309,3.2448505309,1.29866227219853,0.753791817115391,0.92,0.887551494691,0.03244850530900001
Tuukka Rask,21-22,BOS,4,199.35,90,124,76,14,8.7117443722,-5.2882556278,-5.63120395502132,-0.786646461659937,0.8444444444444444,0.9032028403088889,-0.058758395864444424
Ivan Prosvetov,21-22,ARI,3,185,104,142,91,13,9.9160456843,-3.0839543157,-3.32939123691353,-0.379728363560761,0.875,0.9046534068817308,-0.029653406881730793
Connor Ingram,21-22,NSH,3,178.883333333333,91,122,80,11,8.947611699,-2.052388301,-2.53821733229934,-0.214334708464346,0.8791208791208791,0.9016745967142858,-0.02255371759340674
Daniil Tarasov,21-22,CBJ,4,176.8,111,144,104,7,10.0110912716,3.0110912716,3.32151512214037,0.692565096223952,0.9369369369369369,0.9098099885441442,0.027126948392792727
Zach Fucale,21-22,WSH,4,171.583333333333,66,102,61,5,6.7082013751,1.7082013751,1.13711709965103,0.409707607435641,0.9242424242424242,0.8983605852257576,0.02588183901666663
Scott Wedgewood,21-22,N.J,3,169.433333333333,75,109,66,9,8.1356713227,-0.8643286773,-2.0260032958511,-0.0188918933438127,0.88,0.8915243823639999,-0.011524382363999885
Arvid Soderblom,21-22,CHI,3,155.816666666667,95,128,82,13,7.3069206892,-5.6930793108,-4.16627084141139,-0.880720161255759,0.8631578947368421,0.9230850453768421,-0.05992715063999998
Pyotr Kochetkov,21-22,CAR,3,141.55,59,74,53,6,4.9512375074,-1.0487624926,-0.513789259402866,-0.103330131450673,0.8983050847457628,0.9160807202135592,-0.01777563546779648
Calvin Pickard,21-22,DET,3,125.633333333333,72,91,63,9,6.0806314384,-2.9193685616,-2.30496316401706,-0.413490897954137,0.875,0.9155467855777777,-0.04054678557777769
Alex Lyon,21-22,CAR,2,122.816666666667,65,94,59,6,7.8165822254,1.8165822254,0.0441304769290464,0.446859761322811,0.9076923076923077,0.87974488884,0.02794741885230767
Joel Hofer,21-22,STL,2,120,50,78,44,6,4.9731743055,-1.0268256945,-1.35066886390073,-0.0991179315996001,0.88,0.90053651389,-0.020536513889999997
Michael Houser,21-22,BUF,2,120,77,107,73,4,5.7354094224,1.7354094224,3.15996994959287,0.398590590110989,0.948051948051948,0.9255141633454546,0.02253778470649348
Louis Domingue,21-22,PIT,2,118.75,83,99,79,4,7.9593632534,3.9593632534,3.71788968592478,0.825623649039109,0.9518072289156626,0.9041040571879518,0.04770317172771077
Mads Sogaard,21-22,OTT,2,117.3,54,72,48,6,5.5504426914,-0.4495573086,-0.978722373012792,0.0117264039334493,0.8888888888888888,0.8972140242333333,-0.008325135344444456
Jonas Johansson,21-22,FLA,2,116.216666666667,64,80,49,15,7.1705524935,-7.8294475065,-9.04885614579294,-1.25825268735146,0.765625,0.8879601172890625,-0.12233511728906254
Carter Hutton,21-22,ARI,3,115.966666666667,58,77,43,15,5.0444111772,-9.9555888228,-9.60677588212485,-1.66650425146096,0.7413793103448276,0.9130273934965518,-0.1716480831517242
Juuse Saros,22-23,NSH,64,3813.26666666667,2099,2932,1928,171,218.2503685149,47.2503685149,29.975750294233,11.6356264159135,0.918532634587899,0.8960217396308242,0.022510894957074812
Connor Hellebuyck,22-23,WPG,64,3785.81666666667,1964,2680,1807,157,193.7898518825,36.7898518825,31.0497253825029,9.44192153117794,0.920061099796334,0.9013289959865072,0.018732103809826817
Alexandar Georgiev,22-23,COL,62,3703.98333333333,1904,2542,1749,156,182.3447320914,26.3447320914,26.304825421734,7.45940841666191,0.9185924369747899,0.9042307079351891,0.014361729039600757
Jake Oettinger,22-23,DAL,62,3649.4,1776,2525,1633,144,172.0004042678,28.0004042678,26.0490388387603,7.57884941031977,0.9194819819819819,0.9031529255248875,0.016329056457094482
Andrei Vasilevskiy,22-23,T.B,60,3608.13333333333,1875,2542,1716,159,184.8219860412,25.8219860412,20.528123774029,7.4090592459106,0.9152,0.90142827411136,0.013771725888640063
Ilya Sorokin,22-23,NYI,62,3595.88333333333,1838,2610,1699,140,182.5469643355,42.5469643355,35.9854354648882,10.2534232212583,0.9243743199129488,0.900681738664037,0.023692581248911826
Jordan Binnington,22-23,STL,61,3523.11666666667,1826,2582,1632,194,186.2303526872,-7.7696473128,-19.1635445272656,1.64559035400436,0.8937568455640745,0.8980118550453451,-0.004255009481270555
Igor Shesterkin,22-23,NYR,58,3501.51666666667,1719,2374,1575,144,175.6303191505,31.6303191505,20.5913838760298,8.26224927021134,0.9162303664921466,0.8978299481381617,0.01840041835398487
Jacob Markstrom,22-23,CGY,59,3420.36666666667,1542,2163,1376,166,164.0970677701,-1.90293222989999,-18.3560710082386,2.30147885989454,0.8923476005188068,0.8935816681127756,-0.001234067593968824
Darcy Kuemper,22-23,WSH,57,3231.28333333333,1674,2395,1521,154,169.1463486354,15.1463486354,6.28270890545309,5.31905668628027,0.9086021505376344,0.8989567809824373,0.009645369555197125
Ville Husso,22-23,DET,56,3221.8,1603,2257,1436,167,154.1973564815,-12.8026435185,-13.5154227147901,0.265425412754415,0.8958203368683718,0.903807014047723,-0.007986677179351198
Carter Hart,22-23,PHI,55,3196.98333333333,1677,2359,1522,155,179.5496823561,24.5496823561,5.56995390349152,7.10543394704902,0.9075730471079309,0.8929339997876565,0.014639047320274323
John Gibson,22-23,ANA,53,3007.68333333333,1983,2631,1783,200,193.0032383877,-6.99676161229999,-10.1310562965869,1.88723588956825,0.8991427130610187,0.9026710850288956,-0.00352837196787692
Karel Vejmelka,22-23,ARI,50,2951.16666666667,1670,2365,1503,168,180.076950338,12.076950338,-8.10028442526485,4.96550019818364,0.9,0.8921694908155688,0.007830509184431178
Vitek Vanecek,22-23,N.J,52,2921.28333333333,1333,1936,1214,119,134.3519878331,15.3519878331,8.63252746174967,4.79698322635447,0.9107276819204801,0.8992108118281321,0.01151687009234803
Stuart Skinner,22-23,EDM,50,2909.1,1536,2086,1404,133,155.1334557669,22.1334557669,14.0694389956845,6.29803788473334,0.9140625,0.8990016564017579,0.015060843598242113
Linus Ullmark,22-23,BOS,49,2885.48333333333,1457,2003,1366,91,138.9201723138,47.9201723138,48.5053207140054,10.4799263698957,0.9375428963623885,0.9046532791257378,0.03288961723665074
Sergei Bobrovsky,22-23,FLA,50,2843.66666666667,1475,2030,1330,145,150.1226240704,5.12262407040001,-3.77120929776385,3.28769883871023,0.9016949152542373,0.8982219497827797,0.0034729654714575897
Marc-Andre Fleury,22-23,MIN,46,2659.41666666667,1367,1835,1241,126,135.3327798812,9.3327798812,4.88797077285207,3.77591171736056,0.9078273591806877,0.9010001610232626,0.006827198157425052
Tristan Jarry,22-23,PIT,47,2650.13333333333,1414,1911,1286,128,132.4236828465,4.42368284650001,7.38814240878773,2.88372679984076,0.9094766619519095,0.906348173375884,0.0031284885760254344
Martin Jones,22-23,SEA,48,2630.93333333333,1145,1697,1016,131,123.8555380691,-7.14446193090001,-21.368159081993,0.753873236688817,0.8873362445414847,0.8918292243937991,-0.004492979852314338
James Reimer,22-23,S.J,43,2544.15,1334,1896,1187,147,142.682410613,-4.317589387,-19.2717242055708,1.54244589384254,0.8898050974512743,0.8930416712046477,-0.003236573753373384
Ilya Samsonov,22-23,TOR,42,2479.7,1184,1676,1088,96,119.6870265858,23.6870265858,17.3660258925068,5.99769286516985,0.918918918918919,0.8989129843025339,0.020005934616385113
Jake Allen,22-23,MTL,42,2458.53333333333,1335,1805,1190,145,145.0360196695,0.036019669500007,-17.1759758728914,2.33004973474191,0.8913857677902621,0.8913587867644194,0.00002698102584275386
Sam Montembeault,22-23,MTL,40,2338.7,1345,1884,1212,133,151.33811553,18.33811553,-4.21849254609654,5.58349358549924,0.9011152416356877,0.8874809549962824,0.013634286639405246
Filip Gustavsson,22-23,MIN,39,2313.03333333333,1173,1650,1092,81,114.6958972193,33.6958972193,31.3127942330325,7.64171321146766,0.9309462915601023,0.9022200364711851,0.02872625508891724
Logan Thompson,22-23,VGK,37,2172.83333333333,1132,1531,1036,96,101.0082425184,5.0082425184,12.3871125931738,2.48105987869299,0.9151943462897526,0.9107701037823321,0.004424242507420462
Petr Mrazek,22-23,CHI,39,2168.63333333333,1248,1694,1116,132,127.9569713504,-4.0430286496,-12.5060808160063,1.35379901952837,0.8942307692307693,0.8974703755205129,-0.003239606289743624
Kaapo Kahkonen,22-23,S.J,37,2109.08333333333,1149,1599,1014,135,116.7672407732,-18.2327592268,-24.985165751275,-1.26961745795406,0.8825065274151436,0.8983748992400348,-0.015868371824891203
Pheonix Copley,22-23,L.A,37,2094.33333333333,947,1386,855,92,96.8371704568,4.8371704568,-1.32632895253042,2.38476217883238,0.9028511087645196,0.8977432202145723,0.005107888549947259
Casey DeSmith,22-23,PIT,38,2072.61666666667,1142,1543,1033,109,118.190353505,9.190353505,0.344595919968597,3.4767140826399,0.9045534150612959,0.8965058200481612,0.00804759501313479
Philipp Grubauer,22-23,SEA,39,2068.35,930,1336,832,98,105.4764430462,7.4764430462,-8.95405060808162,2.97779020671219,0.8946236559139785,0.8865844698427957,0.008039186071182813
Jack Campbell,22-23,EDM,36,2027.63333333333,1027,1374,912,115,96.8975638745,-18.1024361255,-16.6664623381719,-1.56553248636844,0.8880233690360273,0.9056498891192795,-0.017626520083252162
Jeremy Swayman,22-23,BOS,37,2016.4,953,1369,877,76,102.2611054206,26.2611054206,15.2481610435465,6.16186089100078,0.9202518363064008,0.8926955871767052,0.027556249129695676
Frederik Andersen,22-23,CAR,34,1995.41666666667,849,1155,767,82,81.8368688044,-0.163131195600002,-0.70966555511967,1.28313578942683,0.9034157832744405,0.9036079283811543,-0.0001921451067138369
Cam Talbot,22-23,OTT,36,1956.25,935,1283,840,95,97.102332441,2.102332441,-5.47530894468422,1.91794502240922,0.8983957219251337,0.896147238031016,0.002248483894117692
Ukko-Pekka Luukkonen,22-23,BUF,33,1912.75,1055,1423,940,115,111.1658874662,-3.8341125338,-13.9855090231463,1.12074822779598,0.8909952606635071,0.8946294905533649,-0.003634229889857843
Thatcher Demko,22-23,VAN,32,1885.01666666667,1005,1391,906,99,96.1717212515,-2.8282787485,-2.77292565712047,1.05375474068399,0.9014925373134328,0.904306745023383,-0.0028142077099502227
Jonathan Quick,22-23,L.A,31,1706.3,798,1122,699,99,78.8784018264,-20.1215981736,-22.5928305217733,-2.20203842639515,0.8759398496240601,0.9011548849293233,-0.025215035305263145
Charlie Lindgren,22-23,WSH,31,1693.3,853,1179,767,86,85.042904181,-0.957095819000003,-4.32667222440175,1.19774715320766,0.8991793669402111,0.900301401898007,-0.0011220349577959476
Spencer Martin,22-23,VAN,29,1617.03333333333,830,1152,723,107,85.4063915234,-21.5936084766,-27.5288838760298,-2.35099177388989,0.8710843373493976,0.8971007331043374,-0.026016395754939747
Connor Ingram,22-23,ARI,27,1588.7,960,1288,871,89,100.270160298,11.270160298,2.91839937230284,3.54782608511218,0.9072916666666667,0.8955519163562501,0.01173975031041663
Elvis Merzlikins,22-23,CBJ,30,1567.6,889,1253,779,110,85.5215802478,-24.4784197522,-24.8797322479404,-2.84604422178594,0.876265466816648,0.9038002471903263,-0.02753478037367829
Antti Raanta,22-23,CAR,27,1563.6,644,893,586,58,64.1109178474,6.1109178474,3.66192624558649,2.07980274845979,0.9099378881987578,0.9004488853301241,0.009489002868633634
Joonas Korpisalo,22-23,CBJ,28,1558.11666666667,926,1271,845,82,93.5715485737,11.5715485737,6.66295606120045,3.49241032322721,0.9125269978401728,0.898950811475486,0.013576186364686826
Adin Hill,22-23,VGK,27,1494.73333333333,730,1056,668,62,72.2276196852,10.2276196852,7.89628285602195,2.91893958460158,0.915068493150685,0.9010580552257534,0.014010437924931507
Craig Anderson,22-23,BUF,26,1492.05,823,1100,747,76,84.115683449,8.115683449,2.80087779521379,2.7456433669576,0.9076549210206561,0.8977938232697448,0.009861097750911374
Dan Vladar,22-23,CGY,27,1485.6,668,955,597,72,67.4909952471,-4.5090047529,-8.04011377010594,0.304717817560764,0.8937125748502994,0.8989655759773951,-0.005253001127095702
Anton Forsberg,22-23,OTT,28,1478.7,820,1135,740,80,86.5781302146,6.57813021459999,-1.48636720282465,2.52026016640407,0.9024390243902439,0.894416914372439,0.008022110017804951
Alex Stalock,22-23,CHI,27,1477.25,804,1105,730,74,71.9613640253,-2.0386359747,2.98165947430363,0.801856359564983,0.9079601990049752,0.9104958158889304,-0.002535616883955205
Matt Murray,22-23,TOR,26,1474.36666666667,761,1043,687,74,79.4174960051,5.41749600510001,-1.13551883091409,2.20561366930615,0.9027595269382391,0.8956406097173456,0.007118917220893528
Jaroslav Halak,22-23,NYR,25,1453.98333333333,680,963,614,66,72.0115511461,6.0115511461,-0.891133777952149,2.18927541793685,0.9029411764705882,0.8941006600792647,0.00884051639132355
Pyotr Kochetkov,22-23,CAR,24,1403.93333333333,627,860,570,57,66.4157261662,9.4157261662,3.03420459003529,2.68597263271297,0.9090909090909091,0.8940738019677831,0.015017107123125983
Semyon Varlamov,22-23,NYI,23,1337.65,689,987,629,60,67.6609490314,7.66094903139999,5.97060121616319,2.40367040030435,0.9129172714078374,0.9017983323201741,0.01111893908766326
Brian Elliott,22-23,T.B,22,1324.76666666667,689,947,614,75,71.1942492247,-3.8057507753,-9.02939878383681,0.485186248406313,0.8911465892597968,0.8966701752907111,-0.005523586030914296
Spencer Knight,22-23,FLA,21,1168.75,627,833,565,62,57.6846240766,-4.3153759234,-1.96579540996471,0.180946688765853,0.9011164274322169,0.9079990046625199,-0.006882577230303055
Collin Delia,22-23,VAN,20,1135.66666666667,526,750,464,62,58.2562714018,-3.7437285982,-11.6363770105924,0.288570066881674,0.8821292775665399,0.8892466323159696,-0.00711735474942965
Scott Wedgewood,22-23,DAL,21,1129.1,603,816,552,51,56.9393437687,5.9393437687,6.73624460572773,1.93534291331806,0.9154228855721394,0.9055732275809286,0.009849657991210736
Mackenzie Blackwood,22-23,N.J,22,1125.65,563,804,503,60,61.0178105412,1.0178105412,-6.09368870145156,1.15297443079828,0.8934280639431617,0.8916202299445826,0.0018078339985790892
David Rittich,22-23,WPG,21,1122.5,506,736,456,50,49.9926920745,-0.007307925500001,-1.55134366418204,0.799751163762924,0.9011857707509882,0.901200213291502,-0.000014442540513859292
Felix Sandstrom,22-23,PHI,20,1117.25,575,822,506,69,61.7116325911,-7.2883674089,-13.9447087092978,-0.266617183379923,0.88,0.8926754215806958,-0.01267542158069579
Eric Comrie,22-23,BUF,19,1112.96666666667,594,798,526,68,63.0678748646,-4.9321251354,-11.1254903883876,0.160967273004016,0.8855218855218855,0.8938251264905724,-0.008303240968686953
Thomas Greiss,22-23,STL,21,1092.15,627,873,561,66,60.9388778296,-5.0611221704,-5.96579540996471,0.104636070280102,0.8947368421052632,0.9028088072893142,-0.008071965184051066
Kevin Lankinen,22-23,NSH,19,1069.16666666667,583,827,534,49,58.047886833,9.047886833,6.82127795213808,2.48853962564245,0.9159519725557461,0.900432441109777,0.01551953144596907
Lukas Dostal,22-23,ANA,19,1062.9,679,978,612,67,67.021434009,0.0214340090000035,-1.98688211063164,1.07754556065564,0.9013254786450663,0.9012939116215022,0.000031567023564105234
Mads Sogaard,22-23,OTT,18,1042.11666666667,521,718,463,58,55.4275508944,-2.5724491056,-8.11511867398981,0.444995335385316,0.8886756238003839,0.8936131460760077,-0.004937522275623829
Pavel Francouz,22-23,COL,16,968.75,493,667,451,42,44.7929112829,2.7929112829,5.20392801098469,1.19876485955485,0.9148073022312373,0.9091421677831644,0.005665134448072928
Akira Schmid,22-23,N.J,18,901.35,408,579,376,32,42.2968214515,10.2968214515,7.0653197332287,2.45129190973898,0.9215686274509803,0.8963313199718137,0.025237307479166637
Alex Lyon,22-23,FLA,15,895.066666666667,488,682,446,43,55.5520732462,12.5520732462,3.72518634758728,3.05213349036846,0.9139344262295082,0.8861637843315574,0.027770641897950754
Magnus Hellberg,22-23,DET,17,881.983333333333,416,605,368,48,43.5397057194,-4.4602942806,-8.16869360533543,-0.070652487219337,0.8846153846153846,0.895337245866827,-0.010721861251442366
Daniil Tarasov,22-23,CBJ,17,876,528,744,471,57,49.9125299659,-7.0874700341,-6.44488034523344,-0.421064952327905,0.8920454545454546,0.9054686932464016,-0.013423238700946971
Arvid Soderblom,22-23,CHI,15,837.116666666667,453,624,405,48,43.2246783182,-4.7753216818,-4.6260052961946,-0.12996233023195,0.8940397350993378,0.9045812840657836,-0.01054154896644588
Alex Nedeljkovic,22-23,DET,15,835.45,466,648,417,49,42.018220534,-6.981779466,-4.38127697136133,-0.529347034745836,0.8948497854077253,0.909832144776824,-0.014982359369098641
Anthony Stolarz,22-23,ANA,19,821.783333333333,494,688,444,51,53.2141699733,2.2141699733,-3.70032365633583,1.23400876854756,0.8987854251012146,0.8922790081512146,0.0065064169499999824
Michael Hutchinson,22-23,CBJ,16,755.45,432,627,379,54,48.9683956514,-5.0316043486,-12.6367202824637,-0.0820771281044412,0.8773148148148148,0.8866472322884259,-0.009332417473611132
Laurent Brossoit,22-23,VGK,11,636.033333333333,317,469,294,23,31.2420466213,8.2420466213,7.35222145939584,1.92023897515754,0.9274447949526814,0.9014446478823344,0.026000147070347035
Joonas Korpisalo,22-23,L.A,11,621,280,391,258,22,27.6757421455,5.6757421455,4.809533150255,1.42106127113538,0.9214285714285714,0.9011580637660714,0.020270507662499937
Samuel Ersson,22-23,PHI,12,613.833333333333,315,461,282,33,33.7915416614,0.791541661400004,-2.83927520596313,0.677766461600987,0.8952380952380953,0.8927252645669841,0.002512830671111188
Erik Kallgren,22-23,TOR,10,561.666666666667,246,364,221,25,25.2272936616,0.227293661600001,-1.4459101608474,0.443355822940361,0.8983739837398373,0.8974500257658536,0.0009239579739837023
Cal Petersen,22-23,L.A,10,543.466666666667,257,359,223,34,24.8340768854,-9.1659231146,-9.39267850137309,-1.18089132875305,0.867704280155642,0.9033693506404669,-0.03566507048482481
Jonathan Quick,22-23,VGK,10,536.366666666667,282,404,254,28,29.7702282982,1.7702282982,-0.998970184386039,0.781909956414683,0.900709219858156,0.89443181454539,0.0062774053127659935
Devon Levi,22-23,BUF,7,429.016666666667,222,312,201,21,24.2169952439,3.2169952439,0.256129854845032,0.942133306711478,0.9054054054054054,0.8909144358382883,0.01449096956711704
Ivan Prosvetov,22-23,ARI,7,422.066666666667,234,330,206,28,27.0298883372,-0.970111662800001,-5.59489015300118,0.265989334052956,0.8803418803418803,0.8844876566786325,-0.004145776336752172
Joseph Woll,22-23,TOR,7,419.5,219,300,204,15,21.9438129214,6.9438129214,5.96888485680659,1.54764170104676,0.9315068493150684,0.8997999409981735,0.03170690831689493
Jaxson Stauber,22-23,CHI,6,363.5,191,272,174,17,18.4165107495,1.4165107495,1.28793154178109,0.539068020209048,0.9109947643979057,0.903578477751309,0.00741628664659677
Joel Hofer,22-23,STL,6,317.2,179,236,162,17,15.8602008584,-1.1397991416,0.138951549627301,0.0577945254108063,0.9050279329608939,0.9113955259307263,-0.0063675929698323586
Arturs Silovs,22-23,VAN,5,305.933333333333,152,202,138,14,14.1711212201,0.1711212201,0.553746567281284,0.256532358556483,0.9078947368421053,0.9067689393414474,0.001125797500657888
Joey Daccord,22-23,SEA,5,248.133333333333,130,181,117,13,12.6794517827,-0.320548217300001,-0.552716751667322,0.147943784137848,0.9,0.9024657555176923,-0.0024657555176922363
Dustin Tokarski,22-23,PIT,4,209.4,117,159,105,12,12.7164576565,0.716457656499999,-0.79744507650059,0.327157135453825,0.8974358974358975,0.8913123277222222,0.006123569713675225
Aaron Dell,22-23,S.J,4,199.283333333333,103,131,94,9,12.2453758017,3.2453758017,0.862078265986659,0.755205996954251,0.912621359223301,0.8811128562941748,0.031508502929126214
Kevin Mandolese,22-23,OTT,3,185,119,172,109,10,13.0969208654,3.0969208654,1.39405158885837,0.743279098851841,0.9159663865546218,0.889941841467227,0.026024545087394824
Matt Murray,22-23,DAL,3,179.316666666667,64,95,54,10,7.686306917,-2.313693083,-3.87210670851314,-0.27537090638288,0.84375,0.8799014544218751,-0.03615145442187506
Jonas Johansson,22-23,COL,3,142.95,73,98,68,5,8.3284199353,3.3284199353,1.9896282856022,0.706750458083016,0.9315068493150684,0.8859120556808219,0.045594793634246567
Cayden Primeau,22-23,MTL,3,138.583333333333,54,79,46,8,7.378182784,-0.621817216,-2.82959003530797,0.0111115177465064,0.8518518518518519,0.8633669854814814,-0.011515133629629526
Jiri Patera,22-23,VGK,2,120,70,90,65,5,7.9232294478,2.9232294478,1.70238328756375,0.630465715510505,0.9285714285714286,0.8868110078885715,0.041760420682857124
Dylan Ferguson,22-23,OTT,2,118.866666666667,83,113,78,5,8.694954518,3.694954518,2.94711161239702,0.775757498346252,0.9397590361445783,0.8952415118313253,0.044517524313253065
Jon Gillies,22-23,CBJ,3,118.15,66,99,57,9,7.5071824275,-1.4928175725,-2.68061004315418,-0.136848167593792,0.8636363636363636,0.8862548117045455,-0.022618448068181807
Justus Annunen,22-23,COL,2,117.333333333333,48,68,41,7,4.5032280303,-2.4967719697,-2.40408003138486,-0.357906576894467,0.8541666666666666,0.90618274936875,-0.052016082702083355
Alexandar Georgiev,23-24,COL,63,3637.95,1770,2511,1588,183,168.627412212033,-14.3725877879667,-11.9300083504137,0.231627292416419,0.8971751412429378,0.904730275586422,-0.007555134343484204
Juuse Saros,23-24,NSH,64,3624.63333333333,1845,2542,1672,173,167.313881749943,-5.68611825005667,5.31872010931457,1.74209092587188,0.9062330623306233,0.9093149692412233,-0.003081906910600063
Connor Hellebuyck,23-24,WPG,60,3567.33333333333,1798,2558,1656,142,160.3937932462,18.3937932462,31.7761836078849,5.87548091608325,0.9210233592880979,0.9107932184392659,0.010230140848832003
Sergei Bobrovsky,23-24,FLA,58,3414.23333333333,1584,2223,1449,135,142.305269695933,7.30526969593333,18.0931450694603,3.62306371967124,0.9147727272727273,0.9101608145859009,0.004611912686826369
Stuart Skinner,23-24,EDM,59,3361.35,1553,2195,1406,147,152.083549866243,5.08354986624335,3.09700397277265,3.39164566282326,0.9053444945267225,0.9020711204982338,0.003273374028488707
Ilya Sorokin,23-24,NYI,56,3325.98333333333,1822,2572,1655,167,163.720198987883,-3.27980101211668,9.09577671499792,2.10753005691175,0.9083424807903403,0.9101425911153221,-0.0018001103249818406
Jordan Binnington,23-24,STL,57,3291.48333333333,1786,2559,1630,156,172.651403554393,16.6514035543933,16.6163870543284,5.76927695343763,0.9126539753639418,0.9033306811005638,0.009323294263377968
Igor Shesterkin,23-24,NYR,55,3277.1,1606,2300,1466,141,145.5988443303,4.59884433030001,14.2194387509806,3.19977163416611,0.912826899128269,0.9093406946884808,0.0034862044397881986
Petr Mrazek,23-24,CHI,56,3152.66666666667,1724,2415,1565,160,169.3702956659,9.37029566589999,6.62410486095303,4.4312945377203,0.9077726218097448,0.9017573691033063,0.006015252706438545
Cam Talbot,23-24,L.A,54,3116.11666666667,1490,2109,1361,130,135.6470461709,5.64704617090001,14.0080720666009,3.22137220987678,0.9134228187919463,0.9089617139792617,0.00446110481268458
Jake Oettinger,23-24,DAL,54,3084.58333333333,1476,2130,1336,140,140.177471654667,0.177471654666675,2.65497608745167,2.33104133536741,0.9051490514905149,0.9050288132420955,0.00012023824841944641
Ukko-Pekka Luukkonen,23-24,BUF,54,3081.23333333333,1470,2160,1338,132,143.4908017727,11.4908017727,10.0750778106734,4.3807064543119,0.9102040816326531,0.9023872096784353,0.007816871954217763
Joonas Korpisalo,23-24,OTT,55,3080.46666666667,1522,2152,1354,168,141.9312611635,-26.0687388365,-20.899137123915,-2.26917190379804,0.8896189224704336,0.906746871771682,-0.01712794930124839
Andrei Vasilevskiy,23-24,T.B,52,3062.86666666667,1477,2064,1329,148,136.00659396935,-11.99340603065,-5.24837419975196,0.116063598123738,0.899796885578876,0.9079169979896073,-0.008120112410731295
Thatcher Demko,23-24,VAN,51,3015.88333333333,1492,2075,1369,123,133.7976662547,10.7976662547,21.2013714921937,4.09943483231407,0.9175603217158177,0.9103232799901474,0.007237041725670301
Charlie Lindgren,23-24,WSH,50,2852.38333333333,1431,2097,1304,127,133.5369814143,6.53698141429999,11.3057390116147,3.34371054605917,0.9112508735150244,0.9066827523310272,0.004568121183997187
Joey Daccord,23-24,SEA,50,2832.78333333333,1374,2043,1258,116,120.1452092536,4.1452092536,16.7967053822213,2.70217460231416,0.9155749636098981,0.9125580718678311,0.003016891742066985
Jacob Markstrom,23-24,CGY,48,2831.11666666667,1379,1983,1248,131,139.43212011552,8.43212011552001,2.27995394620314,3.77466714641289,0.9050036258158085,0.8988889629329079,0.006114662882900634
Samuel Ersson,23-24,PHI,51,2809.46666666667,1204,1795,1072,132,119.0480069308,-12.9519930692,-15.6337457931627,-0.331221569301485,0.8903654485049833,0.9011229178315614,-0.010757469326578062
Connor Ingram,23-24,ARI,50,2802.93333333333,1461,2134,1325,136,138.623129655133,2.62312965513334,5.20523039550602,2.73687618033664,0.9069130732375086,0.9051176388397447,0.001795434397763862
Tristan Jarry,23-24,PIT,51,2740.63333333333,1369,2029,1236,133,135.333490563393,2.33349056339333,-0.686543181760612,2.63182360637019,0.9028487947406866,0.9011442727805749,0.0017045219601117267
Logan Thompson,23-24,VGK,46,2645.46666666667,1298,1856,1179,119,113.061287186833,-5.93871281316666,6.45132720969664,0.807477399563366,0.9083204930662557,0.9128957725833337,-0.004575279517077924
Jeremy Swayman,23-24,BOS,44,2565.85,1287,1893,1179,108,117.151783728533,9.15178372853333,16.3881803689365,3.53606309485325,0.916083916083916,0.9089729730159029,0.007110943068013187
John Gibson,23-24,ANA,46,2561.48333333333,1343,1956,1192,151,141.1762927144,-9.82370728559999,-21.1994357144664,0.583542229494662,0.8875651526433358,0.8948799011806403,-0.007314748537304516
Filip Gustavsson,23-24,MIN,45,2526.55,1283,1816,1154,129,123.144646042,-5.85535395799999,-4.99841848224899,0.987606042273577,0.8994544037412315,0.9040182026173033,-0.004563798876071723
Alex Lyon,23-24,DET,44,2498.85,1325,1885,1198,127,125.8238468034,-1.1761531966,1.06086945519883,1.85682104107092,0.9041509433962264,0.9050386061861131,-0.0008876627898867229
Mackenzie Blackwood,23-24,S.J,44,2437.13333333333,1383,1974,1243,140,142.465225748233,2.46522574823334,-6.33344720261135,2.77206015888321,0.8987707881417208,0.8969882677163897,0.0017825204253311133
Sam Montembeault,23-24,MTL,41,2428.76666666667,1307,1878,1180,127,138.048676461233,11.0486764612333,-0.678825375135958,4.21344669788421,0.9028309104820199,0.8943774472370061,0.008453463245013837
Linus Ullmark,23-24,BOS,40,2400.13333333333,1207,1758,1105,103,115.4373502225,12.4373502225,13.6562033452264,4.08740428381769,0.9154929577464789,0.9043601075207125,0.011132850225766378
Pyotr Kochetkov,23-24,CAR,42,2371.48333333333,1031,1414,939,92,94.6470753389333,2.64707533893333,7.64585389306413,2.01963158858237,0.9107662463627546,0.9081987630078242,0.0025674833549304
Lukas Dostal,23-24,ANA,44,2322.81666666667,1310,1851,1181,129,127.853816166033,-1.14618383396666,-2.38887623674684,1.89541019555963,0.9015267175572519,0.9024016670488297,-0.0008749494915778477
Ilya Samsonov,23-24,TOR,40,2300.96666666667,1087,1645,967,120,103.092311177233,-16.9076888227667,-14.9417621903388,-1.29064677683981,0.889604415823367,0.9051588673622512,-0.015554451538884129
Elvis Merzlikins,23-24,CBJ,41,2258.66666666667,1266,1781,1136,130,127.453027438133,-2.54697256186667,-7.6414635997874,1.64178089298074,0.8973143759873617,0.8993262026555032,-0.002011826668141481
Marc-Andre Fleury,23-24,MIN,40,2232.66666666667,1056,1532,945,111,99.03181334655,-11.96818665345,-8.93790328702646,-0.486093985655885,0.8948863636363636,0.9062198737248579,-0.011333510088494259
Alex Nedeljkovic,23-24,PIT,38,2060.46666666667,1039,1526,937,102,101.5778006993,-0.422199300700001,-1.58094840456485,1.5920154047122,0.9018286814244466,0.9022350330131857,-0.00040635158873914
Karel Vejmelka,23-24,ARI,38,2040.13333333333,1089,1543,977,114,106.672999048797,-7.32700095120333,-8.74846276474604,0.457822333341796,0.8971533516988063,0.9020449962820964,-0.004891644583290167
Philipp Grubauer,23-24,SEA,36,1996.6,941,1356,846,95,86.2329346557833,-8.76706534421666,-4.05262025860975,-0.131496779941843,0.8990435706695006,0.9083603244890719,-0.00931675381957131
Adin Hill,23-24,VGK,35,1968.81666666667,979,1446,890,89,87.6802111571,-1.3197888429,5.62006882765256,1.20570672471544,0.9090909090909091,0.9104390080111339,-0.001348098920224805
Darcy Kuemper,23-24,WSH,33,1866.53333333333,940,1377,837,103,91.6625921667333,-11.3374078332667,-12.1492699714061,-0.495743816151684,0.8904255319148936,0.9024866040779433,-0.012061072163049746
Vitek Vanecek,23-24,N.J,32,1791.81666666667,862,1205,767,95,82.35750667764,-12.64249332236,-11.6879475695235,-0.87857737411376,0.8897911832946636,0.9044576488658469,-0.01466646557118334
Scott Wedgewood,23-24,DAL,32,1789.13333333333,844,1210,759,85,73.8313081115,-11.1686918885,-3.42764239985827,-0.758526464911805,0.8992890995260664,0.9125221467873222,-0.013233047261255848
Arvid Soderblom,23-24,CHI,32,1744.33333333333,942,1331,829,114,94.28444372224,-19.71555627776,-22.9559705458134,-1.93036532657434,0.8800424628450106,0.8999103569827601,-0.019867894137749476
Casey DeSmith,23-24,VAN,29,1663.48333333333,759,1094,680,80,70.4525334108667,-9.54746658913334,-6.64286798755026,-0.528026487699741,0.8959156785243741,0.9071771628315326,-0.011261484307158454
Kaapo Kahkonen,23-24,S.J,31,1651.43333333333,996,1455,891,105,104.8484332193,-0.151566780699994,-8.73688605480905,1.69340401150167,0.8945783132530121,0.8947304887356426,-0.00015217548263057878
Joel Hofer,23-24,STL,30,1628.65,830,1193,759,72,83.1546367849,11.1546367849,8.21926162099247,3.33154719932975,0.9144578313253012,0.8998136906206023,0.014644140704698883
Semyon Varlamov,23-24,NYI,28,1594.73333333333,837,1219,768,69,77.4885212948,8.48852129480001,11.8958096105671,2.76837247479429,0.9175627240143369,0.907421121511589,0.01014160250274787
Jonathan Quick,23-24,NYR,27,1582.73333333333,771,1141,702,69,75.6616545186,6.6616545186,5.51692856600626,2.41620060517531,0.9105058365758755,0.9018655583416342,0.008640278234241294
Anton Forsberg,23-24,OTT,30,1569.75,765,1061,681,84,73.4468774120333,-10.5531225879667,-10.062969710772,-0.656266817416401,0.8901960784313725,0.9039910099189108,-0.013794931487538298
Anthony Stolarz,23-24,FLA,27,1506.45,684,1018,633,51,64.6017493023,13.6017493023,15.1084035527215,3.45876171583581,0.9254385964912281,0.9055529980960526,0.019885598395175452
Jonas Johansson,23-24,T.B,26,1477.48333333333,752,1015,669,83,71.6972562328,-11.3027437672,-10.3194159771249,-0.817179991228479,0.8896276595744681,0.9046579039457447,-0.015030244371276646
Joseph Woll,23-24,TOR,25,1471.65,772,1085,700,72,74.9076303007667,2.90763030076667,2.61357827880263,1.74174123749692,0.9067357512953368,0.9029693908021158,0.003766360493220988
Carter Hart,23-24,PHI,26,1455.18333333333,727,1023,659,68,65.6882222469,-2.3117777531,2.2643412029657,0.669952931027337,0.90646492434663,0.9096448112147181,-0.003179886868088122
Daniil Tarasov,23-24,CBJ,24,1376.46666666667,796,1084,723,73,67.65229079497,-5.34770920503,3.93317138591567,0.166734813006984,0.9082914572864321,0.9150096849309423,-0.006718227644510133
David Rittich,23-24,L.A,24,1364.51666666667,621,904,572,49,62.0984351173,13.0984351173,11.0194716465498,3.32892412810663,0.9210950080515298,0.9000025199399355,0.021092488111594254
James Reimer,23-24,DET,25,1352.4,727,1033,657,70,72.9623330329,2.96233303290001,0.264341202965696,1.71947463608489,0.9037138927097662,0.8996391567635488,0.004074735946217434
Laurent Brossoit,23-24,WPG,23,1351.03333333333,620,916,575,45,54.7281518809,9.7281518809,14.9228219337534,2.61359845624724,0.9274193548387096,0.911728787288871,0.015690567549838663
Cayden Primeau,23-24,MTL,23,1324.83333333333,731,1043,665,66,69.48819856804,3.48819856804,4.65094005415119,1.75522398242744,0.9097127222982216,0.9049409048316825,0.004771817466539097
Calvin Pickard,23-24,EDM,23,1296.35,581,825,528,53,55.1449891296167,2.14498912961667,3.15348313469472,1.28301150581185,0.9087779690189329,0.9050860772295755,0.003691891789357471
Devon Levi,23-24,BUF,23,1294.9,666,957,599,67,68.2765172217,1.2765172217,-2.63129127761327,1.34527590870627,0.8993993993993994,0.8974827068743243,0.0019166925250750921
Antti Raanta,23-24,CAR,24,1265.18333333333,493,703,430,63,50.8013741684,-12.1986258316,-15.3516915913864,-1.31800098779445,0.8722109533468559,0.8969546162912779,-0.024743662944421985
Jake Allen,23-24,MTL,21,1216.33333333333,686,962,612,74,69.5172698585333,-4.48273014146666,-7.69829702168575,0.349885953116907,0.892128279883382,0.8986628719263363,-0.006534592042954368
Kevin Lankinen,23-24,NSH,24,1191.41666666667,610,829,554,56,56.8029960031333,0.80299600313333,2.95632480578964,1.07352829845685,0.9081967213114754,0.906880334421093,0.0013163868903824927
Martin Jones,23-24,TOR,22,1169.66666666667,574,848,518,56,55.3250022602,-0.674997739799998,-0.523064854879912,0.788609974627745,0.9024390243902439,0.9036149786407666,-0.0011759542505226372
Nico Daws,23-24,N.J,21,1144.05,568,835,508,60,57.8313896828,-2.1686103172,-5.10296313165817,0.566304449350329,0.8943661971830986,0.8981841730936619,-0.0038179759105633204
Dan Vladar,23-24,CGY,20,1128.51666666667,574,830,506,68,54.22176409886,-13.77823590114,-12.5230648548799,-1.5404786431363,0.8815331010452961,0.9055369963434494,-0.024003895298153277
Ville Husso,23-24,DET,19,1012.91666666667,556,829,496,60,54.1431244814667,-5.85687551853333,-6.26275968521469,-0.144696083652944,0.8920863309352518,0.9026202797095922,-0.01053394877434044
Dustin Wolf,23-24,CGY,17,950.5,467,648,417,50,37.3250722163,-12.6749277837,-4.86458412409219,-1.62309649987679,0.892933618843683,0.9200747918280514,-0.027141172984368356
Akira Schmid,23-24,N.J,19,914.15,457,633,409,48,44.4619371664,-3.5380628336,-3.83108125205596,0.105438922237604,0.8949671772428884,0.9027091090450766,-0.0077419318021881844
Frederik Andersen,23-24,CAR,16,912.883333333333,410,592,382,28,40.1475938163,12.1475938163,11.6263822465144,2.80110251132989,0.9317073170731708,0.9020790394724391,0.029628277600731723
Justus Annunen,23-24,COL,14,801.083333333333,414,589,384,30,39.3383233668,9.3383233668,10.0129810976999,2.29236089930507,0.927536231884058,0.9049798952492754,0.022556336634782626
Jake Allen,23-24,N.J,13,770.55,401,576,361,40,36.94690597,-3.05309403,-1.24346516865304,0.0676807552071947,0.9002493765586035,0.9078630773815461,-0.0076137008229426595
Spencer Martin,23-24,CBJ,13,707.216666666667,379,549,336,43,37.4799633021333,-5.52003669786667,-6.36975885017332,-0.35866313863971,0.8865435356200527,0.9011082762476694,-0.014564740627616701
Eric Comrie,23-24,BUF,10,519.9,254,380,222,32,29.0381829887,-2.9618170113,-7.45097294972038,-0.0459708342381005,0.8740157480314961,0.885676444926378,-0.011660696894881917
Jet Greaves,23-24,CBJ,9,515.866666666667,327,460,297,30,31.2780286095,1.2780286095,1.60445608441511,0.738548048067566,0.908256880733945,0.9043485363623853,0.0039083443715596244
Ivan Prosvetov,23-24,COL,11,494.183333333333,248,356,222,26,24.6029184504667,-1.39708154953333,-2.03087122649864,0.15723346314372,0.8951612903225806,0.9007946836674731,-0.0056333933448924345
Magnus Chrona,23-24,S.J,9,471.25,262,372,225,37,27.1287426267,-9.8712573733,-11.6777752473494,-1.29589960057547,0.8587786259541985,0.8964551808141222,-0.03767655485992372
Pheonix Copley,23-24,L.A,8,436.283333333333,177,262,154,23,19.6805245069,-3.3194754931,-5.89300083504137,-0.262571306378727,0.8700564971751412,0.8888105960062148,-0.018754098831073596
Spencer Martin,23-24,CAR,6,365,154,224,138,16,16.4248118006,0.424811800600001,-1.11594422935802,0.34438733932186,0.8961038961038961,0.8933453779181818,0.002758518185714265
Matt Tomkins,23-24,T.B,6,360.216666666667,185,263,165,20,17.5183930444,-2.4816069556,-2.11980313267036,-0.150270061789751,0.8918918918918919,0.9053059835437838,-0.01341409165189189
Jiri Patera,23-24,VGK,6,316.766666666667,196,265,175,21,17.42261132364,-3.57738867636,-2.05665629191021,-0.345102034781847,0.8928571428571429,0.9111091258997959,-0.018251983042652964
Devin Cooley,23-24,S.J,6,301.483333333333,192,276,167,25,19.7195530603,-5.2804469397,-6.44325514309572,-0.607783180089173,0.8697916666666666,0.8972939944776042,-0.027502327810937532
Mads Sogaard,23-24,OTT,6,281.566666666667,135,172,116,19,9.69260603660667,-9.30739396339333,-5.95228877248918,-1.48250821005342,0.8592592592592593,0.928202918247358,-0.06894365898809873
Cal Petersen,23-24,PHI,5,276.916666666667,132,189,114,18,10.7102797033,-7.2897202967,-5.24223791087831,-1.10995971475347,0.8636363636363636,0.9188615173992424,-0.05522515376287873
Jack Campbell,23-24,EDM,5,266.783333333333,157,203,137,20,17.4964428671,-2.5035571329,-4.8259950909689,-0.154501478704721,0.8726114649681529,0.888557688744586,-0.015946223776433066
Felix Sandstrom,23-24,PHI,5,263.483333333333,96,148,79,17,10.9152186738,-6.0847813262,-7.72162757154786,-0.89408509474178,0.8229166666666666,0.88629980548125,-0.06338313881458335
Kaapo Kahkonen,23-24,N.J,6,262.783333333333,143,208,132,11,14.1786380008,3.1786380008,2.82090892988183,0.793222983904417,0.9230769230769231,0.900848685309091,0.022228237767832115
Hunter Shepard,23-24,WSH,4,244.833333333333,123,194,110,13,12.5945373384,-0.4054626616,-1.1120853260457,0.135114484118983,0.8943089430894309,0.8976053874926829,-0.0032964444032520523
Arturs Silovs,23-24,VAN,4,243.216666666667,84,138,74,10,8.6841162983,-1.3158837017,-1.88142412510438,-0.0896085235253964,0.8809523809523809,0.8966176631154762,-0.015665282163095262
Jesper Wallstedt,23-24,MIN,3,179.283333333333,87,119,78,9,7.1756314286,-1.8243685714,-0.591474986715248,-0.204036958511572,0.896551724137931,0.917521477832184,-0.020969753694252913
Ivan Fedotov,23-24,PHI,3,121.15,53,77,43,10,5.283788029,-4.716211971,-4.87756522179205,-0.745102388495956,0.8113207547169812,0.9003058862452831,-0.0889851315283019
Magnus Hellberg,23-24,PIT,3,119.883333333333,64,84,59,5,5.7777435376,0.777743537599999,1.18558161896809,0.231958123990893,0.921875,0.909722757225,0.012152242775000044
Chris Driedger,23-24,SEA,2,119.583333333333,60,92,55,5,6.0873607324,1.0873607324,0.798982767782588,0.291644176515044,0.9166666666666666,0.8985439877933333,0.018122678873333298
Andrei Vasilevskiy,24-25,T.B,63,3743.08333333333,1716,2470,1581,136,159.037958650633,23.0379586506333,35.781631656082,6.93522211738291,0.9213286713286714,0.9073205369168805,0.014008134411790829
Connor Hellebuyck,24-25,WPG,63,3741.36666666667,1664,2565,1539,125,157.9042969973,32.9042969973,41.5761276665038,8.72455854471945,0.9248798076923077,0.905105590746815,0.01977421694549275
Sam Montembeault,24-25,MTL,62,3533.98333333333,1678,2549,1513,166,188.753652750133,22.7536527501333,1.97760950985176,7.38982652642187,0.9016686531585221,0.8875127218413987,0.014155931317123338
Igor Shesterkin,24-25,NYR,61,3505.13333333333,1751,2591,1584,167,183.46096288017,16.46096288017,8.28533626445198,6.14601637133333,0.9046259280411194,0.8952250354767732,0.009400892564346175
Ilya Sorokin,24-25,NYI,61,3498.85,1695,2546,1538,158,168.875204277583,10.8752042775833,11.67940889106,4.87333007436331,0.9073746312684365,0.9003686110456738,0.007006020222762754
Filip Gustavsson,24-25,MIN,58,3423.58333333333,1693,2552,1547,146,159.5947713312,13.5947713312,23.4791971991532,5.21361985475748,0.9137625516834023,0.9057325627104548,0.008029988972947488
Jake Oettinger,24-25,DAL,58,3410.06666666667,1611,2407,1464,147,163.262105045927,16.2621050459267,14.2705178309721,5.76512427096979,0.9087523277467412,0.8986579112067492,0.01009441653999199
Jeremy Swayman,24-25,BOS,58,3390.58333333333,1632,2434,1456,176,161.204249350877,-14.7957506491233,-12.6272594040059,0.0365985436970661,0.8921568627450981,0.9012228864271586,-0.009066023682060553
Karel Vejmelka,24-25,UTA,58,3368.33333333333,1509,2212,1364,145,159.2799057603,14.2799057603,6.05972154372247,5.33384747714361,0.9039098740888005,0.8944467158646123,0.009463158224188195
Juuse Saros,24-25,NSH,58,3357.81666666667,1592,2299,1426,167,156.7216665691,-10.2783334309,-7.63149324214302,0.788279548450184,0.8957286432160804,0.9015567421048366,-0.005828098888756239
Joey Daccord,24-25,SEA,57,3295.25,1599,2479,1449,151,154.8473471153,3.84734711530001,9.06924767953097,3.34579605825641,0.9061913696060038,0.9031598829797999,0.003031486626203894
Jordan Binnington,24-25,STL,56,3238.98333333333,1457,2164,1312,145,138.2516225942,-6.7483774058,0.854217554144242,1.12042294531009,0.9004804392587509,0.9051121327424846,-0.004631693483733712
Sergei Bobrovsky,24-25,FLA,54,3199.98333333333,1377,2046,1247,130,129.02842907234,-0.971570927659997,7.84574987787002,2.02213290099718,0.90559186637618,0.9062974371297458,-0.0007055707535656985
Dustin Wolf,24-25,CGY,53,3182.36666666667,1549,2243,1409,140,151.861553050133,11.8615530501333,15.0639553818596,4.76402182103792,0.9096191091026469,0.901961553873381,0.007657555229265922
Ukko-Pekka Luukkonen,24-25,BUF,55,3172.21666666667,1490,2244,1321,169,156.1042807116,-12.8957192884,-19.8422895293926,0.297940215784917,0.8865771812080537,0.8952320263680537,-0.008654845159999924
Elvis Merzlikins,24-25,CBJ,53,3170.91666666667,1557,2301,1389,168,154.97783528587,-13.02216471413,-12.135197850513,0.255552067645588,0.8921001926782274,0.9004638180566025,-0.008363625378375095
Lukas Dostal,24-25,ANA,54,3057.65,1625,2480,1467,158,176.9043255261,18.9043255261,4.67199967432009,6.48212030085712,0.9027692307692308,0.8911357996762462,0.011633431092984536
Kevin Lankinen,24-25,VAN,51,3019.78333333333,1345,2070,1213,132,134.10199504744,2.10199504744,2.64236280736031,2.67208618621027,0.9018587360594795,0.9002959144628699,0.001562821596609587
Darcy Kuemper,24-25,L.A,50,2973.65,1267,1939,1168,100,123.648275293717,23.6482752937167,26.834106822993,6.44362616353158,0.9218626677190213,0.9024086224990394,0.01945404521998184
Stuart Skinner,24-25,EDM,51,2942.45,1325,1936,1187,138,136.26044678514,-1.73955321486,-5.35975411170824,2.00467157902472,0.8958490566037736,0.8971619269546114,-0.0013128703508378248
Adin Hill,24-25,VGK,50,2940.21666666667,1293,2008,1172,121,131.9475611953,10.9475611953,8.43685881778208,4.25689109806867,0.9064191802010828,0.897952388866744,0.008466791334338808
Jacob Markstrom,24-25,N.J,49,2903.01666666667,1214,1909,1093,121,121.140367699033,0.140367699033334,0.528496987461295,2.09146019542372,0.9003294892915981,0.900213865157304,0.00011562413429411222
Pyotr Kochetkov,24-25,CAR,47,2790.7,1172,1699,1052,121,122.122950458063,1.12295045806333,-3.67594854258267,2.28833971567518,0.8976109215017065,0.8957995303258848,0.0018113911758217416
Cam Talbot,24-25,DET,47,2642.16666666667,1295,1924,1167,129,132.9061007874,3.90610078739999,0.637070509688925,2.98241671397943,0.9011583011583012,0.8973698063417761,0.003788494816525101
Samuel Ersson,24-25,PHI,47,2601.78333333333,1162,1732,1026,136,113.2676000416,-22.7323999584,-19.677007002117,-2.23575728549171,0.882960413080895,0.9025235799986231,-0.01956316691772808
Logan Thompson,24-25,WSH,43,2535.15,1172,1797,1067,105,124.2008346734,19.2008346734,12.3240514574173,5.63775691289407,0.9104095563139932,0.8940265915755972,0.016382964738396066
Linus Ullmark,24-25,OTT,44,2467.28333333333,1229,1743,1118,112,116.041661859933,4.04166185993333,11.0300846767627,2.71968899136602,0.9096826688364524,0.9055804215948471,0.00410224724160535
Joseph Woll,24-25,TOR,42,2442.33333333333,1216,1812,1105,111,118.8132922455,7.81329224549999,10.7287086793681,3.45835596410989,0.9087171052631579,0.9022917004560034,0.006425404807154478
Charlie Lindgren,24-25,WSH,39,2287,985,1519,883,104,109.14423063716,5.14423063716001,-5.39574173587367,2.80419120840172,0.8964467005076142,0.8891936744800406,0.007253026027573606
Mackenzie Blackwood,24-25,COL,37,2165.08333333333,966,1416,882,84,97.6387434421,13.6387434421,12.7022471910112,4.1651845879953,0.9130434782608695,0.8989246962297102,0.01411878203115935
Alex Nedeljkovic,24-25,PIT,38,2150.85,1054,1549,942,112,102.135274867333,-9.86472513266666,-6.48843836508715,-0.0667254601119186,0.8937381404174574,0.9030974621752059,-0.009359321757748562
Arvid Soderblom,24-25,CHI,36,2096.5,1087,1625,976,111,116.4874273068,5.4874273068,-2.18494544862403,2.9923237962414,0.8978840846366145,0.8928358534436063,0.005048231193008235
Tristan Jarry,24-25,PIT,36,2019.9,971,1453,867,105,96.5673684095,-8.43263159049999,-7.79722357922165,0.100855790903714,0.8928939237899073,0.9005485392281154,-0.007654615438208112
Anthony Stolarz,24-25,TOR,34,1986.9,955,1480,884,71,92.72354426993,21.72354426993,24.6010828855235,5.56345069980515,0.9256544502617801,0.9029072834869842,0.022747166774795824
Calvin Pickard,24-25,EDM,36,1881.71666666667,849,1192,764,85,79.5137827232,-5.48621727680001,-0.0101367855398422,0.350179991260408,0.8998822143698468,0.9063441899608953,-0.006461975591048441
David Rittich,24-25,L.A,34,1860.46666666667,771,1151,684,88,74.2613185955667,-13.7386814044333,-10.8183927699072,-1.25220425321339,0.8871595330739299,0.9036818176451793,-0.01652228457124938
Petr Mrazek,24-25,CHI,33,1839.53333333333,964,1372,858,106,92.3878835339333,-13.6121164660667,-9.49796450089565,-0.91990214469065,0.8900414937759336,0.904161946541563,-0.014120452765629454
Dan Vladar,24-25,CGY,30,1781.03333333333,810,1204,727,83,79.0432515191333,-3.95674848086666,-1.91426477772352,0.622534032421009,0.8975308641975308,0.9024157388652676,-0.004884874667736794
Ilya Samsonov,24-25,VGK,29,1745.36666666667,752,1184,670,82,76.5264043375,-5.4735956625,-6.72040384302232,0.301551915332671,0.8909574468085106,0.8982361644448138,-0.007278717636303167
Jake Allen,24-25,N.J,31,1738.16666666667,819,1235,744,77,85.8474169273333,8.84741692733333,4.98668783585732,3.08578288121719,0.9084249084249084,0.8951801991119253,0.01324470931298316
Alexandar Georgiev,24-25,S.J,31,1730.91666666667,896,1324,784,112,99.1093794949,-12.8906205051,-22.3051620257287,-0.673022307660823,0.875,0.8893868532422992,-0.014386853242299158
Joel Hofer,24-25,STL,31,1678.81666666667,767,1131,693,74,70.3923168038,-3.6076831962,2.78118384627909,0.539004851186291,0.9035202086049544,0.9082238372831812,-0.004703628678226823
Anton Forsberg,24-25,OTT,30,1676.53333333333,768,1123,692,76,73.8957472384,-2.10425276159999,0.881289692232514,0.874351016436705,0.9010416666666666,0.9037815791166667,-0.0027399124500000482
John Gibson,24-25,ANA,29,1562.15,811,1197,740,72,84.4212900172333,12.4212900172333,9.1858410682299,3.71661592781477,0.9124537607891492,0.895904697882573,0.016549062906576206
Alex Lyon,24-25,DET,30,1559.63333333333,705,1081,632,73,72.4557902482333,-0.544209751766672,-2.42537860283343,1.13577884081827,0.8964539007092198,0.8972258294351302,-0.0007719287259103647
Joonas Korpisalo,24-25,BOS,27,1529.7,693,1063,619,74,67.2050682729,-6.79493172709999,-4.62664875427457,-0.0996222323025724,0.8932178932178932,0.9030229895051948,-0.009805096287301529
Casey DeSmith,24-25,DAL,27,1504.5,761,1123,696,65,80.3641791037,15.3641791037,11.1805487705585,4.1869143792151,0.9145860709592641,0.8943966109018396,0.020189460057424502
Philipp Grubauer,24-25,SEA,26,1460.48333333333,681,1069,596,85,68.0886308879667,-16.9113691120333,-16.8279189057157,-1.9390708544815,0.8751835535976505,0.9000166947313264,-0.02483314113367585
Ivan Fedotov,24-25,PHI,26,1429.01666666667,624,924,549,75,57.00511075616,-17.99488924384,-12.5339521250611,-2.3266986732729,0.8798076923076923,0.9086456558394872,-0.028837963531794908
Marc-Andre Fleury,24-25,MIN,26,1390.26666666667,670,955,602,68,61.1863304479,-6.8136695521,-0.929083211203405,-0.205690841585523,0.8985074626865671,0.9086771187344777,-0.010169656047910536
Jonathan Quick,24-25,NYR,24,1325.68333333333,657,965,587,70,61.4805899766,-8.5194100234,-4.23045920859796,-0.513364333002268,0.893455098934551,0.9064222374785389,-0.0129671385439879
Frederik Andersen,24-25,CAR,22,1319.51666666667,546,801,491,55,62.89715950896,7.89715950896,-0.342208109428448,2.52022858771058,0.8992673992673993,0.8848037371630769,0.014463662104322372
Thatcher Demko,24-25,VAN,23,1301.96666666667,569,874,506,63,62.56885077,-0.431149230000003,-6.03977365249961,0.987909172526347,0.8892794376098418,0.8900371691212654,-0.0007577315114235539
Spencer Knight,24-25,FLA,23,1298.43333333333,560,863,508,52,55.1782247103,3.1782247103,4.05927373391954,1.52354138081874,0.9071428571428571,0.9014674558744643,0.005675401268392832
Justus Annunen,24-25,NSH,23,1268.98333333333,596,864,529,67,59.44571454116,-7.55428545884,-7.33691581175706,-0.371139961986586,0.8875838926174496,0.9002588682195303,-0.01267497560208064
James Reimer,24-25,BUF,22,1242.83333333333,596,919,537,60,64.0854820982,4.0854820982,-0.336915811757059,1.84174683145025,0.9010067114093959,0.8924740233251678,0.008532688084228135
Connor Ingram,24-25,UTA,22,1210.11666666667,558,825,492,66,57.8380500358,-8.16194996420001,-10.1409379579873,-0.509949689542726,0.8817204301075269,0.8963475805810036,-0.014627150473476735
Eric Comrie,24-25,WPG,20,1179.55,547,830,500,47,50.5378088261,3.5378088261,7.75789773652498,1.5103292664824,0.9140767824497258,0.9076091246323583,0.006467657817367467
Scott Wedgewood,24-25,COL,19,1113.06666666667,447,666,410,37,42.5775412482,5.5775412482,7.7473131411822,1.74850569551267,0.9172259507829977,0.9047482298697986,0.012477720913199097
Jonas Johansson,24-25,T.B,19,1110.25,554,822,496,58,54.5865710262,-3.4134289738,-2.54136134180103,0.305089793685123,0.8953068592057761,0.9014682833462094,-0.0061614241404333026
Daniil Tarasov,24-25,CBJ,20,1100.41666666667,544,809,479,65,58.3262742565,-6.6737257435,-10.5424198013353,-0.228807445527029,0.8805147058823529,0.8927825840873161,-0.012267878204963223
Mackenzie Blackwood,24-25,S.J,19,1058.55,583,860,531,53,56.6217672213,3.6217672213,5.36170819084838,1.62946608244158,0.9108061749571184,0.9028786154008576,0.007927559556260788
Vitek Vanecek,24-25,S.J,18,972.983333333333,533,783,470,63,53.9545900480767,-9.04540995192333,-9.64358410682301,-0.738125100584175,0.8818011257035647,0.8987718760824077,-0.01697075037884299
Alexandar Georgiev,24-25,COL,18,940.883333333333,421,595,368,53,45.2477670789,-7.7522329211,-10.8554388536069,-0.649535529174732,0.8741092636579573,0.8925231185774347,-0.018413854919477446
Spencer Knight,24-25,CHI,15,904.416666666667,451,683,404,48,49.815852041,1.815852041,-2.85226347500409,1.18235416821263,0.8957871396895787,0.8895435653192906,0.0062435743702881075
Aleksei Kolosov,24-25,PHI,17,901.916666666667,406,629,352,54,43.2189249112333,-10.7810750887667,-13.3570265429083,-1.23937047057606,0.8669950738916257,0.893549446031445,-0.02655437213981937
Jakub Dobes,24-25,MTL,16,874.783333333333,440,664,400,40,47.0616978317667,7.06169783176666,4.04657221950821,2.09704232449679,0.9090909090909091,0.8930415958368938,0.016049313254015263
Joel Blomqvist,24-25,PIT,15,772.45,425,587,376,49,41.7461636723,-7.2538363277,-6.4550154697932,-0.617881516578901,0.8847058823529412,0.9017737325357648,-0.01706785018282353
Marcus Hogberg,24-25,NYI,15,728.216666666667,335,509,294,41,34.3213631039333,-6.67863689606666,-7.4645416056017,-0.639047980172452,0.8776119402985074,0.897548169839005,-0.019936229540497563
Yaroslav Askarov,24-25,S.J,13,716.8,357,541,320,37,40.1929676093333,3.19296760933333,-1.2622129946263,1.27071010047514,0.896358543417367,0.8874146565564893,0.008943886860877659
Leevi Meriläinen,24-25,OTT,12,662.983333333333,295,424,273,22,24.24608376964,2.24608376964,7.53122455626119,0.825198245145286,0.9254237288135593,0.9178098855266441,0.007613843286915167
Jet Greaves,24-25,CBJ,11,660.1,339,503,318,21,34.6628479098,13.6628479098,12.935881778212,3.09571609969018,0.9380530973451328,0.8977497111805309,0.04030338616460183
Semyon Varlamov,24-25,NYI,10,602.4,262,394,233,29,27.0078218611,-1.9921781389,-2.77226836020193,0.0953467154797284,0.8893129770992366,0.8969167104538167,-0.007603733354580089
Arturs Silovs,24-25,VAN,10,542.516666666667,238,356,205,33,24.1389952119,-8.8610047881,-9.1748086630842,-1.21274656053198,0.8613445378151261,0.8985756503701681,-0.03723111255504197
Cayden Primeau,24-25,MTL,11,523.7,250,391,209,41,29.6057115665,-11.3942884335,-15.9735385116431,-1.58392026073177,0.836,0.881577153734,-0.045577153734000064
Justus Annunen,24-25,COL,11,520.833333333333,218,340,190,28,23.1430235813,-4.8569764187,-6.17692558215275,-0.495723557634741,0.8715596330275229,0.8938393413701835,-0.022279708342660576
Devon Levi,24-25,BUF,9,480.633333333333,258,351,225,33,24.4665055971,-8.5334944029,-7.17269174401564,-1.14712350036431,0.872093023255814,0.9051685829569768,-0.03307555970116283
Ville Husso,24-25,DET,9,438.816666666667,202,302,175,27,16.381344316,-10.618655684,-6.77861911740759,-1.66724014268517,0.8663366336633663,0.918904236059406,-0.05256760239603964
Vitek Vanecek,24-25,FLA,7,420.65,191,291,170,21,20.4223689929,-0.577631007100003,-1.8797834228953,0.242359848988119,0.8900523560209425,0.8930766021314136,-0.0030242461104711404
Georgi Romanov,24-25,S.J,8,416.933333333333,219,328,192,27,22.3602572166,-4.6397427834,-5.07681973619932,-0.469248937692464,0.8767123287671232,0.8978983688739727,-0.021186040106849435
Spencer Martin,24-25,CAR,9,415.983333333333,175,275,148,27,20.6512788522,-6.3487211478,-9.48147695815014,-0.811675911309786,0.8457142857142858,0.8819926922731429,-0.03627840655885717
Dennis Hildeby,24-25,TOR,6,360.816666666667,156,247,137,20,16.7549107014,-3.2450892986,-4.38348803126527,-0.309169528597827,0.8782051282051282,0.8925967262730768,-0.014391598067948652
Dustin Tokarski,24-25,CAR,6,358.316666666667,132,205,119,13,11.7266819374,-1.2733180626,0.213971665852464,-0.0334533805713702,0.9015151515151515,0.9111615004742424,-0.009646348959090889
Jaxson Stauber,24-25,UTA,6,313.183333333333,158,230,141,17,17.1869353319,0.186935331899999,-1.18327633935841,0.327346134451137,0.8924050632911392,0.891221928279114,0.0011831350120252715
Nico Daws,24-25,N.J,6,262.85,114,194,107,7,11.3850469676,4.3850469676,4.41206643869076,0.997995716698331,0.9385964912280702,0.9001311669508771,0.03846532427719307
Scott Wedgewood,24-25,NSH,5,260.016666666667,131,186,115,16,12.440066182,-3.559933818,-2.88613418010096,-0.44046415179415,0.8778625954198473,0.9050376627328245,-0.02717506731297714
Petr Mrazek,24-25,DET,5,240.583333333333,102,165,92,10,10.3955520441,0.3955520441,0.210796287249631,0.249780064176082,0.9019607843137255,0.8980828230970588,0.0038779612166667254
Akira Schmid,24-25,VGK,5,238.1,90,148,85,5,9.3512266902,4.3512266902,4.0095261358085,0.957114460431099,0.9444444444444444,0.8960974812199999,0.04834696322444454
Ville Husso,24-25,ANA,4,200.95,134,196,124,10,12.3305121649,2.3305121649,3.41418335775932,0.637486867280271,0.9253731343283582,0.9079812525007462,0.017391881827611977
James Reimer,24-25,ANA,2,120,66,105,57,9,9.4143306208,0.414330620799999,-2.39301416707377,0.236490362620171,0.8636363636363636,0.8573586269575757,0.0062777366787879485
Matt Murray,24-25,TOR,2,118.65,58,88,51,7,4.5624822814,-2.4375177186,-1.19386093470119,-0.369037492422542,0.8793103448275862,0.9213365123896552,-0.042026167562069006
Jesper Wallstedt,24-25,MIN,2,117.433333333333,51,77,43,8,5.2717876194,-2.7282123806,-2.89460185637518,-0.410231454385589,0.8431372549019608,0.8966316153058823,-0.053494360403921526