league,season,season_start_year,nhle,source,vintage_pulled
16u-aaa,2008-2009,2008,0.0233062500552118,"hockeystats.com/data/NHLe_Temporal.csv (NHLe page; Bacon/TopDownHockey, era-varying network NHLe)",2026-05-24
16u-aaa,2009-2010,2009,0.0228157845875742,"hockeystats.com/data/NHLe_Temporal.csv (NHLe page; Bacon/TopDownHockey, era-varying network NHLe)",2026-05-24
16u-aaa,2010-2011,2010,0.0276124284823451,"hockeystats.com/data/NHLe_Temporal.csv (NHLe page; Bacon/TopDownHockey, era-varying network NHLe)",2026-05-24
16u-aaa,2011-2012,2011,0.0259718752439096,"hockeystats.com/data/NHLe_Temporal.csv (NHLe page; Bacon/TopDownHockey, era-varying network NHLe)",2026-05-24
16u-aaa,2013-2014,2013,0.0283808342962902,"hockeystats.com/data/NHLe_Temporal.csv (NHLe page; Bacon/TopDownHockey, era-varying network NHLe)",2026-05-24
16u-aaa,2014-2015,2014,0.0185765846615049,"hockeystats.com/data/NHLe_Temporal.csv (NHLe page; Bacon/TopDownHockey, era-varying network NHLe)",2026-05-24
16u-aaa,2015-2016,2015,0.0262802927449508,"hockeystats.com/data/NHLe_Temporal.csv (NHLe page; Bacon/TopDownHockey, era-varying network NHLe)",2026-05-24
16u-aaa,2016-2017,2016,0.0278072895786875,"hockeystats.com/data/NHLe_Temporal.csv (NHLe page; Bacon/TopDownHockey, era-varying network NHLe)",2026-05-24
16u-aaa,2017-2018,2017,0.0300493953422234,"hockeystats.com/data/NHLe_Temporal.csv (NHLe page; Bacon/TopDownHockey, era-varying network NHLe)",2026-05-24
16u-aaa,2018-2019,2018,0.0313043305832283,"hockeystats.com/data/NHLe_Temporal.csv (NHLe page; Bacon/TopDownHockey, era-varying network NHLe)",2026-05-24
16u-aaa,2019-2020,2019,0.0329225185335388,"hockeystats.com/data/NHLe_Temporal.csv (NHLe page; Bacon/TopDownHockey, era-varying network NHLe)",2026-05-24
16u-aaa,2020-2021,2020,0.025956217583257,"hockeystats.com/data/NHLe_Temporal.csv (NHLe page; Bacon/TopDownHockey, era-varying network NHLe)",2026-05-24
16u-aaa,2021-2022,2021,0.0242206768473658,"hockeystats.com/data/NHLe_Temporal.csv (NHLe page; Bacon/TopDownHockey, era-varying network NHLe)",2026-05-24
16u-aaa,2022-2023,2022,0.0258182892392887,"hockeystats.com/data/NHLe_Temporal.csv (NHLe page; Bacon/TopDownHockey, era-varying network NHLe)",2026-05-24
16u-aaa,2023-2024,2023,0.0226517755673784,"hockeystats.com/data/NHLe_Temporal.csv (NHLe page; Bacon/TopDownHockey, era-varying network NHLe)",2026-05-24
16u-aaa,2024-2025,2024,0.0210906610231698,"hockeystats.com/data/NHLe_Temporal.csv (NHLe page; Bacon/TopDownHockey, era-varying network NHLe)",2026-05-24
16u-aaa,2025-2026,2025,0.0189657655904928,"hockeystats.com/data/NHLe_Temporal.csv (NHLe page; Bacon/TopDownHockey, era-varying network NHLe)",2026-05-24
18u-aaa,2006-2007,2006,0.0391385343220479,"hockeystats.com/data/NHLe_Temporal.csv (NHLe page; Bacon/TopDownHockey, era-varying network NHLe)",2026-05-24
18u-aaa,2007-2008,2007,0.0352111175325945,"hockeystats.com/data/NHLe_Temporal.csv (NHLe page; Bacon/TopDownHockey, era-varying network NHLe)",2026-05-24
18u-aaa,2008-2009,2008,0.0347372150468799,"hockeystats.com/data/NHLe_Temporal.csv (NHLe page; Bacon/TopDownHockey, era-varying network NHLe)",2026-05-24
18u-aaa,2009-2010,2009,0.03238391594519,"hockeystats.com/data/NHLe_Temporal.csv (NHLe page; Bacon/TopDownHockey, era-varying network NHLe)",2026-05-24
18u-aaa,2010-2011,2010,0.0297922775603079,"hockeystats.com/data/NHLe_Temporal.csv (NHLe page; Bacon/TopDownHockey, era-varying network NHLe)",2026-05-24
18u-aaa,2011-2012,2011,0.0308178262299314,"hockeystats.com/data/NHLe_Temporal.csv (NHLe page; Bacon/TopDownHockey, era-varying network NHLe)",2026-05-24
18u-aaa,2013-2014,2013,0.0267932819430208,"hockeystats.com/data/NHLe_Temporal.csv (NHLe page; Bacon/TopDownHockey, era-varying network NHLe)",2026-05-24
18u-aaa,2014-2015,2014,0.0227705326670884,"hockeystats.com/data/NHLe_Temporal.csv (NHLe page; Bacon/TopDownHockey, era-varying network NHLe)",2026-05-24
18u-aaa,2015-2016,2015,0.0352609020219224,"hockeystats.com/data/NHLe_Temporal.csv (NHLe page; Bacon/TopDownHockey, era-varying network NHLe)",2026-05-24
18u-aaa,2016-2017,2016,0.0376244178599446,"hockeystats.com/data/NHLe_Temporal.csv (NHLe page; Bacon/TopDownHockey, era-varying network NHLe)",2026-05-24
18u-aaa,2017-2018,2017,0.0383210932246527,"hockeystats.com/data/NHLe_Temporal.csv (NHLe page; Bacon/TopDownHockey, era-varying network NHLe)",2026-05-24
18u-aaa,2018-2019,2018,0.037787802365865,"hockeystats.com/data/NHLe_Temporal.csv (NHLe page; Bacon/TopDownHockey, era-varying network NHLe)",2026-05-24
18u-aaa,2019-2020,2019,0.037531479459348,"hockeystats.com/data/NHLe_Temporal.csv (NHLe page; Bacon/TopDownHockey, era-varying network NHLe)",2026-05-24
18u-aaa,2020-2021,2020,0.0329512113493912,"hockeystats.com/data/NHLe_Temporal.csv (NHLe page; Bacon/TopDownHockey, era-varying network NHLe)",2026-05-24
18u-aaa,2021-2022,2021,0.0275174392652794,"hockeystats.com/data/NHLe_Temporal.csv (NHLe page; Bacon/TopDownHockey, era-varying network NHLe)",2026-05-24
18u-aaa,2022-2023,2022,0.0282836463008027,"hockeystats.com/data/NHLe_Temporal.csv (NHLe page; Bacon/TopDownHockey, era-varying network NHLe)",2026-05-24
18u-aaa,2023-2024,2023,0.0257117899583931,"hockeystats.com/data/NHLe_Temporal.csv (NHLe page; Bacon/TopDownHockey, era-varying network NHLe)",2026-05-24
18u-aaa,2024-2025,2024,0.0235525712103627,"hockeystats.com/data/NHLe_Temporal.csv (NHLe page; Bacon/TopDownHockey, era-varying network NHLe)",2026-05-24
18u-aaa,2025-2026,2025,0.025025251211343,"hockeystats.com/data/NHLe_Temporal.csv (NHLe page; Bacon/TopDownHockey, era-varying network NHLe)",2026-05-24
aehl-u18,2006-2007,2006,0.0228747279112135,"hockeystats.com/data/NHLe_Temporal.csv (NHLe page; Bacon/TopDownHockey, era-varying network NHLe)",2026-05-24
aehl-u18,2007-2008,2007,0.0256187232408189,"hockeystats.com/data/NHLe_Temporal.csv (NHLe page; Bacon/TopDownHockey, era-varying network NHLe)",2026-05-24
aehl-u18,2008-2009,2008,0.0230616848945206,"hockeystats.com/data/NHLe_Temporal.csv (NHLe page; Bacon/TopDownHockey, era-varying network NHLe)",2026-05-24
aehl-u18,2009-2010,2009,0.0240142769497064,"hockeystats.com/data/NHLe_Temporal.csv (NHLe page; Bacon/TopDownHockey, era-varying network NHLe)",2026-05-24
aehl-u18,2010-2011,2010,0.020762151543521,"hockeystats.com/data/NHLe_Temporal.csv (NHLe page; Bacon/TopDownHockey, era-varying network NHLe)",2026-05-24
aehl-u18,2011-2012,2011,0.020583415227336,"hockeystats.com/data/NHLe_Temporal.csv (NHLe page; Bacon/TopDownHockey, era-varying network NHLe)",2026-05-24
aehl-u18,2013-2014,2013,0.0192825730775736,"hockeystats.com/data/NHLe_Temporal.csv (NHLe page; Bacon/TopDownHockey, era-varying network NHLe)",2026-05-24
aehl-u18,2014-2015,2014,0.0197706544772314,"hockeystats.com/data/NHLe_Temporal.csv (NHLe page; Bacon/TopDownHockey, era-varying network NHLe)",2026-05-24
aehl-u18,2015-2016,2015,0.022474585478202,"hockeystats.com/data/NHLe_Temporal.csv (NHLe page; Bacon/TopDownHockey, era-varying network NHLe)",2026-05-24
aehl-u18,2016-2017,2016,0.0213674805758414,"hockeystats.com/data/NHLe_Temporal.csv (NHLe page; Bacon/TopDownHockey, era-varying network NHLe)",2026-05-24
aehl-u18,2017-2018,2017,0.0217208276166912,"hockeystats.com/data/NHLe_Temporal.csv (NHLe page; Bacon/TopDownHockey, era-varying network NHLe)",2026-05-24
aehl-u18,2018-2019,2018,0.0204916508403912,"hockeystats.com/data/NHLe_Temporal.csv (NHLe page; Bacon/TopDownHockey, era-varying network NHLe)",2026-05-24
aehl-u18,2019-2020,2019,0.0193611678863396,"hockeystats.com/data/NHLe_Temporal.csv (NHLe page; Bacon/TopDownHockey, era-varying network NHLe)",2026-05-24
aehl-u18,2020-2021,2020,0.0190106389356573,"hockeystats.com/data/NHLe_Temporal.csv (NHLe page; Bacon/TopDownHockey, era-varying network NHLe)",2026-05-24
aehl-u18,2021-2022,2021,0.0190456745200879,"hockeystats.com/data/NHLe_Temporal.csv (NHLe page; Bacon/TopDownHockey, era-varying network NHLe)",2026-05-24
aehl-u18,2022-2023,2022,0.019454485093243,"hockeystats.com/data/NHLe_Temporal.csv (NHLe page; Bacon/TopDownHockey, era-varying network NHLe)",2026-05-24
aehl-u18,2023-2024,2023,0.0173080099631661,"hockeystats.com/data/NHLe_Temporal.csv (NHLe page; Bacon/TopDownHockey, era-varying network NHLe)",2026-05-24
aehl-u18,2024-2025,2024,0.0156844590726765,"hockeystats.com/data/NHLe_Temporal.csv (NHLe page; Bacon/TopDownHockey, era-varying network NHLe)",2026-05-24
aehl-u18,2025-2026,2025,0.015229393255111,"hockeystats.com/data/NHLe_Temporal.csv (NHLe page; Bacon/TopDownHockey, era-varying network NHLe)",2026-05-24
ahl,2006-2007,2006,0.4391564522820383,"hockeystats.com/data/NHLe_Temporal.csv (NHLe page; Bacon/TopDownHockey, era-varying network NHLe)",2026-05-24
ahl,2007-2008,2007,0.4484997618004062,"hockeystats.com/data/NHLe_Temporal.csv (NHLe page; Bacon/TopDownHockey, era-varying network NHLe)",2026-05-24
ahl,2008-2009,2008,0.4609821221707048,"hockeystats.com/data/NHLe_Temporal.csv (NHLe page; Bacon/TopDownHockey, era-varying network NHLe)",2026-05-24
ahl,2009-2010,2009,0.4719513753094268,"hockeystats.com/data/NHLe_Temporal.csv (NHLe page; Bacon/TopDownHockey, era-varying network NHLe)",2026-05-24
ahl,2010-2011,2010,0.494124406424555,"hockeystats.com/data/NHLe_Temporal.csv (NHLe page; Bacon/TopDownHockey, era-varying network NHLe)",2026-05-24
ahl,2011-2012,2011,0.4956652428622257,"hockeystats.com/data/NHLe_Temporal.csv (NHLe page; Bacon/TopDownHockey, era-varying network NHLe)",2026-05-24
ahl,2013-2014,2013,0.5028726296573425,"hockeystats.com/data/NHLe_Temporal.csv (NHLe page; Bacon/TopDownHockey, era-varying network NHLe)",2026-05-24
ahl,2014-2015,2014,0.4556705048922522,"hockeystats.com/data/NHLe_Temporal.csv (NHLe page; Bacon/TopDownHockey, era-varying network NHLe)",2026-05-24
ahl,2015-2016,2015,0.4454663031168004,"hockeystats.com/data/NHLe_Temporal.csv (NHLe page; Bacon/TopDownHockey, era-varying network NHLe)",2026-05-24
ahl,2016-2017,2016,0.457389369263972,"hockeystats.com/data/NHLe_Temporal.csv (NHLe page; Bacon/TopDownHockey, era-varying network NHLe)",2026-05-24
ahl,2017-2018,2017,0.4764686291004365,"hockeystats.com/data/NHLe_Temporal.csv (NHLe page; Bacon/TopDownHockey, era-varying network NHLe)",2026-05-24
ahl,2018-2019,2018,0.4699780602710893,"hockeystats.com/data/NHLe_Temporal.csv (NHLe page; Bacon/TopDownHockey, era-varying network NHLe)",2026-05-24
ahl,2019-2020,2019,0.4789476037657676,"hockeystats.com/data/NHLe_Temporal.csv (NHLe page; Bacon/TopDownHockey, era-varying network NHLe)",2026-05-24
ahl,2020-2021,2020,0.4726450328043828,"hockeystats.com/data/NHLe_Temporal.csv (NHLe page; Bacon/TopDownHockey, era-varying network NHLe)",2026-05-24
ahl,2021-2022,2021,0.4397234008891814,"hockeystats.com/data/NHLe_Temporal.csv (NHLe page; Bacon/TopDownHockey, era-varying network NHLe)",2026-05-24
ahl,2022-2023,2022,0.4455461516974622,"hockeystats.com/data/NHLe_Temporal.csv (NHLe page; Bacon/TopDownHockey, era-varying network NHLe)",2026-05-24
ahl,2023-2024,2023,0.4369604630373883,"hockeystats.com/data/NHLe_Temporal.csv (NHLe page; Bacon/TopDownHockey, era-varying network NHLe)",2026-05-24
ahl,2024-2025,2024,0.4384534101257339,"hockeystats.com/data/NHLe_Temporal.csv (NHLe page; Bacon/TopDownHockey, era-varying network NHLe)",2026-05-24
ahl,2025-2026,2025,0.4541900768838686,"hockeystats.com/data/NHLe_Temporal.csv (NHLe page; Bacon/TopDownHockey, era-varying network NHLe)",2026-05-24
ajhl,2006-2007,2006,0.0749541321029263,"hockeystats.com/data/NHLe_Temporal.csv (NHLe page; Bacon/TopDownHockey, era-varying network NHLe)",2026-05-24
ajhl,2007-2008,2007,0.0641678773779913,"hockeystats.com/data/NHLe_Temporal.csv (NHLe page; Bacon/TopDownHockey, era-varying network NHLe)",2026-05-24
ajhl,2008-2009,2008,0.0611644039785112,"hockeystats.com/data/NHLe_Temporal.csv (NHLe page; Bacon/TopDownHockey, era-varying network NHLe)",2026-05-24
ajhl,2009-2010,2009,0.0638013265787522,"hockeystats.com/data/NHLe_Temporal.csv (NHLe page; Bacon/TopDownHockey, era-varying network NHLe)",2026-05-24
ajhl,2010-2011,2010,0.0583921082000127,"hockeystats.com/data/NHLe_Temporal.csv (NHLe page; Bacon/TopDownHockey, era-varying network NHLe)",2026-05-24
ajhl,2011-2012,2011,0.0633320492662643,"hockeystats.com/data/NHLe_Temporal.csv (NHLe page; Bacon/TopDownHockey, era-varying network NHLe)",2026-05-24
ajhl,2013-2014,2013,0.063255641873104,"hockeystats.com/data/NHLe_Temporal.csv (NHLe page; Bacon/TopDownHockey, era-varying network NHLe)",2026-05-24
ajhl,2014-2015,2014,0.0576789711116408,"hockeystats.com/data/NHLe_Temporal.csv (NHLe page; Bacon/TopDownHockey, era-varying network NHLe)",2026-05-24
ajhl,2015-2016,2015,0.0474787291496941,"hockeystats.com/data/NHLe_Temporal.csv (NHLe page; Bacon/TopDownHockey, era-varying network NHLe)",2026-05-24
ajhl,2016-2017,2016,0.0522874919604814,"hockeystats.com/data/NHLe_Temporal.csv (NHLe page; Bacon/TopDownHockey, era-varying network NHLe)",2026-05-24
ajhl,2017-2018,2017,0.0534296533657458,"hockeystats.com/data/NHLe_Temporal.csv (NHLe page; Bacon/TopDownHockey, era-varying network NHLe)",2026-05-24
ajhl,2018-2019,2018,0.0535324432316845,"hockeystats.com/data/NHLe_Temporal.csv (NHLe page; Bacon/TopDownHockey, era-varying network NHLe)",2026-05-24
ajhl,2019-2020,2019,0.0587438559042925,"hockeystats.com/data/NHLe_Temporal.csv (NHLe page; Bacon/TopDownHockey, era-varying network NHLe)",2026-05-24
ajhl,2020-2021,2020,0.0576226853427591,"hockeystats.com/data/NHLe_Temporal.csv (NHLe page; Bacon/TopDownHockey, era-varying network NHLe)",2026-05-24
ajhl,2021-2022,2021,0.0584958288903939,"hockeystats.com/data/NHLe_Temporal.csv (NHLe page; Bacon/TopDownHockey, era-varying network NHLe)",2026-05-24
ajhl,2022-2023,2022,0.0594780664095271,"hockeystats.com/data/NHLe_Temporal.csv (NHLe page; Bacon/TopDownHockey, era-varying network NHLe)",2026-05-24
ajhl,2023-2024,2023,0.0589927731238098,"hockeystats.com/data/NHLe_Temporal.csv (NHLe page; Bacon/TopDownHockey, era-varying network NHLe)",2026-05-24
ajhl,2024-2025,2024,0.0541426901627037,"hockeystats.com/data/NHLe_Temporal.csv (NHLe page; Bacon/TopDownHockey, era-varying network NHLe)",2026-05-24
ajhl,2025-2026,2025,0.0516456414206057,"hockeystats.com/data/NHLe_Temporal.csv (NHLe page; Bacon/TopDownHockey, era-varying network NHLe)",2026-05-24
alliance-u18,2006-2007,2006,0.0090686208615729,"hockeystats.com/data/NHLe_Temporal.csv (NHLe page; Bacon/TopDownHockey, era-varying network NHLe)",2026-05-24
alliance-u18,2007-2008,2007,0.0090954472349543,"hockeystats.com/data/NHLe_Temporal.csv (NHLe page; Bacon/TopDownHockey, era-varying network NHLe)",2026-05-24
alliance-u18,2008-2009,2008,0.0200457514896203,"hockeystats.com/data/NHLe_Temporal.csv (NHLe page; Bacon/TopDownHockey, era-varying network NHLe)",2026-05-24
alliance-u18,2009-2010,2009,0.0159302208593536,"hockeystats.com/data/NHLe_Temporal.csv (NHLe page; Bacon/TopDownHockey, era-varying network NHLe)",2026-05-24
alliance-u18,2010-2011,2010,0.0162540431284616,"hockeystats.com/data/NHLe_Temporal.csv (NHLe page; Bacon/TopDownHockey, era-varying network NHLe)",2026-05-24
alliance-u18,2011-2012,2011,0.0167701941837494,"hockeystats.com/data/NHLe_Temporal.csv (NHLe page; Bacon/TopDownHockey, era-varying network NHLe)",2026-05-24
alliance-u18,2013-2014,2013,0.0145759531575262,"hockeystats.com/data/NHLe_Temporal.csv (NHLe page; Bacon/TopDownHockey, era-varying network NHLe)",2026-05-24
alliance-u18,2014-2015,2014,0.0118231395460166,"hockeystats.com/data/NHLe_Temporal.csv (NHLe page; Bacon/TopDownHockey, era-varying network NHLe)",2026-05-24
alliance-u18,2015-2016,2015,0.0111315034156464,"hockeystats.com/data/NHLe_Temporal.csv (NHLe page; Bacon/TopDownHockey, era-varying network NHLe)",2026-05-24
alliance-u18,2016-2017,2016,0.0124758039620489,"hockeystats.com/data/NHLe_Temporal.csv (NHLe page; Bacon/TopDownHockey, era-varying network NHLe)",2026-05-24
alliance-u18,2017-2018,2017,0.0133255926135803,"hockeystats.com/data/NHLe_Temporal.csv (NHLe page; Bacon/TopDownHockey, era-varying network NHLe)",2026-05-24
alliance-u18,2018-2019,2018,0.0170330988808295,"hockeystats.com/data/NHLe_Temporal.csv (NHLe page; Bacon/TopDownHockey, era-varying network NHLe)",2026-05-24
alliance-u18,2019-2020,2019,0.0130403274903106,"hockeystats.com/data/NHLe_Temporal.csv (NHLe page; Bacon/TopDownHockey, era-varying network NHLe)",2026-05-24
alliance-u18,2020-2021,2020,0.0132939379827171,"hockeystats.com/data/NHLe_Temporal.csv (NHLe page; Bacon/TopDownHockey, era-varying network NHLe)",2026-05-24
alliance-u18,2021-2022,2021,0.011592115038942,"hockeystats.com/data/NHLe_Temporal.csv (NHLe page; Bacon/TopDownHockey, era-varying network NHLe)",2026-05-24
alliance-u18,2022-2023,2022,0.0125602355778178,"hockeystats.com/data/NHLe_Temporal.csv (NHLe page; Bacon/TopDownHockey, era-varying network NHLe)",2026-05-24
alliance-u18,2023-2024,2023,0.0112906976139444,"hockeystats.com/data/NHLe_Temporal.csv (NHLe page; Bacon/TopDownHockey, era-varying network NHLe)",2026-05-24
alliance-u18,2024-2025,2024,0.0143346216261091,"hockeystats.com/data/NHLe_Temporal.csv (NHLe page; Bacon/TopDownHockey, era-varying network NHLe)",2026-05-24
alliance-u18,2025-2026,2025,0.0251464766175966,"hockeystats.com/data/NHLe_Temporal.csv (NHLe page; Bacon/TopDownHockey, era-varying network NHLe)",2026-05-24
alpshl,2016-2017,2016,0.0595539188385943,"hockeystats.com/data/NHLe_Temporal.csv (NHLe page; Bacon/TopDownHockey, era-varying network NHLe)",2026-05-24
alpshl,2017-2018,2017,0.0728433750042564,"hockeystats.com/data/NHLe_Temporal.csv (NHLe page; Bacon/TopDownHockey, era-varying network NHLe)",2026-05-24
alpshl,2018-2019,2018,0.0785593337851917,"hockeystats.com/data/NHLe_Temporal.csv (NHLe page; Bacon/TopDownHockey, era-varying network NHLe)",2026-05-24
alpshl,2019-2020,2019,0.0741916497663102,"hockeystats.com/data/NHLe_Temporal.csv (NHLe page; Bacon/TopDownHockey, era-varying network NHLe)",2026-05-24
alpshl,2020-2021,2020,0.0724699445179843,"hockeystats.com/data/NHLe_Temporal.csv (NHLe page; Bacon/TopDownHockey, era-varying network NHLe)",2026-05-24
alpshl,2021-2022,2021,0.0760557804343992,"hockeystats.com/data/NHLe_Temporal.csv (NHLe page; Bacon/TopDownHockey, era-varying network NHLe)",2026-05-24
alpshl,2022-2023,2022,0.0710674764396177,"hockeystats.com/data/NHLe_Temporal.csv (NHLe page; Bacon/TopDownHockey, era-varying network NHLe)",2026-05-24
alpshl,2023-2024,2023,0.0712064042913877,"hockeystats.com/data/NHLe_Temporal.csv (NHLe page; Bacon/TopDownHockey, era-varying network NHLe)",2026-05-24
alpshl,2024-2025,2024,0.059451317338953,"hockeystats.com/data/NHLe_Temporal.csv (NHLe page; Bacon/TopDownHockey, era-varying network NHLe)",2026-05-24
alpshl,2025-2026,2025,0.067912959039138,"hockeystats.com/data/NHLe_Temporal.csv (NHLe page; Bacon/TopDownHockey, era-varying network NHLe)",2026-05-24
atjhl,2006-2007,2006,0.0808171874028541,"hockeystats.com/data/NHLe_Temporal.csv (NHLe page; Bacon/TopDownHockey, era-varying network NHLe)",2026-05-24
atjhl,2007-2008,2007,0.0613145273236373,"hockeystats.com/data/NHLe_Temporal.csv (NHLe page; Bacon/TopDownHockey, era-varying network NHLe)",2026-05-24
atjhl,2008-2009,2008,0.0623295383645243,"hockeystats.com/data/NHLe_Temporal.csv (NHLe page; Bacon/TopDownHockey, era-varying network NHLe)",2026-05-24
atjhl,2009-2010,2009,0.0571588719687007,"hockeystats.com/data/NHLe_Temporal.csv (NHLe page; Bacon/TopDownHockey, era-varying network NHLe)",2026-05-24
atjhl,2010-2011,2010,0.0541295860819075,"hockeystats.com/data/NHLe_Temporal.csv (NHLe page; Bacon/TopDownHockey, era-varying network NHLe)",2026-05-24
atjhl,2011-2012,2011,0.0417396492463812,"hockeystats.com/data/NHLe_Temporal.csv (NHLe page; Bacon/TopDownHockey, era-varying network NHLe)",2026-05-24
atjhl,2013-2014,2013,0.0394474355788267,"hockeystats.com/data/NHLe_Temporal.csv (NHLe page; Bacon/TopDownHockey, era-varying network NHLe)",2026-05-24
atjhl,2014-2015,2014,0.033629253427933,"hockeystats.com/data/NHLe_Temporal.csv (NHLe page; Bacon/TopDownHockey, era-varying network NHLe)",2026-05-24
ayhl-16u,2006-2007,2006,0.0371754542241304,"hockeystats.com/data/NHLe_Temporal.csv (NHLe page; Bacon/TopDownHockey, era-varying network NHLe)",2026-05-24
ayhl-16u,2007-2008,2007,0.0252289597242984,"hockeystats.com/data/NHLe_Temporal.csv (NHLe page; Bacon/TopDownHockey, era-varying network NHLe)",2026-05-24
ayhl-16u,2008-2009,2008,0.0292724317459336,"hockeystats.com/data/NHLe_Temporal.csv (NHLe page; Bacon/TopDownHockey, era-varying network NHLe)",2026-05-24
ayhl-16u,2009-2010,2009,0.0200113301972522,"hockeystats.com/data/NHLe_Temporal.csv (NHLe page; Bacon/TopDownHockey, era-varying network NHLe)",2026-05-24
ayhl-16u,2010-2011,2010,0.0231677830328397,"hockeystats.com/data/NHLe_Temporal.csv (NHLe page; Bacon/TopDownHockey, era-varying network NHLe)",2026-05-24
ayhl-16u,2011-2012,2011,0.0245980382385369,"hockeystats.com/data/NHLe_Temporal.csv (NHLe page; Bacon/TopDownHockey, era-varying network NHLe)",2026-05-24
ayhl-16u,2013-2014,2013,0.0245418479473645,"hockeystats.com/data/NHLe_Temporal.csv (NHLe page; Bacon/TopDownHockey, era-varying network NHLe)",2026-05-24
ayhl-16u,2014-2015,2014,0.0200102727669288,"hockeystats.com/data/NHLe_Temporal.csv (NHLe page; Bacon/TopDownHockey, era-varying network NHLe)",2026-05-24
ayhl-16u,2015-2016,2015,0.0159181582514378,"hockeystats.com/data/NHLe_Temporal.csv (NHLe page; Bacon/TopDownHockey, era-varying network NHLe)",2026-05-24
ayhl-16u,2016-2017,2016,0.0157150135160778,"hockeystats.com/data/NHLe_Temporal.csv (NHLe page; Bacon/TopDownHockey, era-varying network NHLe)",2026-05-24
ayhl-16u,2017-2018,2017,0.0175559626270563,"hockeystats.com/data/NHLe_Temporal.csv (NHLe page; Bacon/TopDownHockey, era-varying network NHLe)",2026-05-24
ayhl-16u,2018-2019,2018,0.0183351711649075,"hockeystats.com/data/NHLe_Temporal.csv (NHLe page; Bacon/TopDownHockey, era-varying network NHLe)",2026-05-24
ayhl-16u,2019-2020,2019,0.0199880519840299,"hockeystats.com/data/NHLe_Temporal.csv (NHLe page; Bacon/TopDownHockey, era-varying network NHLe)",2026-05-24
ayhl-16u,2020-2021,2020,0.0170892523472875,"hockeystats.com/data/NHLe_Temporal.csv (NHLe page; Bacon/TopDownHockey, era-varying network NHLe)",2026-05-24
ayhl-16u,2021-2022,2021,0.0186112786627135,"hockeystats.com/data/NHLe_Temporal.csv (NHLe page; Bacon/TopDownHockey, era-varying network NHLe)",2026-05-24
ayhl-16u,2022-2023,2022,0.0201817084446496,"hockeystats.com/data/NHLe_Temporal.csv (NHLe page; Bacon/TopDownHockey, era-varying network NHLe)",2026-05-24
ayhl-16u,2023-2024,2023,0.0169872384596362,"hockeystats.com/data/NHLe_Temporal.csv (NHLe page; Bacon/TopDownHockey, era-varying network NHLe)",2026-05-24
ayhl-16u,2024-2025,2024,0.0163507336664613,"hockeystats.com/data/NHLe_Temporal.csv (NHLe page; Bacon/TopDownHockey, era-varying network NHLe)",2026-05-24
ayhl-16u,2025-2026,2025,0.0193433124617266,"hockeystats.com/data/NHLe_Temporal.csv (NHLe page; Bacon/TopDownHockey, era-varying network NHLe)",2026-05-24
ayhl-18u,2006-2007,2006,0.0619121238764969,"hockeystats.com/data/NHLe_Temporal.csv (NHLe page; Bacon/TopDownHockey, era-varying network NHLe)",2026-05-24
ayhl-18u,2007-2008,2007,0.0508724472613655,"hockeystats.com/data/NHLe_Temporal.csv (NHLe page; Bacon/TopDownHockey, era-varying network NHLe)",2026-05-24
ayhl-18u,2008-2009,2008,0.0532527691693702,"hockeystats.com/data/NHLe_Temporal.csv (NHLe page; Bacon/TopDownHockey, era-varying network NHLe)",2026-05-24
ayhl-18u,2009-2010,2009,0.041651943383344,"hockeystats.com/data/NHLe_Temporal.csv (NHLe page; Bacon/TopDownHockey, era-varying network NHLe)",2026-05-24
ayhl-18u,2010-2011,2010,0.0412408538993693,"hockeystats.com/data/NHLe_Temporal.csv (NHLe page; Bacon/TopDownHockey, era-varying network NHLe)",2026-05-24
ayhl-18u,2011-2012,2011,0.0399121307161313,"hockeystats.com/data/NHLe_Temporal.csv (NHLe page; Bacon/TopDownHockey, era-varying network NHLe)",2026-05-24
ayhl-18u,2013-2014,2013,0.0339910118132903,"hockeystats.com/data/NHLe_Temporal.csv (NHLe page; Bacon/TopDownHockey, era-varying network NHLe)",2026-05-24
ayhl-18u,2014-2015,2014,0.0525856419072347,"hockeystats.com/data/NHLe_Temporal.csv (NHLe page; Bacon/TopDownHockey, era-varying network NHLe)",2026-05-24
ayhl-18u,2015-2016,2015,0.0388822517746629,"hockeystats.com/data/NHLe_Temporal.csv (NHLe page; Bacon/TopDownHockey, era-varying network NHLe)",2026-05-24
ayhl-18u,2016-2017,2016,0.0311482529769446,"hockeystats.com/data/NHLe_Temporal.csv (NHLe page; Bacon/TopDownHockey, era-varying network NHLe)",2026-05-24
ayhl-18u,2017-2018,2017,0.0319911847112754,"hockeystats.com/data/NHLe_Temporal.csv (NHLe page; Bacon/TopDownHockey, era-varying network NHLe)",2026-05-24
ayhl-18u,2018-2019,2018,0.0300685590626644,"hockeystats.com/data/NHLe_Temporal.csv (NHLe page; Bacon/TopDownHockey, era-varying network NHLe)",2026-05-24
ayhl-18u,2019-2020,2019,0.0320148775348613,"hockeystats.com/data/NHLe_Temporal.csv (NHLe page; Bacon/TopDownHockey, era-varying network NHLe)",2026-05-24
ayhl-18u,2020-2021,2020,0.030428179553229,"hockeystats.com/data/NHLe_Temporal.csv (NHLe page; Bacon/TopDownHockey, era-varying network NHLe)",2026-05-24
ayhl-18u,2021-2022,2021,0.0288711468142198,"hockeystats.com/data/NHLe_Temporal.csv (NHLe page; Bacon/TopDownHockey, era-varying network NHLe)",2026-05-24
ayhl-18u,2022-2023,2022,0.0278538674576681,"hockeystats.com/data/NHLe_Temporal.csv (NHLe page; Bacon/TopDownHockey, era-varying network NHLe)",2026-05-24
ayhl-18u,2023-2024,2023,0.0253156862004963,"hockeystats.com/data/NHLe_Temporal.csv (NHLe page; Bacon/TopDownHockey, era-varying network NHLe)",2026-05-24
ayhl-18u,2024-2025,2024,0.0276393558409907,"hockeystats.com/data/NHLe_Temporal.csv (NHLe page; Bacon/TopDownHockey, era-varying network NHLe)",2026-05-24
ayhl-18u,2025-2026,2025,0.0303231804524477,"hockeystats.com/data/NHLe_Temporal.csv (NHLe page; Bacon/TopDownHockey, era-varying network NHLe)",2026-05-24
bcehl-u18,2006-2007,2006,0.0196650857481656,"hockeystats.com/data/NHLe_Temporal.csv (NHLe page; Bacon/TopDownHockey, era-varying network NHLe)",2026-05-24
bcehl-u18,2007-2008,2007,0.0163351569545199,"hockeystats.com/data/NHLe_Temporal.csv (NHLe page; Bacon/TopDownHockey, era-varying network NHLe)",2026-05-24
bcehl-u18,2008-2009,2008,0.0183528725656594,"hockeystats.com/data/NHLe_Temporal.csv (NHLe page; Bacon/TopDownHockey, era-varying network NHLe)",2026-05-24
bcehl-u18,2009-2010,2009,0.0187900032472097,"hockeystats.com/data/NHLe_Temporal.csv (NHLe page; Bacon/TopDownHockey, era-varying network NHLe)",2026-05-24
bcehl-u18,2010-2011,2010,0.0182064557982473,"hockeystats.com/data/NHLe_Temporal.csv (NHLe page; Bacon/TopDownHockey, era-varying network NHLe)",2026-05-24
bcehl-u18,2011-2012,2011,0.0195794077039642,"hockeystats.com/data/NHLe_Temporal.csv (NHLe page; Bacon/TopDownHockey, era-varying network NHLe)",2026-05-24
bcehl-u18,2013-2014,2013,0.0177549274276779,"hockeystats.com/data/NHLe_Temporal.csv (NHLe page; Bacon/TopDownHockey, era-varying network NHLe)",2026-05-24
bcehl-u18,2014-2015,2014,0.0169436526475064,"hockeystats.com/data/NHLe_Temporal.csv (NHLe page; Bacon/TopDownHockey, era-varying network NHLe)",2026-05-24
bcehl-u18,2015-2016,2015,0.0165133744787756,"hockeystats.com/data/NHLe_Temporal.csv (NHLe page; Bacon/TopDownHockey, era-varying network NHLe)",2026-05-24
bcehl-u18,2016-2017,2016,0.0175689065420952,"hockeystats.com/data/NHLe_Temporal.csv (NHLe page; Bacon/TopDownHockey, era-varying network NHLe)",2026-05-24
bcehl-u18,2017-2018,2017,0.0178688864180014,"hockeystats.com/data/NHLe_Temporal.csv (NHLe page; Bacon/TopDownHockey, era-varying network NHLe)",2026-05-24
bcehl-u18,2018-2019,2018,0.0187619567864693,"hockeystats.com/data/NHLe_Temporal.csv (NHLe page; Bacon/TopDownHockey, era-varying network NHLe)",2026-05-24
bcehl-u18,2019-2020,2019,0.015334569718608,"hockeystats.com/data/NHLe_Temporal.csv (NHLe page; Bacon/TopDownHockey, era-varying network NHLe)",2026-05-24
bcehl-u18,2020-2021,2020,0.0159365462680214,"hockeystats.com/data/NHLe_Temporal.csv (NHLe page; Bacon/TopDownHockey, era-varying network NHLe)",2026-05-24
bcehl-u18,2021-2022,2021,0.0153781398807135,"hockeystats.com/data/NHLe_Temporal.csv (NHLe page; Bacon/TopDownHockey, era-varying network NHLe)",2026-05-24
bcehl-u18,2022-2023,2022,0.0142855020999708,"hockeystats.com/data/NHLe_Temporal.csv (NHLe page; Bacon/TopDownHockey, era-varying network NHLe)",2026-05-24
bcehl-u18,2023-2024,2023,0.013751286932179,"hockeystats.com/data/NHLe_Temporal.csv (NHLe page; Bacon/TopDownHockey, era-varying network NHLe)",2026-05-24
bcehl-u18,2024-2025,2024,0.0109809365145546,"hockeystats.com/data/NHLe_Temporal.csv (NHLe page; Bacon/TopDownHockey, era-varying network NHLe)",2026-05-24
bcehl-u18,2025-2026,2025,0.010860290156861,"hockeystats.com/data/NHLe_Temporal.csv (NHLe page; Bacon/TopDownHockey, era-varying network NHLe)",2026-05-24
bchl,2006-2007,2006,0.078584708239989,"hockeystats.com/data/NHLe_Temporal.csv (NHLe page; Bacon/TopDownHockey, era-varying network NHLe)",2026-05-24
bchl,2007-2008,2007,0.0716285097717372,"hockeystats.com/data/NHLe_Temporal.csv (NHLe page; Bacon/TopDownHockey, era-varying network NHLe)",2026-05-24
bchl,2008-2009,2008,0.0744738304345013,"hockeystats.com/data/NHLe_Temporal.csv (NHLe page; Bacon/TopDownHockey, era-varying network NHLe)",2026-05-24
bchl,2009-2010,2009,0.0731957961879492,"hockeystats.com/data/NHLe_Temporal.csv (NHLe page; Bacon/TopDownHockey, era-varying network NHLe)",2026-05-24
bchl,2010-2011,2010,0.0781169560681076,"hockeystats.com/data/NHLe_Temporal.csv (NHLe page; Bacon/TopDownHockey, era-varying network NHLe)",2026-05-24
bchl,2011-2012,2011,0.0824023693407826,"hockeystats.com/data/NHLe_Temporal.csv (NHLe page; Bacon/TopDownHockey, era-varying network NHLe)",2026-05-24
bchl,2013-2014,2013,0.0801219962305202,"hockeystats.com/data/NHLe_Temporal.csv (NHLe page; Bacon/TopDownHockey, era-varying network NHLe)",2026-05-24
bchl,2014-2015,2014,0.0693128482630873,"hockeystats.com/data/NHLe_Temporal.csv (NHLe page; Bacon/TopDownHockey, era-varying network NHLe)",2026-05-24
bchl,2015-2016,2015,0.0632508296415245,"hockeystats.com/data/NHLe_Temporal.csv (NHLe page; Bacon/TopDownHockey, era-varying network NHLe)",2026-05-24
bchl,2016-2017,2016,0.0667003272838066,"hockeystats.com/data/NHLe_Temporal.csv (NHLe page; Bacon/TopDownHockey, era-varying network NHLe)",2026-05-24
bchl,2017-2018,2017,0.0721562608917788,"hockeystats.com/data/NHLe_Temporal.csv (NHLe page; Bacon/TopDownHockey, era-varying network NHLe)",2026-05-24
bchl,2018-2019,2018,0.0765752203932317,"hockeystats.com/data/NHLe_Temporal.csv (NHLe page; Bacon/TopDownHockey, era-varying network NHLe)",2026-05-24
bchl,2019-2020,2019,0.0771677009310779,"hockeystats.com/data/NHLe_Temporal.csv (NHLe page; Bacon/TopDownHockey, era-varying network NHLe)",2026-05-24
bchl,2020-2021,2020,0.074803216254768,"hockeystats.com/data/NHLe_Temporal.csv (NHLe page; Bacon/TopDownHockey, era-varying network NHLe)",2026-05-24
bchl,2021-2022,2021,0.0744396514065581,"hockeystats.com/data/NHLe_Temporal.csv (NHLe page; Bacon/TopDownHockey, era-varying network NHLe)",2026-05-24
bchl,2022-2023,2022,0.0718479323302204,"hockeystats.com/data/NHLe_Temporal.csv (NHLe page; Bacon/TopDownHockey, era-varying network NHLe)",2026-05-24
bchl,2023-2024,2023,0.0785559737368059,"hockeystats.com/data/NHLe_Temporal.csv (NHLe page; Bacon/TopDownHockey, era-varying network NHLe)",2026-05-24
bchl,2024-2025,2024,0.0774050099867638,"hockeystats.com/data/NHLe_Temporal.csv (NHLe page; Bacon/TopDownHockey, era-varying network NHLe)",2026-05-24
bchl,2025-2026,2025,0.0746769578169217,"hockeystats.com/data/NHLe_Temporal.csv (NHLe page; Bacon/TopDownHockey, era-varying network NHLe)",2026-05-24
belarus,2006-2007,2006,0.3420864705650526,"hockeystats.com/data/NHLe_Temporal.csv (NHLe page; Bacon/TopDownHockey, era-varying network NHLe)",2026-05-24
belarus,2007-2008,2007,0.2873214932103307,"hockeystats.com/data/NHLe_Temporal.csv (NHLe page; Bacon/TopDownHockey, era-varying network NHLe)",2026-05-24
belarus,2008-2009,2008,0.2428483899649394,"hockeystats.com/data/NHLe_Temporal.csv (NHLe page; Bacon/TopDownHockey, era-varying network NHLe)",2026-05-24
belarus,2009-2010,2009,0.2455461813935267,"hockeystats.com/data/NHLe_Temporal.csv (NHLe page; Bacon/TopDownHockey, era-varying network NHLe)",2026-05-24
belarus,2010-2011,2010,0.2176840873114456,"hockeystats.com/data/NHLe_Temporal.csv (NHLe page; Bacon/TopDownHockey, era-varying network NHLe)",2026-05-24
belarus,2011-2012,2011,0.2021425234887984,"hockeystats.com/data/NHLe_Temporal.csv (NHLe page; Bacon/TopDownHockey, era-varying network NHLe)",2026-05-24
belarus,2013-2014,2013,0.2099148815957906,"hockeystats.com/data/NHLe_Temporal.csv (NHLe page; Bacon/TopDownHockey, era-varying network NHLe)",2026-05-24
belarus,2014-2015,2014,0.1561363219436186,"hockeystats.com/data/NHLe_Temporal.csv (NHLe page; Bacon/TopDownHockey, era-varying network NHLe)",2026-05-24
belarus,2015-2016,2015,0.1130259887897205,"hockeystats.com/data/NHLe_Temporal.csv (NHLe page; Bacon/TopDownHockey, era-varying network NHLe)",2026-05-24
belarus,2016-2017,2016,0.0990826041639403,"hockeystats.com/data/NHLe_Temporal.csv (NHLe page; Bacon/TopDownHockey, era-varying network NHLe)",2026-05-24
belarus,2017-2018,2017,0.1015528515670085,"hockeystats.com/data/NHLe_Temporal.csv (NHLe page; Bacon/TopDownHockey, era-varying network NHLe)",2026-05-24
belarus,2018-2019,2018,0.0990536880189543,"hockeystats.com/data/NHLe_Temporal.csv (NHLe page; Bacon/TopDownHockey, era-varying network NHLe)",2026-05-24
belarus,2019-2020,2019,0.1038225336369357,"hockeystats.com/data/NHLe_Temporal.csv (NHLe page; Bacon/TopDownHockey, era-varying network NHLe)",2026-05-24
belarus,2020-2021,2020,0.1339649148526269,"hockeystats.com/data/NHLe_Temporal.csv (NHLe page; Bacon/TopDownHockey, era-varying network NHLe)",2026-05-24
belarus,2021-2022,2021,0.1479320092607159,"hockeystats.com/data/NHLe_Temporal.csv (NHLe page; Bacon/TopDownHockey, era-varying network NHLe)",2026-05-24
belarus,2022-2023,2022,0.1533892495780795,"hockeystats.com/data/NHLe_Temporal.csv (NHLe page; Bacon/TopDownHockey, era-varying network NHLe)",2026-05-24
belarus,2023-2024,2023,0.1425767721390637,"hockeystats.com/data/NHLe_Temporal.csv (NHLe page; Bacon/TopDownHockey, era-varying network NHLe)",2026-05-24
belarus,2024-2025,2024,0.1344229571227945,"hockeystats.com/data/NHLe_Temporal.csv (NHLe page; Bacon/TopDownHockey, era-varying network NHLe)",2026-05-24
belarus,2025-2026,2025,0.1318952934608127,"hockeystats.com/data/NHLe_Temporal.csv (NHLe page; Bacon/TopDownHockey, era-varying network NHLe)",2026-05-24
belarus-vysshaya,2006-2007,2006,0.0706296864309839,"hockeystats.com/data/NHLe_Temporal.csv (NHLe page; Bacon/TopDownHockey, era-varying network NHLe)",2026-05-24
belarus-vysshaya,2007-2008,2007,0.0663889956500511,"hockeystats.com/data/NHLe_Temporal.csv (NHLe page; Bacon/TopDownHockey, era-varying network NHLe)",2026-05-24
belarus-vysshaya,2008-2009,2008,0.0616880260389731,"hockeystats.com/data/NHLe_Temporal.csv (NHLe page; Bacon/TopDownHockey, era-varying network NHLe)",2026-05-24
belarus-vysshaya,2009-2010,2009,0.0646790663721085,"hockeystats.com/data/NHLe_Temporal.csv (NHLe page; Bacon/TopDownHockey, era-varying network NHLe)",2026-05-24
belarus-vysshaya,2010-2011,2010,0.0591328960367725,"hockeystats.com/data/NHLe_Temporal.csv (NHLe page; Bacon/TopDownHockey, era-varying network NHLe)",2026-05-24
belarus-vysshaya,2011-2012,2011,0.0531562522982168,"hockeystats.com/data/NHLe_Temporal.csv (NHLe page; Bacon/TopDownHockey, era-varying network NHLe)",2026-05-24
belarus-vysshaya,2013-2014,2013,0.045286978302127,"hockeystats.com/data/NHLe_Temporal.csv (NHLe page; Bacon/TopDownHockey, era-varying network NHLe)",2026-05-24
belarus-vysshaya,2014-2015,2014,0.0324067527968414,"hockeystats.com/data/NHLe_Temporal.csv (NHLe page; Bacon/TopDownHockey, era-varying network NHLe)",2026-05-24
belarus-vysshaya,2015-2016,2015,0.0221627189147109,"hockeystats.com/data/NHLe_Temporal.csv (NHLe page; Bacon/TopDownHockey, era-varying network NHLe)",2026-05-24
belarus-vysshaya,2016-2017,2016,0.0247405437369708,"hockeystats.com/data/NHLe_Temporal.csv (NHLe page; Bacon/TopDownHockey, era-varying network NHLe)",2026-05-24
belarus-vysshaya,2017-2018,2017,0.0253224712768656,"hockeystats.com/data/NHLe_Temporal.csv (NHLe page; Bacon/TopDownHockey, era-varying network NHLe)",2026-05-24
belarus-vysshaya,2018-2019,2018,0.0259368839354896,"hockeystats.com/data/NHLe_Temporal.csv (NHLe page; Bacon/TopDownHockey, era-varying network NHLe)",2026-05-24
belarus-vysshaya,2019-2020,2019,0.0260402189241679,"hockeystats.com/data/NHLe_Temporal.csv (NHLe page; Bacon/TopDownHockey, era-varying network NHLe)",2026-05-24
belarus-vysshaya,2020-2021,2020,0.0303804038802277,"hockeystats.com/data/NHLe_Temporal.csv (NHLe page; Bacon/TopDownHockey, era-varying network NHLe)",2026-05-24
belarus-vysshaya,2021-2022,2021,0.021692816057876,"hockeystats.com/data/NHLe_Temporal.csv (NHLe page; Bacon/TopDownHockey, era-varying network NHLe)",2026-05-24
belarus-vysshaya,2022-2023,2022,0.0211198122716395,"hockeystats.com/data/NHLe_Temporal.csv (NHLe page; Bacon/TopDownHockey, era-varying network NHLe)",2026-05-24
belarus-vysshaya,2023-2024,2023,0.0249860416716331,"hockeystats.com/data/NHLe_Temporal.csv (NHLe page; Bacon/TopDownHockey, era-varying network NHLe)",2026-05-24
belarus-vysshaya,2024-2025,2024,0.0275136871115151,"hockeystats.com/data/NHLe_Temporal.csv (NHLe page; Bacon/TopDownHockey, era-varying network NHLe)",2026-05-24
belarus-vysshaya,2025-2026,2025,0.0296809898156228,"hockeystats.com/data/NHLe_Temporal.csv (NHLe page; Bacon/TopDownHockey, era-varying network NHLe)",2026-05-24
cahs,2008-2009,2008,0.0244294733621911,"hockeystats.com/data/NHLe_Temporal.csv (NHLe page; Bacon/TopDownHockey, era-varying network NHLe)",2026-05-24
cahs,2009-2010,2009,0.0246849337952266,"hockeystats.com/data/NHLe_Temporal.csv (NHLe page; Bacon/TopDownHockey, era-varying network NHLe)",2026-05-24
cahs,2010-2011,2010,0.0197831951474827,"hockeystats.com/data/NHLe_Temporal.csv (NHLe page; Bacon/TopDownHockey, era-varying network NHLe)",2026-05-24
cahs,2011-2012,2011,0.0233224194968046,"hockeystats.com/data/NHLe_Temporal.csv (NHLe page; Bacon/TopDownHockey, era-varying network NHLe)",2026-05-24
cahs,2013-2014,2013,0.0203910720036675,"hockeystats.com/data/NHLe_Temporal.csv (NHLe page; Bacon/TopDownHockey, era-varying network NHLe)",2026-05-24
cahs,2014-2015,2014,0.0165853398122228,"hockeystats.com/data/NHLe_Temporal.csv (NHLe page; Bacon/TopDownHockey, era-varying network NHLe)",2026-05-24
cahs,2015-2016,2015,0.0211646407837161,"hockeystats.com/data/NHLe_Temporal.csv (NHLe page; Bacon/TopDownHockey, era-varying network NHLe)",2026-05-24
cahs,2016-2017,2016,0.0223627386280114,"hockeystats.com/data/NHLe_Temporal.csv (NHLe page; Bacon/TopDownHockey, era-varying network NHLe)",2026-05-24
cahs,2017-2018,2017,0.024467449451776,"hockeystats.com/data/NHLe_Temporal.csv (NHLe page; Bacon/TopDownHockey, era-varying network NHLe)",2026-05-24
cahs,2018-2019,2018,0.0247182008362772,"hockeystats.com/data/NHLe_Temporal.csv (NHLe page; Bacon/TopDownHockey, era-varying network NHLe)",2026-05-24
cahs,2019-2020,2019,0.0248319043023319,"hockeystats.com/data/NHLe_Temporal.csv (NHLe page; Bacon/TopDownHockey, era-varying network NHLe)",2026-05-24
cahs,2020-2021,2020,0.0204139673068497,"hockeystats.com/data/NHLe_Temporal.csv (NHLe page; Bacon/TopDownHockey, era-varying network NHLe)",2026-05-24
cahs,2021-2022,2021,0.0184444283021106,"hockeystats.com/data/NHLe_Temporal.csv (NHLe page; Bacon/TopDownHockey, era-varying network NHLe)",2026-05-24
cahs,2022-2023,2022,0.022409695523164,"hockeystats.com/data/NHLe_Temporal.csv (NHLe page; Bacon/TopDownHockey, era-varying network NHLe)",2026-05-24
cahs,2023-2024,2023,0.0219077261773588,"hockeystats.com/data/NHLe_Temporal.csv (NHLe page; Bacon/TopDownHockey, era-varying network NHLe)",2026-05-24
cahs,2024-2025,2024,0.021455141289109,"hockeystats.com/data/NHLe_Temporal.csv (NHLe page; Bacon/TopDownHockey, era-varying network NHLe)",2026-05-24
cahs,2025-2026,2025,0.0202957902325172,"hockeystats.com/data/NHLe_Temporal.csv (NHLe page; Bacon/TopDownHockey, era-varying network NHLe)",2026-05-24
cchl,2006-2007,2006,0.0665361227574532,"hockeystats.com/data/NHLe_Temporal.csv (NHLe page; Bacon/TopDownHockey, era-varying network NHLe)",2026-05-24
cchl,2007-2008,2007,0.0662488409069455,"hockeystats.com/data/NHLe_Temporal.csv (NHLe page; Bacon/TopDownHockey, era-varying network NHLe)",2026-05-24
cchl,2008-2009,2008,0.0707941900295202,"hockeystats.com/data/NHLe_Temporal.csv (NHLe page; Bacon/TopDownHockey, era-varying network NHLe)",2026-05-24
cchl,2009-2010,2009,0.063770302256881,"hockeystats.com/data/NHLe_Temporal.csv (NHLe page; Bacon/TopDownHockey, era-varying network NHLe)",2026-05-24
cchl,2010-2011,2010,0.0617423756972459,"hockeystats.com/data/NHLe_Temporal.csv (NHLe page; Bacon/TopDownHockey, era-varying network NHLe)",2026-05-24
cchl,2011-2012,2011,0.0636071391221272,"hockeystats.com/data/NHLe_Temporal.csv (NHLe page; Bacon/TopDownHockey, era-varying network NHLe)",2026-05-24
cchl,2013-2014,2013,0.0534873263725337,"hockeystats.com/data/NHLe_Temporal.csv (NHLe page; Bacon/TopDownHockey, era-varying network NHLe)",2026-05-24
cchl,2014-2015,2014,0.0496781343339479,"hockeystats.com/data/NHLe_Temporal.csv (NHLe page; Bacon/TopDownHockey, era-varying network NHLe)",2026-05-24
cchl,2015-2016,2015,0.0532238264229515,"hockeystats.com/data/NHLe_Temporal.csv (NHLe page; Bacon/TopDownHockey, era-varying network NHLe)",2026-05-24
cchl,2016-2017,2016,0.0574993678680637,"hockeystats.com/data/NHLe_Temporal.csv (NHLe page; Bacon/TopDownHockey, era-varying network NHLe)",2026-05-24
cchl,2017-2018,2017,0.0637916512431309,"hockeystats.com/data/NHLe_Temporal.csv (NHLe page; Bacon/TopDownHockey, era-varying network NHLe)",2026-05-24
cchl,2018-2019,2018,0.0680524105801368,"hockeystats.com/data/NHLe_Temporal.csv (NHLe page; Bacon/TopDownHockey, era-varying network NHLe)",2026-05-24
cchl,2019-2020,2019,0.0702683375606728,"hockeystats.com/data/NHLe_Temporal.csv (NHLe page; Bacon/TopDownHockey, era-varying network NHLe)",2026-05-24
cchl,2020-2021,2020,0.0617448989303735,"hockeystats.com/data/NHLe_Temporal.csv (NHLe page; Bacon/TopDownHockey, era-varying network NHLe)",2026-05-24
cchl,2021-2022,2021,0.0578806241401055,"hockeystats.com/data/NHLe_Temporal.csv (NHLe page; Bacon/TopDownHockey, era-varying network NHLe)",2026-05-24
cchl,2022-2023,2022,0.05766400633387,"hockeystats.com/data/NHLe_Temporal.csv (NHLe page; Bacon/TopDownHockey, era-varying network NHLe)",2026-05-24
cchl,2023-2024,2023,0.0544805445569624,"hockeystats.com/data/NHLe_Temporal.csv (NHLe page; Bacon/TopDownHockey, era-varying network NHLe)",2026-05-24
cchl,2024-2025,2024,0.057173723793657,"hockeystats.com/data/NHLe_Temporal.csv (NHLe page; Bacon/TopDownHockey, era-varying network NHLe)",2026-05-24
cchl,2025-2026,2025,0.05184344955556,"hockeystats.com/data/NHLe_Temporal.csv (NHLe page; Bacon/TopDownHockey, era-varying network NHLe)",2026-05-24
cisaa,2011-2012,2011,0.0371970808325622,"hockeystats.com/data/NHLe_Temporal.csv (NHLe page; Bacon/TopDownHockey, era-varying network NHLe)",2026-05-24
cisaa,2013-2014,2013,0.0302477556868907,"hockeystats.com/data/NHLe_Temporal.csv (NHLe page; Bacon/TopDownHockey, era-varying network NHLe)",2026-05-24
cisaa,2014-2015,2014,0.0169871836076422,"hockeystats.com/data/NHLe_Temporal.csv (NHLe page; Bacon/TopDownHockey, era-varying network NHLe)",2026-05-24
cisaa,2015-2016,2015,0.0421328278882259,"hockeystats.com/data/NHLe_Temporal.csv (NHLe page; Bacon/TopDownHockey, era-varying network NHLe)",2026-05-24
cisaa,2016-2017,2016,0.0384882731433363,"hockeystats.com/data/NHLe_Temporal.csv (NHLe page; Bacon/TopDownHockey, era-varying network NHLe)",2026-05-24
cisaa,2017-2018,2017,0.038776216788347,"hockeystats.com/data/NHLe_Temporal.csv (NHLe page; Bacon/TopDownHockey, era-varying network NHLe)",2026-05-24
cisaa,2018-2019,2018,0.0446207799343661,"hockeystats.com/data/NHLe_Temporal.csv (NHLe page; Bacon/TopDownHockey, era-varying network NHLe)",2026-05-24
cisaa,2019-2020,2019,0.0427272409801444,"hockeystats.com/data/NHLe_Temporal.csv (NHLe page; Bacon/TopDownHockey, era-varying network NHLe)",2026-05-24
cisaa,2020-2021,2020,0.0418028219049086,"hockeystats.com/data/NHLe_Temporal.csv (NHLe page; Bacon/TopDownHockey, era-varying network NHLe)",2026-05-24
cisaa,2021-2022,2021,0.0372627051028682,"hockeystats.com/data/NHLe_Temporal.csv (NHLe page; Bacon/TopDownHockey, era-varying network NHLe)",2026-05-24
cojchl,2007-2008,2007,0.0373829674657424,"hockeystats.com/data/NHLe_Temporal.csv (NHLe page; Bacon/TopDownHockey, era-varying network NHLe)",2026-05-24
cojchl,2008-2009,2008,0.0333079408258508,"hockeystats.com/data/NHLe_Temporal.csv (NHLe page; Bacon/TopDownHockey, era-varying network NHLe)",2026-05-24
cojchl,2009-2010,2009,0.0352074711476006,"hockeystats.com/data/NHLe_Temporal.csv (NHLe page; Bacon/TopDownHockey, era-varying network NHLe)",2026-05-24
cojchl,2010-2011,2010,0.0205580726324684,"hockeystats.com/data/NHLe_Temporal.csv (NHLe page; Bacon/TopDownHockey, era-varying network NHLe)",2026-05-24
cojchl,2011-2012,2011,0.0326216405230659,"hockeystats.com/data/NHLe_Temporal.csv (NHLe page; Bacon/TopDownHockey, era-varying network NHLe)",2026-05-24
cojchl,2013-2014,2013,0.0219077213714595,"hockeystats.com/data/NHLe_Temporal.csv (NHLe page; Bacon/TopDownHockey, era-varying network NHLe)",2026-05-24
cojchl,2014-2015,2014,0.0343859677569206,"hockeystats.com/data/NHLe_Temporal.csv (NHLe page; Bacon/TopDownHockey, era-varying network NHLe)",2026-05-24
cojchl,2015-2016,2015,0.0341086094197942,"hockeystats.com/data/NHLe_Temporal.csv (NHLe page; Bacon/TopDownHockey, era-varying network NHLe)",2026-05-24
cojchl,2016-2017,2016,0.0355716029032565,"hockeystats.com/data/NHLe_Temporal.csv (NHLe page; Bacon/TopDownHockey, era-varying network NHLe)",2026-05-24
cojchl,2017-2018,2017,0.0366048778231744,"hockeystats.com/data/NHLe_Temporal.csv (NHLe page; Bacon/TopDownHockey, era-varying network NHLe)",2026-05-24
cojchl,2018-2019,2018,0.0325443081746124,"hockeystats.com/data/NHLe_Temporal.csv (NHLe page; Bacon/TopDownHockey, era-varying network NHLe)",2026-05-24
csshl-u18,2010-2011,2010,0.0140720392809588,"hockeystats.com/data/NHLe_Temporal.csv (NHLe page; Bacon/TopDownHockey, era-varying network NHLe)",2026-05-24
csshl-u18,2011-2012,2011,0.0210916121149163,"hockeystats.com/data/NHLe_Temporal.csv (NHLe page; Bacon/TopDownHockey, era-varying network NHLe)",2026-05-24
csshl-u18,2013-2014,2013,0.0179223085307529,"hockeystats.com/data/NHLe_Temporal.csv (NHLe page; Bacon/TopDownHockey, era-varying network NHLe)",2026-05-24
csshl-u18,2014-2015,2014,0.0190468068730992,"hockeystats.com/data/NHLe_Temporal.csv (NHLe page; Bacon/TopDownHockey, era-varying network NHLe)",2026-05-24
csshl-u18,2015-2016,2015,0.0158015600202163,"hockeystats.com/data/NHLe_Temporal.csv (NHLe page; Bacon/TopDownHockey, era-varying network NHLe)",2026-05-24
csshl-u18,2016-2017,2016,0.0163405838161028,"hockeystats.com/data/NHLe_Temporal.csv (NHLe page; Bacon/TopDownHockey, era-varying network NHLe)",2026-05-24
csshl-u18,2017-2018,2017,0.017906245771741,"hockeystats.com/data/NHLe_Temporal.csv (NHLe page; Bacon/TopDownHockey, era-varying network NHLe)",2026-05-24
csshl-u18,2018-2019,2018,0.0180688697729139,"hockeystats.com/data/NHLe_Temporal.csv (NHLe page; Bacon/TopDownHockey, era-varying network NHLe)",2026-05-24
csshl-u18,2019-2020,2019,0.016125869114366,"hockeystats.com/data/NHLe_Temporal.csv (NHLe page; Bacon/TopDownHockey, era-varying network NHLe)",2026-05-24
csshl-u18,2020-2021,2020,0.0151459204657018,"hockeystats.com/data/NHLe_Temporal.csv (NHLe page; Bacon/TopDownHockey, era-varying network NHLe)",2026-05-24
csshl-u18,2021-2022,2021,0.0140444460168267,"hockeystats.com/data/NHLe_Temporal.csv (NHLe page; Bacon/TopDownHockey, era-varying network NHLe)",2026-05-24
csshl-u18,2022-2023,2022,0.0156441966143131,"hockeystats.com/data/NHLe_Temporal.csv (NHLe page; Bacon/TopDownHockey, era-varying network NHLe)",2026-05-24
csshl-u18,2023-2024,2023,0.0168508177191894,"hockeystats.com/data/NHLe_Temporal.csv (NHLe page; Bacon/TopDownHockey, era-varying network NHLe)",2026-05-24
csshl-u18,2024-2025,2024,0.016020095081492,"hockeystats.com/data/NHLe_Temporal.csv (NHLe page; Bacon/TopDownHockey, era-varying network NHLe)",2026-05-24
csshl-u18,2025-2026,2025,0.0170264733118442,"hockeystats.com/data/NHLe_Temporal.csv (NHLe page; Bacon/TopDownHockey, era-varying network NHLe)",2026-05-24
czechia,2006-2007,2006,0.6914194399534334,"hockeystats.com/data/NHLe_Temporal.csv (NHLe page; Bacon/TopDownHockey, era-varying network NHLe)",2026-05-24
czechia,2007-2008,2007,0.6573706888670887,"hockeystats.com/data/NHLe_Temporal.csv (NHLe page; Bacon/TopDownHockey, era-varying network NHLe)",2026-05-24
czechia,2008-2009,2008,0.5787323985224899,"hockeystats.com/data/NHLe_Temporal.csv (NHLe page; Bacon/TopDownHockey, era-varying network NHLe)",2026-05-24
czechia,2009-2010,2009,0.5638538766373443,"hockeystats.com/data/NHLe_Temporal.csv (NHLe page; Bacon/TopDownHockey, era-varying network NHLe)",2026-05-24
czechia,2010-2011,2010,0.5277131799396433,"hockeystats.com/data/NHLe_Temporal.csv (NHLe page; Bacon/TopDownHockey, era-varying network NHLe)",2026-05-24
czechia,2011-2012,2011,0.4678771341510094,"hockeystats.com/data/NHLe_Temporal.csv (NHLe page; Bacon/TopDownHockey, era-varying network NHLe)",2026-05-24
czechia,2013-2014,2013,0.4686338603193754,"hockeystats.com/data/NHLe_Temporal.csv (NHLe page; Bacon/TopDownHockey, era-varying network NHLe)",2026-05-24
czechia,2014-2015,2014,0.3728861264170677,"hockeystats.com/data/NHLe_Temporal.csv (NHLe page; Bacon/TopDownHockey, era-varying network NHLe)",2026-05-24
czechia,2015-2016,2015,0.3176119548284212,"hockeystats.com/data/NHLe_Temporal.csv (NHLe page; Bacon/TopDownHockey, era-varying network NHLe)",2026-05-24
czechia,2016-2017,2016,0.3276766801732355,"hockeystats.com/data/NHLe_Temporal.csv (NHLe page; Bacon/TopDownHockey, era-varying network NHLe)",2026-05-24
czechia,2017-2018,2017,0.3390244746638973,"hockeystats.com/data/NHLe_Temporal.csv (NHLe page; Bacon/TopDownHockey, era-varying network NHLe)",2026-05-24
czechia,2018-2019,2018,0.3273892659776533,"hockeystats.com/data/NHLe_Temporal.csv (NHLe page; Bacon/TopDownHockey, era-varying network NHLe)",2026-05-24
czechia,2019-2020,2019,0.355667238978328,"hockeystats.com/data/NHLe_Temporal.csv (NHLe page; Bacon/TopDownHockey, era-varying network NHLe)",2026-05-24
czechia,2020-2021,2020,0.3422992986652261,"hockeystats.com/data/NHLe_Temporal.csv (NHLe page; Bacon/TopDownHockey, era-varying network NHLe)",2026-05-24
czechia,2021-2022,2021,0.3090100080087919,"hockeystats.com/data/NHLe_Temporal.csv (NHLe page; Bacon/TopDownHockey, era-varying network NHLe)",2026-05-24
czechia,2022-2023,2022,0.3220672137361302,"hockeystats.com/data/NHLe_Temporal.csv (NHLe page; Bacon/TopDownHockey, era-varying network NHLe)",2026-05-24
czechia,2023-2024,2023,0.3091193001862669,"hockeystats.com/data/NHLe_Temporal.csv (NHLe page; Bacon/TopDownHockey, era-varying network NHLe)",2026-05-24
czechia,2024-2025,2024,0.3138704445944982,"hockeystats.com/data/NHLe_Temporal.csv (NHLe page; Bacon/TopDownHockey, era-varying network NHLe)",2026-05-24
czechia,2025-2026,2025,0.3143694626285541,"hockeystats.com/data/NHLe_Temporal.csv (NHLe page; Bacon/TopDownHockey, era-varying network NHLe)",2026-05-24
czechia-u17,2019-2020,2019,0.0270639523375748,"hockeystats.com/data/NHLe_Temporal.csv (NHLe page; Bacon/TopDownHockey, era-varying network NHLe)",2026-05-24
czechia-u17,2020-2021,2020,0.0166557286597565,"hockeystats.com/data/NHLe_Temporal.csv (NHLe page; Bacon/TopDownHockey, era-varying network NHLe)",2026-05-24
czechia-u17,2021-2022,2021,0.0149535178458071,"hockeystats.com/data/NHLe_Temporal.csv (NHLe page; Bacon/TopDownHockey, era-varying network NHLe)",2026-05-24
czechia-u17,2022-2023,2022,0.0114970505089434,"hockeystats.com/data/NHLe_Temporal.csv (NHLe page; Bacon/TopDownHockey, era-varying network NHLe)",2026-05-24
czechia-u17,2023-2024,2023,0.0138729240911255,"hockeystats.com/data/NHLe_Temporal.csv (NHLe page; Bacon/TopDownHockey, era-varying network NHLe)",2026-05-24
czechia-u17,2024-2025,2024,0.0128574936642063,"hockeystats.com/data/NHLe_Temporal.csv (NHLe page; Bacon/TopDownHockey, era-varying network NHLe)",2026-05-24
czechia-u17,2025-2026,2025,0.0158399867010567,"hockeystats.com/data/NHLe_Temporal.csv (NHLe page; Bacon/TopDownHockey, era-varying network NHLe)",2026-05-24
czechia-u18,2006-2007,2006,0.026580337259165,"hockeystats.com/data/NHLe_Temporal.csv (NHLe page; Bacon/TopDownHockey, era-varying network NHLe)",2026-05-24
czechia-u18,2007-2008,2007,0.0270725364759585,"hockeystats.com/data/NHLe_Temporal.csv (NHLe page; Bacon/TopDownHockey, era-varying network NHLe)",2026-05-24
czechia-u18,2008-2009,2008,0.0237512710996825,"hockeystats.com/data/NHLe_Temporal.csv (NHLe page; Bacon/TopDownHockey, era-varying network NHLe)",2026-05-24
czechia-u18,2009-2010,2009,0.0199306116567594,"hockeystats.com/data/NHLe_Temporal.csv (NHLe page; Bacon/TopDownHockey, era-varying network NHLe)",2026-05-24
czechia-u18,2010-2011,2010,0.0210457750419555,"hockeystats.com/data/NHLe_Temporal.csv (NHLe page; Bacon/TopDownHockey, era-varying network NHLe)",2026-05-24
czechia-u18,2011-2012,2011,0.0291211262414993,"hockeystats.com/data/NHLe_Temporal.csv (NHLe page; Bacon/TopDownHockey, era-varying network NHLe)",2026-05-24
czechia-u18,2013-2014,2013,0.0365912746258438,"hockeystats.com/data/NHLe_Temporal.csv (NHLe page; Bacon/TopDownHockey, era-varying network NHLe)",2026-05-24
czechia-u18,2014-2015,2014,0.0226838304316322,"hockeystats.com/data/NHLe_Temporal.csv (NHLe page; Bacon/TopDownHockey, era-varying network NHLe)",2026-05-24
czechia-u18,2015-2016,2015,0.0149826652916595,"hockeystats.com/data/NHLe_Temporal.csv (NHLe page; Bacon/TopDownHockey, era-varying network NHLe)",2026-05-24
czechia-u18,2016-2017,2016,0.022229911880881,"hockeystats.com/data/NHLe_Temporal.csv (NHLe page; Bacon/TopDownHockey, era-varying network NHLe)",2026-05-24
czechia-u18,2017-2018,2017,0.0216352020845264,"hockeystats.com/data/NHLe_Temporal.csv (NHLe page; Bacon/TopDownHockey, era-varying network NHLe)",2026-05-24
czechia-u18,2018-2019,2018,0.0278568656154271,"hockeystats.com/data/NHLe_Temporal.csv (NHLe page; Bacon/TopDownHockey, era-varying network NHLe)",2026-05-24
czechia-u18,2019-2020,2019,0.0272157009956937,"hockeystats.com/data/NHLe_Temporal.csv (NHLe page; Bacon/TopDownHockey, era-varying network NHLe)",2026-05-24
czechia-u18,2020-2021,2020,0.0208428738871223,"hockeystats.com/data/NHLe_Temporal.csv (NHLe page; Bacon/TopDownHockey, era-varying network NHLe)",2026-05-24
czechia-u18,2021-2022,2021,0.0191680165582147,"hockeystats.com/data/NHLe_Temporal.csv (NHLe page; Bacon/TopDownHockey, era-varying network NHLe)",2026-05-24
czechia-u19,2018-2019,2018,0.0469973781677801,"hockeystats.com/data/NHLe_Temporal.csv (NHLe page; Bacon/TopDownHockey, era-varying network NHLe)",2026-05-24
czechia-u19,2019-2020,2019,0.0265025353183838,"hockeystats.com/data/NHLe_Temporal.csv (NHLe page; Bacon/TopDownHockey, era-varying network NHLe)",2026-05-24
czechia-u19,2020-2021,2020,0.0261305218368281,"hockeystats.com/data/NHLe_Temporal.csv (NHLe page; Bacon/TopDownHockey, era-varying network NHLe)",2026-05-24
czechia-u19,2021-2022,2021,0.0278846484081124,"hockeystats.com/data/NHLe_Temporal.csv (NHLe page; Bacon/TopDownHockey, era-varying network NHLe)",2026-05-24
czechia-u19,2022-2023,2022,0.0273415259130812,"hockeystats.com/data/NHLe_Temporal.csv (NHLe page; Bacon/TopDownHockey, era-varying network NHLe)",2026-05-24
czechia-u20,2006-2007,2006,0.0636590496740899,"hockeystats.com/data/NHLe_Temporal.csv (NHLe page; Bacon/TopDownHockey, era-varying network NHLe)",2026-05-24
czechia-u20,2007-2008,2007,0.0614389637754763,"hockeystats.com/data/NHLe_Temporal.csv (NHLe page; Bacon/TopDownHockey, era-varying network NHLe)",2026-05-24
czechia-u20,2008-2009,2008,0.0595636527428618,"hockeystats.com/data/NHLe_Temporal.csv (NHLe page; Bacon/TopDownHockey, era-varying network NHLe)",2026-05-24
czechia-u20,2009-2010,2009,0.0572671224765205,"hockeystats.com/data/NHLe_Temporal.csv (NHLe page; Bacon/TopDownHockey, era-varying network NHLe)",2026-05-24
czechia-u20,2010-2011,2010,0.0576554784619658,"hockeystats.com/data/NHLe_Temporal.csv (NHLe page; Bacon/TopDownHockey, era-varying network NHLe)",2026-05-24
czechia-u20,2011-2012,2011,0.0657872793193068,"hockeystats.com/data/NHLe_Temporal.csv (NHLe page; Bacon/TopDownHockey, era-varying network NHLe)",2026-05-24
czechia-u20,2013-2014,2013,0.0867671570159366,"hockeystats.com/data/NHLe_Temporal.csv (NHLe page; Bacon/TopDownHockey, era-varying network NHLe)",2026-05-24
czechia-u20,2014-2015,2014,0.0632512844829524,"hockeystats.com/data/NHLe_Temporal.csv (NHLe page; Bacon/TopDownHockey, era-varying network NHLe)",2026-05-24
czechia-u20,2015-2016,2015,0.0372298089782197,"hockeystats.com/data/NHLe_Temporal.csv (NHLe page; Bacon/TopDownHockey, era-varying network NHLe)",2026-05-24
czechia-u20,2016-2017,2016,0.0489991169961618,"hockeystats.com/data/NHLe_Temporal.csv (NHLe page; Bacon/TopDownHockey, era-varying network NHLe)",2026-05-24
czechia-u20,2017-2018,2017,0.0558105869177178,"hockeystats.com/data/NHLe_Temporal.csv (NHLe page; Bacon/TopDownHockey, era-varying network NHLe)",2026-05-24
czechia-u20,2018-2019,2018,0.0536520977384958,"hockeystats.com/data/NHLe_Temporal.csv (NHLe page; Bacon/TopDownHockey, era-varying network NHLe)",2026-05-24
czechia-u20,2019-2020,2019,0.0553013844623425,"hockeystats.com/data/NHLe_Temporal.csv (NHLe page; Bacon/TopDownHockey, era-varying network NHLe)",2026-05-24
czechia-u20,2020-2021,2020,0.0551380183958681,"hockeystats.com/data/NHLe_Temporal.csv (NHLe page; Bacon/TopDownHockey, era-varying network NHLe)",2026-05-24
czechia-u20,2021-2022,2021,0.0373869056853455,"hockeystats.com/data/NHLe_Temporal.csv (NHLe page; Bacon/TopDownHockey, era-varying network NHLe)",2026-05-24
czechia-u20,2022-2023,2022,0.0385771676710888,"hockeystats.com/data/NHLe_Temporal.csv (NHLe page; Bacon/TopDownHockey, era-varying network NHLe)",2026-05-24
czechia-u20,2023-2024,2023,0.0401110598749743,"hockeystats.com/data/NHLe_Temporal.csv (NHLe page; Bacon/TopDownHockey, era-varying network NHLe)",2026-05-24
czechia-u20,2024-2025,2024,0.0442007951473123,"hockeystats.com/data/NHLe_Temporal.csv (NHLe page; Bacon/TopDownHockey, era-varying network NHLe)",2026-05-24
czechia-u20,2025-2026,2025,0.0496866974755326,"hockeystats.com/data/NHLe_Temporal.csv (NHLe page; Bacon/TopDownHockey, era-varying network NHLe)",2026-05-24
czechia-u20-2,2006-2007,2006,0.0390578822891194,"hockeystats.com/data/NHLe_Temporal.csv (NHLe page; Bacon/TopDownHockey, era-varying network NHLe)",2026-05-24
czechia-u20-2,2007-2008,2007,0.0354873428827953,"hockeystats.com/data/NHLe_Temporal.csv (NHLe page; Bacon/TopDownHockey, era-varying network NHLe)",2026-05-24
czechia-u20-2,2008-2009,2008,0.0299645791999139,"hockeystats.com/data/NHLe_Temporal.csv (NHLe page; Bacon/TopDownHockey, era-varying network NHLe)",2026-05-24
czechia-u20-2,2009-2010,2009,0.02403169083637,"hockeystats.com/data/NHLe_Temporal.csv (NHLe page; Bacon/TopDownHockey, era-varying network NHLe)",2026-05-24
czechia-u20-2,2010-2011,2010,0.033289064932561,"hockeystats.com/data/NHLe_Temporal.csv (NHLe page; Bacon/TopDownHockey, era-varying network NHLe)",2026-05-24
czechia-u20-2,2011-2012,2011,0.0318333006891257,"hockeystats.com/data/NHLe_Temporal.csv (NHLe page; Bacon/TopDownHockey, era-varying network NHLe)",2026-05-24
czechia-u20-2,2013-2014,2013,0.0374405866565551,"hockeystats.com/data/NHLe_Temporal.csv (NHLe page; Bacon/TopDownHockey, era-varying network NHLe)",2026-05-24
czechia-u20-2,2014-2015,2014,0.0184132680814106,"hockeystats.com/data/NHLe_Temporal.csv (NHLe page; Bacon/TopDownHockey, era-varying network NHLe)",2026-05-24
czechia-u20-2,2015-2016,2015,0.0104515171629487,"hockeystats.com/data/NHLe_Temporal.csv (NHLe page; Bacon/TopDownHockey, era-varying network NHLe)",2026-05-24
czechia-u20-2,2016-2017,2016,0.0187350762871447,"hockeystats.com/data/NHLe_Temporal.csv (NHLe page; Bacon/TopDownHockey, era-varying network NHLe)",2026-05-24
czechia-u20-2,2017-2018,2017,0.0171344572467224,"hockeystats.com/data/NHLe_Temporal.csv (NHLe page; Bacon/TopDownHockey, era-varying network NHLe)",2026-05-24
czechia-u20-2,2018-2019,2018,0.0172511135732806,"hockeystats.com/data/NHLe_Temporal.csv (NHLe page; Bacon/TopDownHockey, era-varying network NHLe)",2026-05-24
czechia-u20-2,2019-2020,2019,0.0095833959756546,"hockeystats.com/data/NHLe_Temporal.csv (NHLe page; Bacon/TopDownHockey, era-varying network NHLe)",2026-05-24
czechia-u20-2,2020-2021,2020,0.0124377769747032,"hockeystats.com/data/NHLe_Temporal.csv (NHLe page; Bacon/TopDownHockey, era-varying network NHLe)",2026-05-24
czechia-u20-2,2021-2022,2021,0.0177980833309979,"hockeystats.com/data/NHLe_Temporal.csv (NHLe page; Bacon/TopDownHockey, era-varying network NHLe)",2026-05-24
czechia-u20-2,2022-2023,2022,0.018613358102302,"hockeystats.com/data/NHLe_Temporal.csv (NHLe page; Bacon/TopDownHockey, era-varying network NHLe)",2026-05-24
czechia-u20-2,2023-2024,2023,0.0225010331849873,"hockeystats.com/data/NHLe_Temporal.csv (NHLe page; Bacon/TopDownHockey, era-varying network NHLe)",2026-05-24
czechia-u20-2,2024-2025,2024,0.0239276401773173,"hockeystats.com/data/NHLe_Temporal.csv (NHLe page; Bacon/TopDownHockey, era-varying network NHLe)",2026-05-24
czechia-u20-2,2025-2026,2025,0.0227139398695593,"hockeystats.com/data/NHLe_Temporal.csv (NHLe page; Bacon/TopDownHockey, era-varying network NHLe)",2026-05-24
czechia2,2006-2007,2006,0.2001525589638462,"hockeystats.com/data/NHLe_Temporal.csv (NHLe page; Bacon/TopDownHockey, era-varying network NHLe)",2026-05-24
czechia2,2007-2008,2007,0.2391551233701963,"hockeystats.com/data/NHLe_Temporal.csv (NHLe page; Bacon/TopDownHockey, era-varying network NHLe)",2026-05-24
czechia2,2008-2009,2008,0.2668545372971248,"hockeystats.com/data/NHLe_Temporal.csv (NHLe page; Bacon/TopDownHockey, era-varying network NHLe)",2026-05-24
czechia2,2009-2010,2009,0.2227588870040801,"hockeystats.com/data/NHLe_Temporal.csv (NHLe page; Bacon/TopDownHockey, era-varying network NHLe)",2026-05-24
czechia2,2010-2011,2010,0.2468802217651651,"hockeystats.com/data/NHLe_Temporal.csv (NHLe page; Bacon/TopDownHockey, era-varying network NHLe)",2026-05-24
czechia2,2011-2012,2011,0.2382887290543569,"hockeystats.com/data/NHLe_Temporal.csv (NHLe page; Bacon/TopDownHockey, era-varying network NHLe)",2026-05-24
czechia2,2013-2014,2013,0.2724737550153764,"hockeystats.com/data/NHLe_Temporal.csv (NHLe page; Bacon/TopDownHockey, era-varying network NHLe)",2026-05-24
czechia2,2014-2015,2014,0.2335163566818794,"hockeystats.com/data/NHLe_Temporal.csv (NHLe page; Bacon/TopDownHockey, era-varying network NHLe)",2026-05-24
czechia2,2015-2016,2015,0.1680195310281925,"hockeystats.com/data/NHLe_Temporal.csv (NHLe page; Bacon/TopDownHockey, era-varying network NHLe)",2026-05-24
czechia2,2016-2017,2016,0.1898802218585564,"hockeystats.com/data/NHLe_Temporal.csv (NHLe page; Bacon/TopDownHockey, era-varying network NHLe)",2026-05-24
czechia2,2017-2018,2017,0.1829756152394639,"hockeystats.com/data/NHLe_Temporal.csv (NHLe page; Bacon/TopDownHockey, era-varying network NHLe)",2026-05-24
czechia2,2018-2019,2018,0.1468305891835629,"hockeystats.com/data/NHLe_Temporal.csv (NHLe page; Bacon/TopDownHockey, era-varying network NHLe)",2026-05-24
czechia2,2019-2020,2019,0.1483305876788818,"hockeystats.com/data/NHLe_Temporal.csv (NHLe page; Bacon/TopDownHockey, era-varying network NHLe)",2026-05-24
czechia2,2020-2021,2020,0.1510490154303783,"hockeystats.com/data/NHLe_Temporal.csv (NHLe page; Bacon/TopDownHockey, era-varying network NHLe)",2026-05-24
czechia2,2021-2022,2021,0.1406001562969086,"hockeystats.com/data/NHLe_Temporal.csv (NHLe page; Bacon/TopDownHockey, era-varying network NHLe)",2026-05-24
czechia2,2022-2023,2022,0.1561690339349319,"hockeystats.com/data/NHLe_Temporal.csv (NHLe page; Bacon/TopDownHockey, era-varying network NHLe)",2026-05-24
czechia2,2023-2024,2023,0.1517171431064475,"hockeystats.com/data/NHLe_Temporal.csv (NHLe page; Bacon/TopDownHockey, era-varying network NHLe)",2026-05-24
czechia2,2024-2025,2024,0.1347079532372693,"hockeystats.com/data/NHLe_Temporal.csv (NHLe page; Bacon/TopDownHockey, era-varying network NHLe)",2026-05-24
czechia2,2025-2026,2025,0.1460737356556868,"hockeystats.com/data/NHLe_Temporal.csv (NHLe page; Bacon/TopDownHockey, era-varying network NHLe)",2026-05-24
del,2006-2007,2006,0.3365206858596781,"hockeystats.com/data/NHLe_Temporal.csv (NHLe page; Bacon/TopDownHockey, era-varying network NHLe)",2026-05-24
del,2007-2008,2007,0.3221519737509532,"hockeystats.com/data/NHLe_Temporal.csv (NHLe page; Bacon/TopDownHockey, era-varying network NHLe)",2026-05-24
del,2008-2009,2008,0.3203979272662276,"hockeystats.com/data/NHLe_Temporal.csv (NHLe page; Bacon/TopDownHockey, era-varying network NHLe)",2026-05-24
del,2009-2010,2009,0.3274619600507226,"hockeystats.com/data/NHLe_Temporal.csv (NHLe page; Bacon/TopDownHockey, era-varying network NHLe)",2026-05-24
del,2010-2011,2010,0.3198311550821081,"hockeystats.com/data/NHLe_Temporal.csv (NHLe page; Bacon/TopDownHockey, era-varying network NHLe)",2026-05-24
del,2011-2012,2011,0.3522253169380536,"hockeystats.com/data/NHLe_Temporal.csv (NHLe page; Bacon/TopDownHockey, era-varying network NHLe)",2026-05-24
del,2013-2014,2013,0.3321845543402968,"hockeystats.com/data/NHLe_Temporal.csv (NHLe page; Bacon/TopDownHockey, era-varying network NHLe)",2026-05-24
del,2014-2015,2014,0.2944426506826884,"hockeystats.com/data/NHLe_Temporal.csv (NHLe page; Bacon/TopDownHockey, era-varying network NHLe)",2026-05-24
del,2015-2016,2015,0.2618666422492071,"hockeystats.com/data/NHLe_Temporal.csv (NHLe page; Bacon/TopDownHockey, era-varying network NHLe)",2026-05-24
del,2016-2017,2016,0.2652279344194227,"hockeystats.com/data/NHLe_Temporal.csv (NHLe page; Bacon/TopDownHockey, era-varying network NHLe)",2026-05-24
del,2017-2018,2017,0.2635937411824403,"hockeystats.com/data/NHLe_Temporal.csv (NHLe page; Bacon/TopDownHockey, era-varying network NHLe)",2026-05-24
del,2018-2019,2018,0.2755449747258802,"hockeystats.com/data/NHLe_Temporal.csv (NHLe page; Bacon/TopDownHockey, era-varying network NHLe)",2026-05-24
del,2019-2020,2019,0.2708571741671487,"hockeystats.com/data/NHLe_Temporal.csv (NHLe page; Bacon/TopDownHockey, era-varying network NHLe)",2026-05-24
del,2020-2021,2020,0.2776062825625836,"hockeystats.com/data/NHLe_Temporal.csv (NHLe page; Bacon/TopDownHockey, era-varying network NHLe)",2026-05-24
del,2021-2022,2021,0.2724955020270719,"hockeystats.com/data/NHLe_Temporal.csv (NHLe page; Bacon/TopDownHockey, era-varying network NHLe)",2026-05-24
del,2022-2023,2022,0.275281102916194,"hockeystats.com/data/NHLe_Temporal.csv (NHLe page; Bacon/TopDownHockey, era-varying network NHLe)",2026-05-24
del,2023-2024,2023,0.2880654039696687,"hockeystats.com/data/NHLe_Temporal.csv (NHLe page; Bacon/TopDownHockey, era-varying network NHLe)",2026-05-24
del,2024-2025,2024,0.2571941881068806,"hockeystats.com/data/NHLe_Temporal.csv (NHLe page; Bacon/TopDownHockey, era-varying network NHLe)",2026-05-24
del,2025-2026,2025,0.2473697341378975,"hockeystats.com/data/NHLe_Temporal.csv (NHLe page; Bacon/TopDownHockey, era-varying network NHLe)",2026-05-24
del2,2014-2015,2014,0.1138259788485461,"hockeystats.com/data/NHLe_Temporal.csv (NHLe page; Bacon/TopDownHockey, era-varying network NHLe)",2026-05-24
del2,2015-2016,2015,0.1063970821357004,"hockeystats.com/data/NHLe_Temporal.csv (NHLe page; Bacon/TopDownHockey, era-varying network NHLe)",2026-05-24
del2,2016-2017,2016,0.1212544498415403,"hockeystats.com/data/NHLe_Temporal.csv (NHLe page; Bacon/TopDownHockey, era-varying network NHLe)",2026-05-24
del2,2017-2018,2017,0.1283564951430685,"hockeystats.com/data/NHLe_Temporal.csv (NHLe page; Bacon/TopDownHockey, era-varying network NHLe)",2026-05-24
del2,2018-2019,2018,0.1236244808117254,"hockeystats.com/data/NHLe_Temporal.csv (NHLe page; Bacon/TopDownHockey, era-varying network NHLe)",2026-05-24
del2,2019-2020,2019,0.1298819987979685,"hockeystats.com/data/NHLe_Temporal.csv (NHLe page; Bacon/TopDownHockey, era-varying network NHLe)",2026-05-24
del2,2020-2021,2020,0.1313174133391641,"hockeystats.com/data/NHLe_Temporal.csv (NHLe page; Bacon/TopDownHockey, era-varying network NHLe)",2026-05-24
del2,2021-2022,2021,0.1223658259634087,"hockeystats.com/data/NHLe_Temporal.csv (NHLe page; Bacon/TopDownHockey, era-varying network NHLe)",2026-05-24
del2,2022-2023,2022,0.1244436011855528,"hockeystats.com/data/NHLe_Temporal.csv (NHLe page; Bacon/TopDownHockey, era-varying network NHLe)",2026-05-24
del2,2023-2024,2023,0.1161127610692057,"hockeystats.com/data/NHLe_Temporal.csv (NHLe page; Bacon/TopDownHockey, era-varying network NHLe)",2026-05-24
del2,2024-2025,2024,0.1155216810986905,"hockeystats.com/data/NHLe_Temporal.csv (NHLe page; Bacon/TopDownHockey, era-varying network NHLe)",2026-05-24
del2,2025-2026,2025,0.1226313565618613,"hockeystats.com/data/NHLe_Temporal.csv (NHLe page; Bacon/TopDownHockey, era-varying network NHLe)",2026-05-24
denmark,2006-2007,2006,0.1264807299653441,"hockeystats.com/data/NHLe_Temporal.csv (NHLe page; Bacon/TopDownHockey, era-varying network NHLe)",2026-05-24
denmark,2007-2008,2007,0.1520012030214476,"hockeystats.com/data/NHLe_Temporal.csv (NHLe page; Bacon/TopDownHockey, era-varying network NHLe)",2026-05-24
denmark,2008-2009,2008,0.1604180889945339,"hockeystats.com/data/NHLe_Temporal.csv (NHLe page; Bacon/TopDownHockey, era-varying network NHLe)",2026-05-24
denmark,2009-2010,2009,0.1572721665220678,"hockeystats.com/data/NHLe_Temporal.csv (NHLe page; Bacon/TopDownHockey, era-varying network NHLe)",2026-05-24
denmark,2010-2011,2010,0.1520922929113659,"hockeystats.com/data/NHLe_Temporal.csv (NHLe page; Bacon/TopDownHockey, era-varying network NHLe)",2026-05-24
denmark,2011-2012,2011,0.1418572561952244,"hockeystats.com/data/NHLe_Temporal.csv (NHLe page; Bacon/TopDownHockey, era-varying network NHLe)",2026-05-24
denmark,2013-2014,2013,0.1145211692557544,"hockeystats.com/data/NHLe_Temporal.csv (NHLe page; Bacon/TopDownHockey, era-varying network NHLe)",2026-05-24
denmark,2014-2015,2014,0.1065472886934579,"hockeystats.com/data/NHLe_Temporal.csv (NHLe page; Bacon/TopDownHockey, era-varying network NHLe)",2026-05-24
denmark,2015-2016,2015,0.1002138192226361,"hockeystats.com/data/NHLe_Temporal.csv (NHLe page; Bacon/TopDownHockey, era-varying network NHLe)",2026-05-24
denmark,2016-2017,2016,0.1135715999214867,"hockeystats.com/data/NHLe_Temporal.csv (NHLe page; Bacon/TopDownHockey, era-varying network NHLe)",2026-05-24
denmark,2017-2018,2017,0.1304267185421526,"hockeystats.com/data/NHLe_Temporal.csv (NHLe page; Bacon/TopDownHockey, era-varying network NHLe)",2026-05-24
denmark,2018-2019,2018,0.127951521652145,"hockeystats.com/data/NHLe_Temporal.csv (NHLe page; Bacon/TopDownHockey, era-varying network NHLe)",2026-05-24
denmark,2019-2020,2019,0.134580864329279,"hockeystats.com/data/NHLe_Temporal.csv (NHLe page; Bacon/TopDownHockey, era-varying network NHLe)",2026-05-24
denmark,2020-2021,2020,0.1260860199074957,"hockeystats.com/data/NHLe_Temporal.csv (NHLe page; Bacon/TopDownHockey, era-varying network NHLe)",2026-05-24
denmark,2021-2022,2021,0.1157905072201706,"hockeystats.com/data/NHLe_Temporal.csv (NHLe page; Bacon/TopDownHockey, era-varying network NHLe)",2026-05-24
denmark,2022-2023,2022,0.1116010165461525,"hockeystats.com/data/NHLe_Temporal.csv (NHLe page; Bacon/TopDownHockey, era-varying network NHLe)",2026-05-24
denmark,2023-2024,2023,0.1289539323441419,"hockeystats.com/data/NHLe_Temporal.csv (NHLe page; Bacon/TopDownHockey, era-varying network NHLe)",2026-05-24
denmark,2024-2025,2024,0.1158611720640649,"hockeystats.com/data/NHLe_Temporal.csv (NHLe page; Bacon/TopDownHockey, era-varying network NHLe)",2026-05-24
denmark,2025-2026,2025,0.1316684180942751,"hockeystats.com/data/NHLe_Temporal.csv (NHLe page; Bacon/TopDownHockey, era-varying network NHLe)",2026-05-24
denmark2,2006-2007,2006,0.0114240631476326,"hockeystats.com/data/NHLe_Temporal.csv (NHLe page; Bacon/TopDownHockey, era-varying network NHLe)",2026-05-24
denmark2,2007-2008,2007,0.0152858589046346,"hockeystats.com/data/NHLe_Temporal.csv (NHLe page; Bacon/TopDownHockey, era-varying network NHLe)",2026-05-24
denmark2,2008-2009,2008,0.0149951258429855,"hockeystats.com/data/NHLe_Temporal.csv (NHLe page; Bacon/TopDownHockey, era-varying network NHLe)",2026-05-24
denmark2,2009-2010,2009,0.0200249540173018,"hockeystats.com/data/NHLe_Temporal.csv (NHLe page; Bacon/TopDownHockey, era-varying network NHLe)",2026-05-24
denmark2,2010-2011,2010,0.0197880935909351,"hockeystats.com/data/NHLe_Temporal.csv (NHLe page; Bacon/TopDownHockey, era-varying network NHLe)",2026-05-24
denmark2,2011-2012,2011,0.0169069173709745,"hockeystats.com/data/NHLe_Temporal.csv (NHLe page; Bacon/TopDownHockey, era-varying network NHLe)",2026-05-24
denmark2,2013-2014,2013,0.0138224765927572,"hockeystats.com/data/NHLe_Temporal.csv (NHLe page; Bacon/TopDownHockey, era-varying network NHLe)",2026-05-24
denmark2,2014-2015,2014,0.0150703894694487,"hockeystats.com/data/NHLe_Temporal.csv (NHLe page; Bacon/TopDownHockey, era-varying network NHLe)",2026-05-24
denmark2,2015-2016,2015,0.0219136567749914,"hockeystats.com/data/NHLe_Temporal.csv (NHLe page; Bacon/TopDownHockey, era-varying network NHLe)",2026-05-24
denmark2,2016-2017,2016,0.0193373397469715,"hockeystats.com/data/NHLe_Temporal.csv (NHLe page; Bacon/TopDownHockey, era-varying network NHLe)",2026-05-24
denmark2,2017-2018,2017,0.0176746486053622,"hockeystats.com/data/NHLe_Temporal.csv (NHLe page; Bacon/TopDownHockey, era-varying network NHLe)",2026-05-24
denmark2,2018-2019,2018,0.0144742801502391,"hockeystats.com/data/NHLe_Temporal.csv (NHLe page; Bacon/TopDownHockey, era-varying network NHLe)",2026-05-24
denmark2,2019-2020,2019,0.0279850665601238,"hockeystats.com/data/NHLe_Temporal.csv (NHLe page; Bacon/TopDownHockey, era-varying network NHLe)",2026-05-24
denmark2,2020-2021,2020,0.0232748785707056,"hockeystats.com/data/NHLe_Temporal.csv (NHLe page; Bacon/TopDownHockey, era-varying network NHLe)",2026-05-24
denmark2,2021-2022,2021,0.0192975225053679,"hockeystats.com/data/NHLe_Temporal.csv (NHLe page; Bacon/TopDownHockey, era-varying network NHLe)",2026-05-24
denmark2,2022-2023,2022,0.0197933130479864,"hockeystats.com/data/NHLe_Temporal.csv (NHLe page; Bacon/TopDownHockey, era-varying network NHLe)",2026-05-24
denmark2,2023-2024,2023,0.0130737220630743,"hockeystats.com/data/NHLe_Temporal.csv (NHLe page; Bacon/TopDownHockey, era-varying network NHLe)",2026-05-24
denmark2,2024-2025,2024,0.0120240680591516,"hockeystats.com/data/NHLe_Temporal.csv (NHLe page; Bacon/TopDownHockey, era-varying network NHLe)",2026-05-24
denmark2,2025-2026,2025,0.0123019419652202,"hockeystats.com/data/NHLe_Temporal.csv (NHLe page; Bacon/TopDownHockey, era-varying network NHLe)",2026-05-24
division-2,2006-2007,2006,0.0195430415236777,"hockeystats.com/data/NHLe_Temporal.csv (NHLe page; Bacon/TopDownHockey, era-varying network NHLe)",2026-05-24
division-2,2007-2008,2007,0.0186585489834726,"hockeystats.com/data/NHLe_Temporal.csv (NHLe page; Bacon/TopDownHockey, era-varying network NHLe)",2026-05-24
division-2,2008-2009,2008,0.025903763855166,"hockeystats.com/data/NHLe_Temporal.csv (NHLe page; Bacon/TopDownHockey, era-varying network NHLe)",2026-05-24
division-2,2009-2010,2009,0.0322917502495435,"hockeystats.com/data/NHLe_Temporal.csv (NHLe page; Bacon/TopDownHockey, era-varying network NHLe)",2026-05-24
division-2,2010-2011,2010,0.0357831052843772,"hockeystats.com/data/NHLe_Temporal.csv (NHLe page; Bacon/TopDownHockey, era-varying network NHLe)",2026-05-24
division-2,2011-2012,2011,0.0353695285824933,"hockeystats.com/data/NHLe_Temporal.csv (NHLe page; Bacon/TopDownHockey, era-varying network NHLe)",2026-05-24
division-2,2013-2014,2013,0.0332551211255053,"hockeystats.com/data/NHLe_Temporal.csv (NHLe page; Bacon/TopDownHockey, era-varying network NHLe)",2026-05-24
division-2,2014-2015,2014,0.0336499648331255,"hockeystats.com/data/NHLe_Temporal.csv (NHLe page; Bacon/TopDownHockey, era-varying network NHLe)",2026-05-24
division-2,2015-2016,2015,0.0428592320505681,"hockeystats.com/data/NHLe_Temporal.csv (NHLe page; Bacon/TopDownHockey, era-varying network NHLe)",2026-05-24
division-2,2016-2017,2016,0.0385384066042995,"hockeystats.com/data/NHLe_Temporal.csv (NHLe page; Bacon/TopDownHockey, era-varying network NHLe)",2026-05-24
division-2,2017-2018,2017,0.0421408964554154,"hockeystats.com/data/NHLe_Temporal.csv (NHLe page; Bacon/TopDownHockey, era-varying network NHLe)",2026-05-24
division-2,2018-2019,2018,0.0453526101861085,"hockeystats.com/data/NHLe_Temporal.csv (NHLe page; Bacon/TopDownHockey, era-varying network NHLe)",2026-05-24
division-2,2019-2020,2019,0.0438874002282689,"hockeystats.com/data/NHLe_Temporal.csv (NHLe page; Bacon/TopDownHockey, era-varying network NHLe)",2026-05-24
division-2,2020-2021,2020,0.0352576866791247,"hockeystats.com/data/NHLe_Temporal.csv (NHLe page; Bacon/TopDownHockey, era-varying network NHLe)",2026-05-24
division-2,2021-2022,2021,0.037088367101621,"hockeystats.com/data/NHLe_Temporal.csv (NHLe page; Bacon/TopDownHockey, era-varying network NHLe)",2026-05-24
division-2,2022-2023,2022,0.035508736461943,"hockeystats.com/data/NHLe_Temporal.csv (NHLe page; Bacon/TopDownHockey, era-varying network NHLe)",2026-05-24
division-2,2023-2024,2023,0.0396923579538832,"hockeystats.com/data/NHLe_Temporal.csv (NHLe page; Bacon/TopDownHockey, era-varying network NHLe)",2026-05-24
division-2,2024-2025,2024,0.0421362071166594,"hockeystats.com/data/NHLe_Temporal.csv (NHLe page; Bacon/TopDownHockey, era-varying network NHLe)",2026-05-24
division-2,2025-2026,2025,0.0399138209041401,"hockeystats.com/data/NHLe_Temporal.csv (NHLe page; Bacon/TopDownHockey, era-varying network NHLe)",2026-05-24
dnl,2006-2007,2006,0.0096339213156181,"hockeystats.com/data/NHLe_Temporal.csv (NHLe page; Bacon/TopDownHockey, era-varying network NHLe)",2026-05-24
dnl,2007-2008,2007,0.0070616040944986,"hockeystats.com/data/NHLe_Temporal.csv (NHLe page; Bacon/TopDownHockey, era-varying network NHLe)",2026-05-24
dnl,2008-2009,2008,0.0141862970856577,"hockeystats.com/data/NHLe_Temporal.csv (NHLe page; Bacon/TopDownHockey, era-varying network NHLe)",2026-05-24
dnl,2009-2010,2009,0.0185780911389429,"hockeystats.com/data/NHLe_Temporal.csv (NHLe page; Bacon/TopDownHockey, era-varying network NHLe)",2026-05-24
dnl,2010-2011,2010,0.0203852178099224,"hockeystats.com/data/NHLe_Temporal.csv (NHLe page; Bacon/TopDownHockey, era-varying network NHLe)",2026-05-24
dnl,2011-2012,2011,0.0255119948849964,"hockeystats.com/data/NHLe_Temporal.csv (NHLe page; Bacon/TopDownHockey, era-varying network NHLe)",2026-05-24
dnl,2013-2014,2013,0.013762758046072,"hockeystats.com/data/NHLe_Temporal.csv (NHLe page; Bacon/TopDownHockey, era-varying network NHLe)",2026-05-24
dnl,2014-2015,2014,0.0171322002542059,"hockeystats.com/data/NHLe_Temporal.csv (NHLe page; Bacon/TopDownHockey, era-varying network NHLe)",2026-05-24
dnl,2015-2016,2015,0.0108027350127817,"hockeystats.com/data/NHLe_Temporal.csv (NHLe page; Bacon/TopDownHockey, era-varying network NHLe)",2026-05-24
dnl,2016-2017,2016,0.0184053090369113,"hockeystats.com/data/NHLe_Temporal.csv (NHLe page; Bacon/TopDownHockey, era-varying network NHLe)",2026-05-24
dnl,2017-2018,2017,0.0177222798354401,"hockeystats.com/data/NHLe_Temporal.csv (NHLe page; Bacon/TopDownHockey, era-varying network NHLe)",2026-05-24
dnl,2018-2019,2018,0.0150977886322408,"hockeystats.com/data/NHLe_Temporal.csv (NHLe page; Bacon/TopDownHockey, era-varying network NHLe)",2026-05-24
dnl,2019-2020,2019,0.0151238493530514,"hockeystats.com/data/NHLe_Temporal.csv (NHLe page; Bacon/TopDownHockey, era-varying network NHLe)",2026-05-24
dnl,2020-2021,2020,0.0178900773420664,"hockeystats.com/data/NHLe_Temporal.csv (NHLe page; Bacon/TopDownHockey, era-varying network NHLe)",2026-05-24
dnl,2021-2022,2021,0.0224448907954149,"hockeystats.com/data/NHLe_Temporal.csv (NHLe page; Bacon/TopDownHockey, era-varying network NHLe)",2026-05-24
dnl-q,2014-2015,2014,0.0194353663643388,"hockeystats.com/data/NHLe_Temporal.csv (NHLe page; Bacon/TopDownHockey, era-varying network NHLe)",2026-05-24
dnl-q,2015-2016,2015,0.0119724510541725,"hockeystats.com/data/NHLe_Temporal.csv (NHLe page; Bacon/TopDownHockey, era-varying network NHLe)",2026-05-24
dnl-q,2016-2017,2016,0.009892121522865,"hockeystats.com/data/NHLe_Temporal.csv (NHLe page; Bacon/TopDownHockey, era-varying network NHLe)",2026-05-24
dnl-q,2017-2018,2017,0.0118744301118901,"hockeystats.com/data/NHLe_Temporal.csv (NHLe page; Bacon/TopDownHockey, era-varying network NHLe)",2026-05-24
dnl-q,2018-2019,2018,0.0099041133589082,"hockeystats.com/data/NHLe_Temporal.csv (NHLe page; Bacon/TopDownHockey, era-varying network NHLe)",2026-05-24
dnl-q,2019-2020,2019,0.0105602316311489,"hockeystats.com/data/NHLe_Temporal.csv (NHLe page; Bacon/TopDownHockey, era-varying network NHLe)",2026-05-24
dnl-q,2020-2021,2020,0.0249258993300949,"hockeystats.com/data/NHLe_Temporal.csv (NHLe page; Bacon/TopDownHockey, era-varying network NHLe)",2026-05-24
dnl-q,2021-2022,2021,0.0321641449624771,"hockeystats.com/data/NHLe_Temporal.csv (NHLe page; Bacon/TopDownHockey, era-varying network NHLe)",2026-05-24
dnl-u20,2018-2019,2018,0.0121822906926109,"hockeystats.com/data/NHLe_Temporal.csv (NHLe page; Bacon/TopDownHockey, era-varying network NHLe)",2026-05-24
dnl-u20,2019-2020,2019,0.0115733145396659,"hockeystats.com/data/NHLe_Temporal.csv (NHLe page; Bacon/TopDownHockey, era-varying network NHLe)",2026-05-24
dnl-u20,2020-2021,2020,0.0214019749422238,"hockeystats.com/data/NHLe_Temporal.csv (NHLe page; Bacon/TopDownHockey, era-varying network NHLe)",2026-05-24
dnl-u20,2021-2022,2021,0.0229729313703732,"hockeystats.com/data/NHLe_Temporal.csv (NHLe page; Bacon/TopDownHockey, era-varying network NHLe)",2026-05-24
dnl-u20,2022-2023,2022,0.0231723379882616,"hockeystats.com/data/NHLe_Temporal.csv (NHLe page; Bacon/TopDownHockey, era-varying network NHLe)",2026-05-24
dnl-u20,2023-2024,2023,0.0239243680630737,"hockeystats.com/data/NHLe_Temporal.csv (NHLe page; Bacon/TopDownHockey, era-varying network NHLe)",2026-05-24
dnl-u20,2024-2025,2024,0.021521027482277,"hockeystats.com/data/NHLe_Temporal.csv (NHLe page; Bacon/TopDownHockey, era-varying network NHLe)",2026-05-24
dnl-u20,2025-2026,2025,0.0241808760533953,"hockeystats.com/data/NHLe_Temporal.csv (NHLe page; Bacon/TopDownHockey, era-varying network NHLe)",2026-05-24
dnl2,2014-2015,2014,0.0095868482733377,"hockeystats.com/data/NHLe_Temporal.csv (NHLe page; Bacon/TopDownHockey, era-varying network NHLe)",2026-05-24
dnl2,2015-2016,2015,0.0043321680595976,"hockeystats.com/data/NHLe_Temporal.csv (NHLe page; Bacon/TopDownHockey, era-varying network NHLe)",2026-05-24
dnl2,2016-2017,2016,0.003542424678122,"hockeystats.com/data/NHLe_Temporal.csv (NHLe page; Bacon/TopDownHockey, era-varying network NHLe)",2026-05-24
dnl2,2017-2018,2017,0.0040090179138296,"hockeystats.com/data/NHLe_Temporal.csv (NHLe page; Bacon/TopDownHockey, era-varying network NHLe)",2026-05-24
dnl2,2018-2019,2018,0.0028074910922203,"hockeystats.com/data/NHLe_Temporal.csv (NHLe page; Bacon/TopDownHockey, era-varying network NHLe)",2026-05-24
dnl2,2019-2020,2019,0.0024603485345815,"hockeystats.com/data/NHLe_Temporal.csv (NHLe page; Bacon/TopDownHockey, era-varying network NHLe)",2026-05-24
dnl2,2020-2021,2020,0.0048156090676612,"hockeystats.com/data/NHLe_Temporal.csv (NHLe page; Bacon/TopDownHockey, era-varying network NHLe)",2026-05-24
dnl2,2021-2022,2021,0.004109051188011,"hockeystats.com/data/NHLe_Temporal.csv (NHLe page; Bacon/TopDownHockey, era-varying network NHLe)",2026-05-24
echl,2006-2007,2006,0.1943351701522887,"hockeystats.com/data/NHLe_Temporal.csv (NHLe page; Bacon/TopDownHockey, era-varying network NHLe)",2026-05-24
echl,2007-2008,2007,0.1957400432041129,"hockeystats.com/data/NHLe_Temporal.csv (NHLe page; Bacon/TopDownHockey, era-varying network NHLe)",2026-05-24
echl,2008-2009,2008,0.1930814616279335,"hockeystats.com/data/NHLe_Temporal.csv (NHLe page; Bacon/TopDownHockey, era-varying network NHLe)",2026-05-24
echl,2009-2010,2009,0.1947358751036475,"hockeystats.com/data/NHLe_Temporal.csv (NHLe page; Bacon/TopDownHockey, era-varying network NHLe)",2026-05-24
echl,2010-2011,2010,0.1971981696538867,"hockeystats.com/data/NHLe_Temporal.csv (NHLe page; Bacon/TopDownHockey, era-varying network NHLe)",2026-05-24
echl,2011-2012,2011,0.196056184055413,"hockeystats.com/data/NHLe_Temporal.csv (NHLe page; Bacon/TopDownHockey, era-varying network NHLe)",2026-05-24
echl,2013-2014,2013,0.2079778151474583,"hockeystats.com/data/NHLe_Temporal.csv (NHLe page; Bacon/TopDownHockey, era-varying network NHLe)",2026-05-24
echl,2014-2015,2014,0.2000837627773125,"hockeystats.com/data/NHLe_Temporal.csv (NHLe page; Bacon/TopDownHockey, era-varying network NHLe)",2026-05-24
echl,2015-2016,2015,0.187543003367259,"hockeystats.com/data/NHLe_Temporal.csv (NHLe page; Bacon/TopDownHockey, era-varying network NHLe)",2026-05-24
echl,2016-2017,2016,0.1850782073630368,"hockeystats.com/data/NHLe_Temporal.csv (NHLe page; Bacon/TopDownHockey, era-varying network NHLe)",2026-05-24
echl,2017-2018,2017,0.1801669027528902,"hockeystats.com/data/NHLe_Temporal.csv (NHLe page; Bacon/TopDownHockey, era-varying network NHLe)",2026-05-24
echl,2018-2019,2018,0.1780362026649903,"hockeystats.com/data/NHLe_Temporal.csv (NHLe page; Bacon/TopDownHockey, era-varying network NHLe)",2026-05-24
echl,2019-2020,2019,0.1710546827898348,"hockeystats.com/data/NHLe_Temporal.csv (NHLe page; Bacon/TopDownHockey, era-varying network NHLe)",2026-05-24
echl,2020-2021,2020,0.1756556257737457,"hockeystats.com/data/NHLe_Temporal.csv (NHLe page; Bacon/TopDownHockey, era-varying network NHLe)",2026-05-24
echl,2021-2022,2021,0.1736710903434142,"hockeystats.com/data/NHLe_Temporal.csv (NHLe page; Bacon/TopDownHockey, era-varying network NHLe)",2026-05-24
echl,2022-2023,2022,0.1661220833738041,"hockeystats.com/data/NHLe_Temporal.csv (NHLe page; Bacon/TopDownHockey, era-varying network NHLe)",2026-05-24
echl,2023-2024,2023,0.1719255747630214,"hockeystats.com/data/NHLe_Temporal.csv (NHLe page; Bacon/TopDownHockey, era-varying network NHLe)",2026-05-24
echl,2024-2025,2024,0.1622609800669954,"hockeystats.com/data/NHLe_Temporal.csv (NHLe page; Bacon/TopDownHockey, era-varying network NHLe)",2026-05-24
echl,2025-2026,2025,0.1634098714051795,"hockeystats.com/data/NHLe_Temporal.csv (NHLe page; Bacon/TopDownHockey, era-varying network NHLe)",2026-05-24
ejhl,2006-2007,2006,0.0626809882740979,"hockeystats.com/data/NHLe_Temporal.csv (NHLe page; Bacon/TopDownHockey, era-varying network NHLe)",2026-05-24
ejhl,2007-2008,2007,0.0648361823527394,"hockeystats.com/data/NHLe_Temporal.csv (NHLe page; Bacon/TopDownHockey, era-varying network NHLe)",2026-05-24
ejhl,2008-2009,2008,0.064962794020714,"hockeystats.com/data/NHLe_Temporal.csv (NHLe page; Bacon/TopDownHockey, era-varying network NHLe)",2026-05-24
ejhl,2009-2010,2009,0.0687834253587886,"hockeystats.com/data/NHLe_Temporal.csv (NHLe page; Bacon/TopDownHockey, era-varying network NHLe)",2026-05-24
ejhl,2010-2011,2010,0.065640512459068,"hockeystats.com/data/NHLe_Temporal.csv (NHLe page; Bacon/TopDownHockey, era-varying network NHLe)",2026-05-24
ejhl,2011-2012,2011,0.0745781897739023,"hockeystats.com/data/NHLe_Temporal.csv (NHLe page; Bacon/TopDownHockey, era-varying network NHLe)",2026-05-24
ejhl,2013-2014,2013,0.0694897864778155,"hockeystats.com/data/NHLe_Temporal.csv (NHLe page; Bacon/TopDownHockey, era-varying network NHLe)",2026-05-24
ejhl,2014-2015,2014,0.0609444411842309,"hockeystats.com/data/NHLe_Temporal.csv (NHLe page; Bacon/TopDownHockey, era-varying network NHLe)",2026-05-24
emjhl,2006-2007,2006,0.0263423189355592,"hockeystats.com/data/NHLe_Temporal.csv (NHLe page; Bacon/TopDownHockey, era-varying network NHLe)",2026-05-24
emjhl,2007-2008,2007,0.024565488108396,"hockeystats.com/data/NHLe_Temporal.csv (NHLe page; Bacon/TopDownHockey, era-varying network NHLe)",2026-05-24
emjhl,2008-2009,2008,0.0275798192719955,"hockeystats.com/data/NHLe_Temporal.csv (NHLe page; Bacon/TopDownHockey, era-varying network NHLe)",2026-05-24
emjhl,2009-2010,2009,0.0248382139864512,"hockeystats.com/data/NHLe_Temporal.csv (NHLe page; Bacon/TopDownHockey, era-varying network NHLe)",2026-05-24
emjhl,2010-2011,2010,0.0254982411661805,"hockeystats.com/data/NHLe_Temporal.csv (NHLe page; Bacon/TopDownHockey, era-varying network NHLe)",2026-05-24
emjhl,2011-2012,2011,0.0265833832280761,"hockeystats.com/data/NHLe_Temporal.csv (NHLe page; Bacon/TopDownHockey, era-varying network NHLe)",2026-05-24
emjhl,2013-2014,2013,0.0241226235740206,"hockeystats.com/data/NHLe_Temporal.csv (NHLe page; Bacon/TopDownHockey, era-varying network NHLe)",2026-05-24
emjhl,2014-2015,2014,0.0187932255005169,"hockeystats.com/data/NHLe_Temporal.csv (NHLe page; Bacon/TopDownHockey, era-varying network NHLe)",2026-05-24
eojhl,2006-2007,2006,0.0338785317133924,"hockeystats.com/data/NHLe_Temporal.csv (NHLe page; Bacon/TopDownHockey, era-varying network NHLe)",2026-05-24
eojhl,2007-2008,2007,0.0298159558890908,"hockeystats.com/data/NHLe_Temporal.csv (NHLe page; Bacon/TopDownHockey, era-varying network NHLe)",2026-05-24
eojhl,2008-2009,2008,0.0243796682394402,"hockeystats.com/data/NHLe_Temporal.csv (NHLe page; Bacon/TopDownHockey, era-varying network NHLe)",2026-05-24
eojhl,2009-2010,2009,0.0270021686506675,"hockeystats.com/data/NHLe_Temporal.csv (NHLe page; Bacon/TopDownHockey, era-varying network NHLe)",2026-05-24
eojhl,2010-2011,2010,0.0255947411720232,"hockeystats.com/data/NHLe_Temporal.csv (NHLe page; Bacon/TopDownHockey, era-varying network NHLe)",2026-05-24
eojhl,2011-2012,2011,0.0279094977541491,"hockeystats.com/data/NHLe_Temporal.csv (NHLe page; Bacon/TopDownHockey, era-varying network NHLe)",2026-05-24
eojhl,2013-2014,2013,0.0286135275085415,"hockeystats.com/data/NHLe_Temporal.csv (NHLe page; Bacon/TopDownHockey, era-varying network NHLe)",2026-05-24
eojhl,2014-2015,2014,0.0215372364932721,"hockeystats.com/data/NHLe_Temporal.csv (NHLe page; Bacon/TopDownHockey, era-varying network NHLe)",2026-05-24
eojhl,2015-2016,2015,0.0276770308528056,"hockeystats.com/data/NHLe_Temporal.csv (NHLe page; Bacon/TopDownHockey, era-varying network NHLe)",2026-05-24
eojhl,2016-2017,2016,0.0298398438210042,"hockeystats.com/data/NHLe_Temporal.csv (NHLe page; Bacon/TopDownHockey, era-varying network NHLe)",2026-05-24
eojhl,2017-2018,2017,0.0295048559995702,"hockeystats.com/data/NHLe_Temporal.csv (NHLe page; Bacon/TopDownHockey, era-varying network NHLe)",2026-05-24
eojhl,2018-2019,2018,0.0301159071971082,"hockeystats.com/data/NHLe_Temporal.csv (NHLe page; Bacon/TopDownHockey, era-varying network NHLe)",2026-05-24
eojhl,2019-2020,2019,0.0330001663298825,"hockeystats.com/data/NHLe_Temporal.csv (NHLe page; Bacon/TopDownHockey, era-varying network NHLe)",2026-05-24
eojhl,2020-2021,2020,0.0240407531307654,"hockeystats.com/data/NHLe_Temporal.csv (NHLe page; Bacon/TopDownHockey, era-varying network NHLe)",2026-05-24
eojhl,2021-2022,2021,0.0225074254691286,"hockeystats.com/data/NHLe_Temporal.csv (NHLe page; Bacon/TopDownHockey, era-varying network NHLe)",2026-05-24
eojhl,2022-2023,2022,0.0227651222545399,"hockeystats.com/data/NHLe_Temporal.csv (NHLe page; Bacon/TopDownHockey, era-varying network NHLe)",2026-05-24
eojhl,2023-2024,2023,0.0184013699383885,"hockeystats.com/data/NHLe_Temporal.csv (NHLe page; Bacon/TopDownHockey, era-varying network NHLe)",2026-05-24
eojhl,2024-2025,2024,0.0227551506740756,"hockeystats.com/data/NHLe_Temporal.csv (NHLe page; Bacon/TopDownHockey, era-varying network NHLe)",2026-05-24
eojhl,2025-2026,2025,0.0262365859108773,"hockeystats.com/data/NHLe_Temporal.csv (NHLe page; Bacon/TopDownHockey, era-varying network NHLe)",2026-05-24
etahl-u18,2009-2010,2009,0.0326009706280034,"hockeystats.com/data/NHLe_Temporal.csv (NHLe page; Bacon/TopDownHockey, era-varying network NHLe)",2026-05-24
etahl-u18,2010-2011,2010,0.0257089359908053,"hockeystats.com/data/NHLe_Temporal.csv (NHLe page; Bacon/TopDownHockey, era-varying network NHLe)",2026-05-24
etahl-u18,2011-2012,2011,0.0291425402125045,"hockeystats.com/data/NHLe_Temporal.csv (NHLe page; Bacon/TopDownHockey, era-varying network NHLe)",2026-05-24
etahl-u18,2013-2014,2013,0.0115017047736147,"hockeystats.com/data/NHLe_Temporal.csv (NHLe page; Bacon/TopDownHockey, era-varying network NHLe)",2026-05-24
etahl-u18,2014-2015,2014,0.0113983700801778,"hockeystats.com/data/NHLe_Temporal.csv (NHLe page; Bacon/TopDownHockey, era-varying network NHLe)",2026-05-24
etahl-u18,2015-2016,2015,0.0125044616894136,"hockeystats.com/data/NHLe_Temporal.csv (NHLe page; Bacon/TopDownHockey, era-varying network NHLe)",2026-05-24
etahl-u18,2016-2017,2016,0.0187096692064652,"hockeystats.com/data/NHLe_Temporal.csv (NHLe page; Bacon/TopDownHockey, era-varying network NHLe)",2026-05-24
etahl-u18,2017-2018,2017,0.0213541637699902,"hockeystats.com/data/NHLe_Temporal.csv (NHLe page; Bacon/TopDownHockey, era-varying network NHLe)",2026-05-24
etahl-u18,2018-2019,2018,0.018104437863643,"hockeystats.com/data/NHLe_Temporal.csv (NHLe page; Bacon/TopDownHockey, era-varying network NHLe)",2026-05-24
etahl-u18,2019-2020,2019,0.0148277697448891,"hockeystats.com/data/NHLe_Temporal.csv (NHLe page; Bacon/TopDownHockey, era-varying network NHLe)",2026-05-24
etahl-u18,2020-2021,2020,0.0149249591558832,"hockeystats.com/data/NHLe_Temporal.csv (NHLe page; Bacon/TopDownHockey, era-varying network NHLe)",2026-05-24
etahl-u18,2021-2022,2021,0.013324269417198,"hockeystats.com/data/NHLe_Temporal.csv (NHLe page; Bacon/TopDownHockey, era-varying network NHLe)",2026-05-24
etahl-u18,2022-2023,2022,0.0141713935872692,"hockeystats.com/data/NHLe_Temporal.csv (NHLe page; Bacon/TopDownHockey, era-varying network NHLe)",2026-05-24
etahl-u18,2023-2024,2023,0.0128158917447502,"hockeystats.com/data/NHLe_Temporal.csv (NHLe page; Bacon/TopDownHockey, era-varying network NHLe)",2026-05-24
etahl-u18,2024-2025,2024,0.0123590009018743,"hockeystats.com/data/NHLe_Temporal.csv (NHLe page; Bacon/TopDownHockey, era-varying network NHLe)",2026-05-24
etahl-u18,2025-2026,2025,0.0169014886815024,"hockeystats.com/data/NHLe_Temporal.csv (NHLe page; Bacon/TopDownHockey, era-varying network NHLe)",2026-05-24
france-u18,2007-2008,2007,0.0094823927072807,"hockeystats.com/data/NHLe_Temporal.csv (NHLe page; Bacon/TopDownHockey, era-varying network NHLe)",2026-05-24
france-u18,2008-2009,2008,0.0073383898782218,"hockeystats.com/data/NHLe_Temporal.csv (NHLe page; Bacon/TopDownHockey, era-varying network NHLe)",2026-05-24
france-u18,2009-2010,2009,0.010492372521091,"hockeystats.com/data/NHLe_Temporal.csv (NHLe page; Bacon/TopDownHockey, era-varying network NHLe)",2026-05-24
france-u18,2010-2011,2010,0.0097123112578768,"hockeystats.com/data/NHLe_Temporal.csv (NHLe page; Bacon/TopDownHockey, era-varying network NHLe)",2026-05-24
france-u18,2011-2012,2011,0.0053323008144554,"hockeystats.com/data/NHLe_Temporal.csv (NHLe page; Bacon/TopDownHockey, era-varying network NHLe)",2026-05-24
france-u18,2013-2014,2013,0.0057693299716124,"hockeystats.com/data/NHLe_Temporal.csv (NHLe page; Bacon/TopDownHockey, era-varying network NHLe)",2026-05-24
france-u18,2014-2015,2014,0.0058908728810595,"hockeystats.com/data/NHLe_Temporal.csv (NHLe page; Bacon/TopDownHockey, era-varying network NHLe)",2026-05-24
france-u18,2015-2016,2015,0.006168735727227,"hockeystats.com/data/NHLe_Temporal.csv (NHLe page; Bacon/TopDownHockey, era-varying network NHLe)",2026-05-24
france-u18,2016-2017,2016,0.005026813080112,"hockeystats.com/data/NHLe_Temporal.csv (NHLe page; Bacon/TopDownHockey, era-varying network NHLe)",2026-05-24
france-u18,2017-2018,2017,0.0051015087569649,"hockeystats.com/data/NHLe_Temporal.csv (NHLe page; Bacon/TopDownHockey, era-varying network NHLe)",2026-05-24
france-u18,2018-2019,2018,0.0041026612345817,"hockeystats.com/data/NHLe_Temporal.csv (NHLe page; Bacon/TopDownHockey, era-varying network NHLe)",2026-05-24
france-u18,2019-2020,2019,0.0033320509303906,"hockeystats.com/data/NHLe_Temporal.csv (NHLe page; Bacon/TopDownHockey, era-varying network NHLe)",2026-05-24
france-u18,2025-2026,2025,0.0082496223486133,"hockeystats.com/data/NHLe_Temporal.csv (NHLe page; Bacon/TopDownHockey, era-varying network NHLe)",2026-05-24
france-u22,2007-2008,2007,0.0176699500377666,"hockeystats.com/data/NHLe_Temporal.csv (NHLe page; Bacon/TopDownHockey, era-varying network NHLe)",2026-05-24
france-u22,2008-2009,2008,0.0184556043405219,"hockeystats.com/data/NHLe_Temporal.csv (NHLe page; Bacon/TopDownHockey, era-varying network NHLe)",2026-05-24
france-u22,2009-2010,2009,0.0281181166907654,"hockeystats.com/data/NHLe_Temporal.csv (NHLe page; Bacon/TopDownHockey, era-varying network NHLe)",2026-05-24
france-u22,2010-2011,2010,0.028122305626261,"hockeystats.com/data/NHLe_Temporal.csv (NHLe page; Bacon/TopDownHockey, era-varying network NHLe)",2026-05-24
france-u22,2011-2012,2011,0.0191962283946446,"hockeystats.com/data/NHLe_Temporal.csv (NHLe page; Bacon/TopDownHockey, era-varying network NHLe)",2026-05-24
france-u22,2013-2014,2013,0.0059518214307524,"hockeystats.com/data/NHLe_Temporal.csv (NHLe page; Bacon/TopDownHockey, era-varying network NHLe)",2026-05-24
france-u22,2014-2015,2014,0.012892595768315,"hockeystats.com/data/NHLe_Temporal.csv (NHLe page; Bacon/TopDownHockey, era-varying network NHLe)",2026-05-24
france-u22,2015-2016,2015,0.0147475014404141,"hockeystats.com/data/NHLe_Temporal.csv (NHLe page; Bacon/TopDownHockey, era-varying network NHLe)",2026-05-24
france-u22,2016-2017,2016,0.0132926881883633,"hockeystats.com/data/NHLe_Temporal.csv (NHLe page; Bacon/TopDownHockey, era-varying network NHLe)",2026-05-24
france-u22,2017-2018,2017,0.0135235184451988,"hockeystats.com/data/NHLe_Temporal.csv (NHLe page; Bacon/TopDownHockey, era-varying network NHLe)",2026-05-24
france-u22,2018-2019,2018,0.0144512177203176,"hockeystats.com/data/NHLe_Temporal.csv (NHLe page; Bacon/TopDownHockey, era-varying network NHLe)",2026-05-24
france-u22,2019-2020,2019,0.0157031326452457,"hockeystats.com/data/NHLe_Temporal.csv (NHLe page; Bacon/TopDownHockey, era-varying network NHLe)",2026-05-24
gnu18l,2006-2007,2006,0.0099469081667111,"hockeystats.com/data/NHLe_Temporal.csv (NHLe page; Bacon/TopDownHockey, era-varying network NHLe)",2026-05-24
gnu18l,2007-2008,2007,0.0104468139428658,"hockeystats.com/data/NHLe_Temporal.csv (NHLe page; Bacon/TopDownHockey, era-varying network NHLe)",2026-05-24
gnu18l,2008-2009,2008,0.0118038493445323,"hockeystats.com/data/NHLe_Temporal.csv (NHLe page; Bacon/TopDownHockey, era-varying network NHLe)",2026-05-24
gnu18l,2009-2010,2009,0.0148188248000052,"hockeystats.com/data/NHLe_Temporal.csv (NHLe page; Bacon/TopDownHockey, era-varying network NHLe)",2026-05-24
gnu18l,2010-2011,2010,0.0161997221142887,"hockeystats.com/data/NHLe_Temporal.csv (NHLe page; Bacon/TopDownHockey, era-varying network NHLe)",2026-05-24
gnu18l,2011-2012,2011,0.0200052012334119,"hockeystats.com/data/NHLe_Temporal.csv (NHLe page; Bacon/TopDownHockey, era-varying network NHLe)",2026-05-24
gnu18l,2013-2014,2013,0.0199231887145404,"hockeystats.com/data/NHLe_Temporal.csv (NHLe page; Bacon/TopDownHockey, era-varying network NHLe)",2026-05-24
gnu18l,2014-2015,2014,0.0243555487807764,"hockeystats.com/data/NHLe_Temporal.csv (NHLe page; Bacon/TopDownHockey, era-varying network NHLe)",2026-05-24
gnu18l,2015-2016,2015,0.0331413885240834,"hockeystats.com/data/NHLe_Temporal.csv (NHLe page; Bacon/TopDownHockey, era-varying network NHLe)",2026-05-24
gnu18l,2016-2017,2016,0.025277509675199,"hockeystats.com/data/NHLe_Temporal.csv (NHLe page; Bacon/TopDownHockey, era-varying network NHLe)",2026-05-24
gnu18l,2017-2018,2017,0.0247522598999607,"hockeystats.com/data/NHLe_Temporal.csv (NHLe page; Bacon/TopDownHockey, era-varying network NHLe)",2026-05-24
gnu18l,2018-2019,2018,0.0242260435396756,"hockeystats.com/data/NHLe_Temporal.csv (NHLe page; Bacon/TopDownHockey, era-varying network NHLe)",2026-05-24
gnu18l,2019-2020,2019,0.01910433838839,"hockeystats.com/data/NHLe_Temporal.csv (NHLe page; Bacon/TopDownHockey, era-varying network NHLe)",2026-05-24
gnu18l,2020-2021,2020,0.0188547573166683,"hockeystats.com/data/NHLe_Temporal.csv (NHLe page; Bacon/TopDownHockey, era-varying network NHLe)",2026-05-24
gnu18l,2021-2022,2021,0.0179291954062549,"hockeystats.com/data/NHLe_Temporal.csv (NHLe page; Bacon/TopDownHockey, era-varying network NHLe)",2026-05-24
gnu18l,2022-2023,2022,0.0189749139547635,"hockeystats.com/data/NHLe_Temporal.csv (NHLe page; Bacon/TopDownHockey, era-varying network NHLe)",2026-05-24
gnu18l,2023-2024,2023,0.0239490915539505,"hockeystats.com/data/NHLe_Temporal.csv (NHLe page; Bacon/TopDownHockey, era-varying network NHLe)",2026-05-24
gnu18l,2024-2025,2024,0.0077064179179233,"hockeystats.com/data/NHLe_Temporal.csv (NHLe page; Bacon/TopDownHockey, era-varying network NHLe)",2026-05-24
gnu18l,2025-2026,2025,0.014466685138686,"hockeystats.com/data/NHLe_Temporal.csv (NHLe page; Bacon/TopDownHockey, era-varying network NHLe)",2026-05-24
gojhl,2008-2009,2008,0.0376768523895988,"hockeystats.com/data/NHLe_Temporal.csv (NHLe page; Bacon/TopDownHockey, era-varying network NHLe)",2026-05-24
gojhl,2009-2010,2009,0.0401376493508903,"hockeystats.com/data/NHLe_Temporal.csv (NHLe page; Bacon/TopDownHockey, era-varying network NHLe)",2026-05-24
gojhl,2010-2011,2010,0.0453099004391843,"hockeystats.com/data/NHLe_Temporal.csv (NHLe page; Bacon/TopDownHockey, era-varying network NHLe)",2026-05-24
gojhl,2011-2012,2011,0.0447317468464476,"hockeystats.com/data/NHLe_Temporal.csv (NHLe page; Bacon/TopDownHockey, era-varying network NHLe)",2026-05-24
gojhl,2013-2014,2013,0.0400419600902585,"hockeystats.com/data/NHLe_Temporal.csv (NHLe page; Bacon/TopDownHockey, era-varying network NHLe)",2026-05-24
gojhl,2014-2015,2014,0.0359278165670257,"hockeystats.com/data/NHLe_Temporal.csv (NHLe page; Bacon/TopDownHockey, era-varying network NHLe)",2026-05-24
gojhl,2015-2016,2015,0.0386723099736269,"hockeystats.com/data/NHLe_Temporal.csv (NHLe page; Bacon/TopDownHockey, era-varying network NHLe)",2026-05-24
gojhl,2016-2017,2016,0.0388016275692189,"hockeystats.com/data/NHLe_Temporal.csv (NHLe page; Bacon/TopDownHockey, era-varying network NHLe)",2026-05-24
gojhl,2017-2018,2017,0.0394917068954877,"hockeystats.com/data/NHLe_Temporal.csv (NHLe page; Bacon/TopDownHockey, era-varying network NHLe)",2026-05-24
gojhl,2018-2019,2018,0.0402327844005556,"hockeystats.com/data/NHLe_Temporal.csv (NHLe page; Bacon/TopDownHockey, era-varying network NHLe)",2026-05-24
gojhl,2019-2020,2019,0.0408612618705687,"hockeystats.com/data/NHLe_Temporal.csv (NHLe page; Bacon/TopDownHockey, era-varying network NHLe)",2026-05-24
gojhl,2020-2021,2020,0.0352154665418201,"hockeystats.com/data/NHLe_Temporal.csv (NHLe page; Bacon/TopDownHockey, era-varying network NHLe)",2026-05-24
gojhl,2021-2022,2021,0.0347190415294143,"hockeystats.com/data/NHLe_Temporal.csv (NHLe page; Bacon/TopDownHockey, era-varying network NHLe)",2026-05-24
gojhl,2022-2023,2022,0.0395979527662405,"hockeystats.com/data/NHLe_Temporal.csv (NHLe page; Bacon/TopDownHockey, era-varying network NHLe)",2026-05-24
gojhl,2023-2024,2023,0.0389758500027588,"hockeystats.com/data/NHLe_Temporal.csv (NHLe page; Bacon/TopDownHockey, era-varying network NHLe)",2026-05-24
gojhl,2024-2025,2024,0.0389218741304934,"hockeystats.com/data/NHLe_Temporal.csv (NHLe page; Bacon/TopDownHockey, era-varying network NHLe)",2026-05-24
gojhl,2025-2026,2025,0.0388574294181134,"hockeystats.com/data/NHLe_Temporal.csv (NHLe page; Bacon/TopDownHockey, era-varying network NHLe)",2026-05-24
gthl-u18,2008-2009,2008,0.0350087934635372,"hockeystats.com/data/NHLe_Temporal.csv (NHLe page; Bacon/TopDownHockey, era-varying network NHLe)",2026-05-24
gthl-u18,2009-2010,2009,0.0304174121736382,"hockeystats.com/data/NHLe_Temporal.csv (NHLe page; Bacon/TopDownHockey, era-varying network NHLe)",2026-05-24
gthl-u18,2010-2011,2010,0.0309118031598587,"hockeystats.com/data/NHLe_Temporal.csv (NHLe page; Bacon/TopDownHockey, era-varying network NHLe)",2026-05-24
gthl-u18,2011-2012,2011,0.0278837484078676,"hockeystats.com/data/NHLe_Temporal.csv (NHLe page; Bacon/TopDownHockey, era-varying network NHLe)",2026-05-24
gthl-u18,2013-2014,2013,0.0189932196802766,"hockeystats.com/data/NHLe_Temporal.csv (NHLe page; Bacon/TopDownHockey, era-varying network NHLe)",2026-05-24
gthl-u18,2014-2015,2014,0.0172933537727251,"hockeystats.com/data/NHLe_Temporal.csv (NHLe page; Bacon/TopDownHockey, era-varying network NHLe)",2026-05-24
gthl-u18,2015-2016,2015,0.0225753213829475,"hockeystats.com/data/NHLe_Temporal.csv (NHLe page; Bacon/TopDownHockey, era-varying network NHLe)",2026-05-24
gthl-u18,2016-2017,2016,0.0216720011773372,"hockeystats.com/data/NHLe_Temporal.csv (NHLe page; Bacon/TopDownHockey, era-varying network NHLe)",2026-05-24
gthl-u18,2017-2018,2017,0.0244605464667556,"hockeystats.com/data/NHLe_Temporal.csv (NHLe page; Bacon/TopDownHockey, era-varying network NHLe)",2026-05-24
gthl-u18,2018-2019,2018,0.0259048112016912,"hockeystats.com/data/NHLe_Temporal.csv (NHLe page; Bacon/TopDownHockey, era-varying network NHLe)",2026-05-24
gthl-u18,2019-2020,2019,0.0237645239861139,"hockeystats.com/data/NHLe_Temporal.csv (NHLe page; Bacon/TopDownHockey, era-varying network NHLe)",2026-05-24
gthl-u18,2020-2021,2020,0.0247017811980858,"hockeystats.com/data/NHLe_Temporal.csv (NHLe page; Bacon/TopDownHockey, era-varying network NHLe)",2026-05-24
gthl-u18,2021-2022,2021,0.0233497139634447,"hockeystats.com/data/NHLe_Temporal.csv (NHLe page; Bacon/TopDownHockey, era-varying network NHLe)",2026-05-24
gthl-u18,2022-2023,2022,0.0209618417919834,"hockeystats.com/data/NHLe_Temporal.csv (NHLe page; Bacon/TopDownHockey, era-varying network NHLe)",2026-05-24
gthl-u18,2023-2024,2023,0.0171467726057196,"hockeystats.com/data/NHLe_Temporal.csv (NHLe page; Bacon/TopDownHockey, era-varying network NHLe)",2026-05-24
gthl-u18,2024-2025,2024,0.0160660796510126,"hockeystats.com/data/NHLe_Temporal.csv (NHLe page; Bacon/TopDownHockey, era-varying network NHLe)",2026-05-24
gthl-u18,2025-2026,2025,0.0163381808568928,"hockeystats.com/data/NHLe_Temporal.csv (NHLe page; Bacon/TopDownHockey, era-varying network NHLe)",2026-05-24
heo-u18,2015-2016,2015,0.0223424677456901,"hockeystats.com/data/NHLe_Temporal.csv (NHLe page; Bacon/TopDownHockey, era-varying network NHLe)",2026-05-24
heo-u18,2016-2017,2016,0.0222720060468645,"hockeystats.com/data/NHLe_Temporal.csv (NHLe page; Bacon/TopDownHockey, era-varying network NHLe)",2026-05-24
heo-u18,2017-2018,2017,0.02297397551389,"hockeystats.com/data/NHLe_Temporal.csv (NHLe page; Bacon/TopDownHockey, era-varying network NHLe)",2026-05-24
heo-u18,2018-2019,2018,0.0209686886194878,"hockeystats.com/data/NHLe_Temporal.csv (NHLe page; Bacon/TopDownHockey, era-varying network NHLe)",2026-05-24
heo-u18,2019-2020,2019,0.0196889880443739,"hockeystats.com/data/NHLe_Temporal.csv (NHLe page; Bacon/TopDownHockey, era-varying network NHLe)",2026-05-24
heo-u18,2020-2021,2020,0.017991240427176,"hockeystats.com/data/NHLe_Temporal.csv (NHLe page; Bacon/TopDownHockey, era-varying network NHLe)",2026-05-24
heo-u18,2021-2022,2021,0.0159430977148062,"hockeystats.com/data/NHLe_Temporal.csv (NHLe page; Bacon/TopDownHockey, era-varying network NHLe)",2026-05-24
heo-u18,2022-2023,2022,0.0160382802840421,"hockeystats.com/data/NHLe_Temporal.csv (NHLe page; Bacon/TopDownHockey, era-varying network NHLe)",2026-05-24
heo-u18,2023-2024,2023,0.0140540368499646,"hockeystats.com/data/NHLe_Temporal.csv (NHLe page; Bacon/TopDownHockey, era-varying network NHLe)",2026-05-24
heo-u18,2024-2025,2024,0.0132684632824858,"hockeystats.com/data/NHLe_Temporal.csv (NHLe page; Bacon/TopDownHockey, era-varying network NHLe)",2026-05-24
heo-u18,2025-2026,2025,0.014580822615969,"hockeystats.com/data/NHLe_Temporal.csv (NHLe page; Bacon/TopDownHockey, era-varying network NHLe)",2026-05-24
hockeyallsvenskan,2006-2007,2006,0.1922270617504397,"hockeystats.com/data/NHLe_Temporal.csv (NHLe page; Bacon/TopDownHockey, era-varying network NHLe)",2026-05-24
hockeyallsvenskan,2007-2008,2007,0.2134813997908927,"hockeystats.com/data/NHLe_Temporal.csv (NHLe page; Bacon/TopDownHockey, era-varying network NHLe)",2026-05-24
hockeyallsvenskan,2008-2009,2008,0.2177211690567282,"hockeystats.com/data/NHLe_Temporal.csv (NHLe page; Bacon/TopDownHockey, era-varying network NHLe)",2026-05-24
hockeyallsvenskan,2009-2010,2009,0.2354151666725271,"hockeystats.com/data/NHLe_Temporal.csv (NHLe page; Bacon/TopDownHockey, era-varying network NHLe)",2026-05-24
hockeyallsvenskan,2010-2011,2010,0.2532717915221997,"hockeystats.com/data/NHLe_Temporal.csv (NHLe page; Bacon/TopDownHockey, era-varying network NHLe)",2026-05-24
hockeyallsvenskan,2011-2012,2011,0.2804261370179726,"hockeystats.com/data/NHLe_Temporal.csv (NHLe page; Bacon/TopDownHockey, era-varying network NHLe)",2026-05-24
hockeyallsvenskan,2013-2014,2013,0.2829649305987543,"hockeystats.com/data/NHLe_Temporal.csv (NHLe page; Bacon/TopDownHockey, era-varying network NHLe)",2026-05-24
hockeyallsvenskan,2014-2015,2014,0.2778083594942629,"hockeystats.com/data/NHLe_Temporal.csv (NHLe page; Bacon/TopDownHockey, era-varying network NHLe)",2026-05-24
hockeyallsvenskan,2015-2016,2015,0.2373277403184306,"hockeystats.com/data/NHLe_Temporal.csv (NHLe page; Bacon/TopDownHockey, era-varying network NHLe)",2026-05-24
hockeyallsvenskan,2016-2017,2016,0.2556803948476002,"hockeystats.com/data/NHLe_Temporal.csv (NHLe page; Bacon/TopDownHockey, era-varying network NHLe)",2026-05-24
hockeyallsvenskan,2017-2018,2017,0.2477461319038928,"hockeystats.com/data/NHLe_Temporal.csv (NHLe page; Bacon/TopDownHockey, era-varying network NHLe)",2026-05-24
hockeyallsvenskan,2018-2019,2018,0.2312774077581696,"hockeystats.com/data/NHLe_Temporal.csv (NHLe page; Bacon/TopDownHockey, era-varying network NHLe)",2026-05-24
hockeyallsvenskan,2019-2020,2019,0.2236611020806093,"hockeystats.com/data/NHLe_Temporal.csv (NHLe page; Bacon/TopDownHockey, era-varying network NHLe)",2026-05-24
hockeyallsvenskan,2020-2021,2020,0.2225155200269148,"hockeystats.com/data/NHLe_Temporal.csv (NHLe page; Bacon/TopDownHockey, era-varying network NHLe)",2026-05-24
hockeyallsvenskan,2021-2022,2021,0.2155668267003579,"hockeystats.com/data/NHLe_Temporal.csv (NHLe page; Bacon/TopDownHockey, era-varying network NHLe)",2026-05-24
hockeyallsvenskan,2022-2023,2022,0.2011016232907165,"hockeystats.com/data/NHLe_Temporal.csv (NHLe page; Bacon/TopDownHockey, era-varying network NHLe)",2026-05-24
hockeyallsvenskan,2023-2024,2023,0.2139241801941489,"hockeystats.com/data/NHLe_Temporal.csv (NHLe page; Bacon/TopDownHockey, era-varying network NHLe)",2026-05-24
hockeyallsvenskan,2024-2025,2024,0.1968473995403808,"hockeystats.com/data/NHLe_Temporal.csv (NHLe page; Bacon/TopDownHockey, era-varying network NHLe)",2026-05-24
hockeyallsvenskan,2025-2026,2025,0.219733392454771,"hockeystats.com/data/NHLe_Temporal.csv (NHLe page; Bacon/TopDownHockey, era-varying network NHLe)",2026-05-24
hockeyettan,2006-2007,2006,0.0593244421922863,"hockeystats.com/data/NHLe_Temporal.csv (NHLe page; Bacon/TopDownHockey, era-varying network NHLe)",2026-05-24
hockeyettan,2007-2008,2007,0.0642493188259917,"hockeystats.com/data/NHLe_Temporal.csv (NHLe page; Bacon/TopDownHockey, era-varying network NHLe)",2026-05-24
hockeyettan,2008-2009,2008,0.0795876742518163,"hockeystats.com/data/NHLe_Temporal.csv (NHLe page; Bacon/TopDownHockey, era-varying network NHLe)",2026-05-24
hockeyettan,2009-2010,2009,0.0863307350143247,"hockeystats.com/data/NHLe_Temporal.csv (NHLe page; Bacon/TopDownHockey, era-varying network NHLe)",2026-05-24
hockeyettan,2010-2011,2010,0.0915103664718093,"hockeystats.com/data/NHLe_Temporal.csv (NHLe page; Bacon/TopDownHockey, era-varying network NHLe)",2026-05-24
hockeyettan,2011-2012,2011,0.0927279557813252,"hockeystats.com/data/NHLe_Temporal.csv (NHLe page; Bacon/TopDownHockey, era-varying network NHLe)",2026-05-24
hockeyettan,2013-2014,2013,0.0834136417390749,"hockeystats.com/data/NHLe_Temporal.csv (NHLe page; Bacon/TopDownHockey, era-varying network NHLe)",2026-05-24
hockeyettan,2014-2015,2014,0.0822021901305968,"hockeystats.com/data/NHLe_Temporal.csv (NHLe page; Bacon/TopDownHockey, era-varying network NHLe)",2026-05-24
hockeyettan,2015-2016,2015,0.0924328932000054,"hockeystats.com/data/NHLe_Temporal.csv (NHLe page; Bacon/TopDownHockey, era-varying network NHLe)",2026-05-24
hockeyettan,2016-2017,2016,0.1005699322170361,"hockeystats.com/data/NHLe_Temporal.csv (NHLe page; Bacon/TopDownHockey, era-varying network NHLe)",2026-05-24
hockeyettan,2017-2018,2017,0.1128357268424131,"hockeystats.com/data/NHLe_Temporal.csv (NHLe page; Bacon/TopDownHockey, era-varying network NHLe)",2026-05-24
hockeyettan,2018-2019,2018,0.1085008835611055,"hockeystats.com/data/NHLe_Temporal.csv (NHLe page; Bacon/TopDownHockey, era-varying network NHLe)",2026-05-24
hockeyettan,2019-2020,2019,0.1006518300571562,"hockeystats.com/data/NHLe_Temporal.csv (NHLe page; Bacon/TopDownHockey, era-varying network NHLe)",2026-05-24
hockeyettan,2020-2021,2020,0.0904028535678076,"hockeystats.com/data/NHLe_Temporal.csv (NHLe page; Bacon/TopDownHockey, era-varying network NHLe)",2026-05-24
hockeyettan,2021-2022,2021,0.0897813574695997,"hockeystats.com/data/NHLe_Temporal.csv (NHLe page; Bacon/TopDownHockey, era-varying network NHLe)",2026-05-24
hockeyettan,2022-2023,2022,0.0931935722910745,"hockeystats.com/data/NHLe_Temporal.csv (NHLe page; Bacon/TopDownHockey, era-varying network NHLe)",2026-05-24
hockeyettan,2023-2024,2023,0.0965282848057754,"hockeystats.com/data/NHLe_Temporal.csv (NHLe page; Bacon/TopDownHockey, era-varying network NHLe)",2026-05-24
hockeyettan,2024-2025,2024,0.0944756530786115,"hockeystats.com/data/NHLe_Temporal.csv (NHLe page; Bacon/TopDownHockey, era-varying network NHLe)",2026-05-24
hockeyettan,2025-2026,2025,0.106718729363616,"hockeystats.com/data/NHLe_Temporal.csv (NHLe page; Bacon/TopDownHockey, era-varying network NHLe)",2026-05-24
hphl-16u,2011-2012,2011,0.0576305980588353,"hockeystats.com/data/NHLe_Temporal.csv (NHLe page; Bacon/TopDownHockey, era-varying network NHLe)",2026-05-24
hphl-16u,2013-2014,2013,0.064248492110429,"hockeystats.com/data/NHLe_Temporal.csv (NHLe page; Bacon/TopDownHockey, era-varying network NHLe)",2026-05-24
hphl-16u,2014-2015,2014,0.0320938634658408,"hockeystats.com/data/NHLe_Temporal.csv (NHLe page; Bacon/TopDownHockey, era-varying network NHLe)",2026-05-24
hphl-16u,2015-2016,2015,0.0340930009008087,"hockeystats.com/data/NHLe_Temporal.csv (NHLe page; Bacon/TopDownHockey, era-varying network NHLe)",2026-05-24
hphl-16u,2016-2017,2016,0.0362419507102016,"hockeystats.com/data/NHLe_Temporal.csv (NHLe page; Bacon/TopDownHockey, era-varying network NHLe)",2026-05-24
hphl-16u,2017-2018,2017,0.0395466972278934,"hockeystats.com/data/NHLe_Temporal.csv (NHLe page; Bacon/TopDownHockey, era-varying network NHLe)",2026-05-24
hphl-16u,2018-2019,2018,0.0380289888751866,"hockeystats.com/data/NHLe_Temporal.csv (NHLe page; Bacon/TopDownHockey, era-varying network NHLe)",2026-05-24
hphl-16u,2019-2020,2019,0.0387801045059026,"hockeystats.com/data/NHLe_Temporal.csv (NHLe page; Bacon/TopDownHockey, era-varying network NHLe)",2026-05-24
hphl-16u,2020-2021,2020,0.0403116057676806,"hockeystats.com/data/NHLe_Temporal.csv (NHLe page; Bacon/TopDownHockey, era-varying network NHLe)",2026-05-24
hphl-16u,2021-2022,2021,0.0393927890423964,"hockeystats.com/data/NHLe_Temporal.csv (NHLe page; Bacon/TopDownHockey, era-varying network NHLe)",2026-05-24
hphl-16u,2022-2023,2022,0.0436427147644219,"hockeystats.com/data/NHLe_Temporal.csv (NHLe page; Bacon/TopDownHockey, era-varying network NHLe)",2026-05-24
hphl-16u,2023-2024,2023,0.0337944863727349,"hockeystats.com/data/NHLe_Temporal.csv (NHLe page; Bacon/TopDownHockey, era-varying network NHLe)",2026-05-24
hphl-16u,2024-2025,2024,0.0331866553766293,"hockeystats.com/data/NHLe_Temporal.csv (NHLe page; Bacon/TopDownHockey, era-varying network NHLe)",2026-05-24
hphl-16u,2025-2026,2025,0.0330554709584428,"hockeystats.com/data/NHLe_Temporal.csv (NHLe page; Bacon/TopDownHockey, era-varying network NHLe)",2026-05-24
hphl-18u,2011-2012,2011,0.0816152642840564,"hockeystats.com/data/NHLe_Temporal.csv (NHLe page; Bacon/TopDownHockey, era-varying network NHLe)",2026-05-24
hphl-18u,2013-2014,2013,0.0881606079954823,"hockeystats.com/data/NHLe_Temporal.csv (NHLe page; Bacon/TopDownHockey, era-varying network NHLe)",2026-05-24
hphl-18u,2014-2015,2014,0.0363463972156804,"hockeystats.com/data/NHLe_Temporal.csv (NHLe page; Bacon/TopDownHockey, era-varying network NHLe)",2026-05-24
hphl-18u,2015-2016,2015,0.0389145293068323,"hockeystats.com/data/NHLe_Temporal.csv (NHLe page; Bacon/TopDownHockey, era-varying network NHLe)",2026-05-24
hphl-18u,2016-2017,2016,0.0389064128534409,"hockeystats.com/data/NHLe_Temporal.csv (NHLe page; Bacon/TopDownHockey, era-varying network NHLe)",2026-05-24
hphl-18u,2017-2018,2017,0.0425302418855664,"hockeystats.com/data/NHLe_Temporal.csv (NHLe page; Bacon/TopDownHockey, era-varying network NHLe)",2026-05-24
hphl-18u,2018-2019,2018,0.0467113946212887,"hockeystats.com/data/NHLe_Temporal.csv (NHLe page; Bacon/TopDownHockey, era-varying network NHLe)",2026-05-24
hphl-18u,2019-2020,2019,0.0461646194715246,"hockeystats.com/data/NHLe_Temporal.csv (NHLe page; Bacon/TopDownHockey, era-varying network NHLe)",2026-05-24
hphl-18u,2020-2021,2020,0.0390882340264425,"hockeystats.com/data/NHLe_Temporal.csv (NHLe page; Bacon/TopDownHockey, era-varying network NHLe)",2026-05-24
hphl-18u,2021-2022,2021,0.0387586390630732,"hockeystats.com/data/NHLe_Temporal.csv (NHLe page; Bacon/TopDownHockey, era-varying network NHLe)",2026-05-24
hphl-18u,2022-2023,2022,0.035694942822862,"hockeystats.com/data/NHLe_Temporal.csv (NHLe page; Bacon/TopDownHockey, era-varying network NHLe)",2026-05-24
hphl-18u,2023-2024,2023,0.0329566778107389,"hockeystats.com/data/NHLe_Temporal.csv (NHLe page; Bacon/TopDownHockey, era-varying network NHLe)",2026-05-24
hphl-18u,2024-2025,2024,0.0342508524894331,"hockeystats.com/data/NHLe_Temporal.csv (NHLe page; Bacon/TopDownHockey, era-varying network NHLe)",2026-05-24
hphl-18u,2025-2026,2025,0.0322372629905935,"hockeystats.com/data/NHLe_Temporal.csv (NHLe page; Bacon/TopDownHockey, era-varying network NHLe)",2026-05-24
icehl,2006-2007,2006,0.158058058136346,"hockeystats.com/data/NHLe_Temporal.csv (NHLe page; Bacon/TopDownHockey, era-varying network NHLe)",2026-05-24
icehl,2007-2008,2007,0.1895335287825439,"hockeystats.com/data/NHLe_Temporal.csv (NHLe page; Bacon/TopDownHockey, era-varying network NHLe)",2026-05-24
icehl,2008-2009,2008,0.2082655460376899,"hockeystats.com/data/NHLe_Temporal.csv (NHLe page; Bacon/TopDownHockey, era-varying network NHLe)",2026-05-24
icehl,2009-2010,2009,0.2112386844672674,"hockeystats.com/data/NHLe_Temporal.csv (NHLe page; Bacon/TopDownHockey, era-varying network NHLe)",2026-05-24
icehl,2010-2011,2010,0.2253367227559273,"hockeystats.com/data/NHLe_Temporal.csv (NHLe page; Bacon/TopDownHockey, era-varying network NHLe)",2026-05-24
icehl,2011-2012,2011,0.219969038710266,"hockeystats.com/data/NHLe_Temporal.csv (NHLe page; Bacon/TopDownHockey, era-varying network NHLe)",2026-05-24
icehl,2013-2014,2013,0.2212577979552493,"hockeystats.com/data/NHLe_Temporal.csv (NHLe page; Bacon/TopDownHockey, era-varying network NHLe)",2026-05-24
icehl,2014-2015,2014,0.2324492988747428,"hockeystats.com/data/NHLe_Temporal.csv (NHLe page; Bacon/TopDownHockey, era-varying network NHLe)",2026-05-24
icehl,2015-2016,2015,0.2100911797762279,"hockeystats.com/data/NHLe_Temporal.csv (NHLe page; Bacon/TopDownHockey, era-varying network NHLe)",2026-05-24
icehl,2016-2017,2016,0.2189877934790539,"hockeystats.com/data/NHLe_Temporal.csv (NHLe page; Bacon/TopDownHockey, era-varying network NHLe)",2026-05-24
icehl,2017-2018,2017,0.2232742139147348,"hockeystats.com/data/NHLe_Temporal.csv (NHLe page; Bacon/TopDownHockey, era-varying network NHLe)",2026-05-24
icehl,2018-2019,2018,0.2155274934723181,"hockeystats.com/data/NHLe_Temporal.csv (NHLe page; Bacon/TopDownHockey, era-varying network NHLe)",2026-05-24
icehl,2019-2020,2019,0.1859873960597043,"hockeystats.com/data/NHLe_Temporal.csv (NHLe page; Bacon/TopDownHockey, era-varying network NHLe)",2026-05-24
icehl,2020-2021,2020,0.1890644138396943,"hockeystats.com/data/NHLe_Temporal.csv (NHLe page; Bacon/TopDownHockey, era-varying network NHLe)",2026-05-24
icehl,2021-2022,2021,0.1844254539654593,"hockeystats.com/data/NHLe_Temporal.csv (NHLe page; Bacon/TopDownHockey, era-varying network NHLe)",2026-05-24
icehl,2022-2023,2022,0.1935520406288355,"hockeystats.com/data/NHLe_Temporal.csv (NHLe page; Bacon/TopDownHockey, era-varying network NHLe)",2026-05-24
icehl,2023-2024,2023,0.1879897350066183,"hockeystats.com/data/NHLe_Temporal.csv (NHLe page; Bacon/TopDownHockey, era-varying network NHLe)",2026-05-24
icehl,2024-2025,2024,0.1769588470007876,"hockeystats.com/data/NHLe_Temporal.csv (NHLe page; Bacon/TopDownHockey, era-varying network NHLe)",2026-05-24
icehl,2025-2026,2025,0.174150047418156,"hockeystats.com/data/NHLe_Temporal.csv (NHLe page; Bacon/TopDownHockey, era-varying network NHLe)",2026-05-24
jpl-pro,2024-2025,2024,0.0222792346545423,"hockeystats.com/data/NHLe_Temporal.csv (NHLe page; Bacon/TopDownHockey, era-varying network NHLe)",2026-05-24
jugend-bl,2006-2007,2006,0.0021721274136179,"hockeystats.com/data/NHLe_Temporal.csv (NHLe page; Bacon/TopDownHockey, era-varying network NHLe)",2026-05-24
jugend-bl,2007-2008,2007,0.0014036256421308,"hockeystats.com/data/NHLe_Temporal.csv (NHLe page; Bacon/TopDownHockey, era-varying network NHLe)",2026-05-24
jugend-bl,2008-2009,2008,0.0025975990480143,"hockeystats.com/data/NHLe_Temporal.csv (NHLe page; Bacon/TopDownHockey, era-varying network NHLe)",2026-05-24
jugend-bl,2009-2010,2009,0.0032024133745248,"hockeystats.com/data/NHLe_Temporal.csv (NHLe page; Bacon/TopDownHockey, era-varying network NHLe)",2026-05-24
jugend-bl,2010-2011,2010,0.003037355811129,"hockeystats.com/data/NHLe_Temporal.csv (NHLe page; Bacon/TopDownHockey, era-varying network NHLe)",2026-05-24
jugend-bl,2011-2012,2011,0.0037553498222488,"hockeystats.com/data/NHLe_Temporal.csv (NHLe page; Bacon/TopDownHockey, era-varying network NHLe)",2026-05-24
jugend-bl,2013-2014,2013,0.0025813221742647,"hockeystats.com/data/NHLe_Temporal.csv (NHLe page; Bacon/TopDownHockey, era-varying network NHLe)",2026-05-24
jugend-bl,2014-2015,2014,0.0049634146359945,"hockeystats.com/data/NHLe_Temporal.csv (NHLe page; Bacon/TopDownHockey, era-varying network NHLe)",2026-05-24
jugend-bl,2015-2016,2015,0.0021384443846577,"hockeystats.com/data/NHLe_Temporal.csv (NHLe page; Bacon/TopDownHockey, era-varying network NHLe)",2026-05-24
jugend-bl,2016-2017,2016,0.0016631739756143,"hockeystats.com/data/NHLe_Temporal.csv (NHLe page; Bacon/TopDownHockey, era-varying network NHLe)",2026-05-24
jugend-bl,2017-2018,2017,0.0018151372799204,"hockeystats.com/data/NHLe_Temporal.csv (NHLe page; Bacon/TopDownHockey, era-varying network NHLe)",2026-05-24
khl,2006-2007,2006,0.6959703343509139,"hockeystats.com/data/NHLe_Temporal.csv (NHLe page; Bacon/TopDownHockey, era-varying network NHLe)",2026-05-24
khl,2007-2008,2007,0.6382729446494283,"hockeystats.com/data/NHLe_Temporal.csv (NHLe page; Bacon/TopDownHockey, era-varying network NHLe)",2026-05-24
khl,2008-2009,2008,0.620498484228199,"hockeystats.com/data/NHLe_Temporal.csv (NHLe page; Bacon/TopDownHockey, era-varying network NHLe)",2026-05-24
khl,2009-2010,2009,0.6419181675540153,"hockeystats.com/data/NHLe_Temporal.csv (NHLe page; Bacon/TopDownHockey, era-varying network NHLe)",2026-05-24
khl,2010-2011,2010,0.6314747737970345,"hockeystats.com/data/NHLe_Temporal.csv (NHLe page; Bacon/TopDownHockey, era-varying network NHLe)",2026-05-24
khl,2011-2012,2011,0.6196982263634155,"hockeystats.com/data/NHLe_Temporal.csv (NHLe page; Bacon/TopDownHockey, era-varying network NHLe)",2026-05-24
khl,2013-2014,2013,0.6081194458610586,"hockeystats.com/data/NHLe_Temporal.csv (NHLe page; Bacon/TopDownHockey, era-varying network NHLe)",2026-05-24
khl,2014-2015,2014,0.5448234995803158,"hockeystats.com/data/NHLe_Temporal.csv (NHLe page; Bacon/TopDownHockey, era-varying network NHLe)",2026-05-24
khl,2015-2016,2015,0.5134458109551242,"hockeystats.com/data/NHLe_Temporal.csv (NHLe page; Bacon/TopDownHockey, era-varying network NHLe)",2026-05-24
khl,2016-2017,2016,0.5124543575606644,"hockeystats.com/data/NHLe_Temporal.csv (NHLe page; Bacon/TopDownHockey, era-varying network NHLe)",2026-05-24
khl,2017-2018,2017,0.5131157447310615,"hockeystats.com/data/NHLe_Temporal.csv (NHLe page; Bacon/TopDownHockey, era-varying network NHLe)",2026-05-24
khl,2018-2019,2018,0.5055758398539142,"hockeystats.com/data/NHLe_Temporal.csv (NHLe page; Bacon/TopDownHockey, era-varying network NHLe)",2026-05-24
khl,2019-2020,2019,0.4961554103426355,"hockeystats.com/data/NHLe_Temporal.csv (NHLe page; Bacon/TopDownHockey, era-varying network NHLe)",2026-05-24
khl,2020-2021,2020,0.4997616342499667,"hockeystats.com/data/NHLe_Temporal.csv (NHLe page; Bacon/TopDownHockey, era-varying network NHLe)",2026-05-24
khl,2021-2022,2021,0.4669946685731549,"hockeystats.com/data/NHLe_Temporal.csv (NHLe page; Bacon/TopDownHockey, era-varying network NHLe)",2026-05-24
khl,2022-2023,2022,0.4406452341198026,"hockeystats.com/data/NHLe_Temporal.csv (NHLe page; Bacon/TopDownHockey, era-varying network NHLe)",2026-05-24
khl,2023-2024,2023,0.4566266462028576,"hockeystats.com/data/NHLe_Temporal.csv (NHLe page; Bacon/TopDownHockey, era-varying network NHLe)",2026-05-24
khl,2024-2025,2024,0.4238446988570539,"hockeystats.com/data/NHLe_Temporal.csv (NHLe page; Bacon/TopDownHockey, era-varying network NHLe)",2026-05-24
khl,2025-2026,2025,0.4161313725896076,"hockeystats.com/data/NHLe_Temporal.csv (NHLe page; Bacon/TopDownHockey, era-varying network NHLe)",2026-05-24
latvia,2006-2007,2006,0.1640037505042921,"hockeystats.com/data/NHLe_Temporal.csv (NHLe page; Bacon/TopDownHockey, era-varying network NHLe)",2026-05-24
latvia,2007-2008,2007,0.1359215018444382,"hockeystats.com/data/NHLe_Temporal.csv (NHLe page; Bacon/TopDownHockey, era-varying network NHLe)",2026-05-24
latvia,2008-2009,2008,0.1354845086875984,"hockeystats.com/data/NHLe_Temporal.csv (NHLe page; Bacon/TopDownHockey, era-varying network NHLe)",2026-05-24
latvia,2009-2010,2009,0.1132915560081868,"hockeystats.com/data/NHLe_Temporal.csv (NHLe page; Bacon/TopDownHockey, era-varying network NHLe)",2026-05-24
latvia,2010-2011,2010,0.0990926338213894,"hockeystats.com/data/NHLe_Temporal.csv (NHLe page; Bacon/TopDownHockey, era-varying network NHLe)",2026-05-24
latvia,2011-2012,2011,0.0733589940114585,"hockeystats.com/data/NHLe_Temporal.csv (NHLe page; Bacon/TopDownHockey, era-varying network NHLe)",2026-05-24
latvia,2013-2014,2013,0.0386182209354863,"hockeystats.com/data/NHLe_Temporal.csv (NHLe page; Bacon/TopDownHockey, era-varying network NHLe)",2026-05-24
latvia,2014-2015,2014,0.0401975707717908,"hockeystats.com/data/NHLe_Temporal.csv (NHLe page; Bacon/TopDownHockey, era-varying network NHLe)",2026-05-24
latvia,2015-2016,2015,0.0402778422105025,"hockeystats.com/data/NHLe_Temporal.csv (NHLe page; Bacon/TopDownHockey, era-varying network NHLe)",2026-05-24
latvia,2016-2017,2016,0.0490975530118568,"hockeystats.com/data/NHLe_Temporal.csv (NHLe page; Bacon/TopDownHockey, era-varying network NHLe)",2026-05-24
latvia,2017-2018,2017,0.0533808975974465,"hockeystats.com/data/NHLe_Temporal.csv (NHLe page; Bacon/TopDownHockey, era-varying network NHLe)",2026-05-24
latvia,2018-2019,2018,0.0611202638007389,"hockeystats.com/data/NHLe_Temporal.csv (NHLe page; Bacon/TopDownHockey, era-varying network NHLe)",2026-05-24
latvia,2019-2020,2019,0.0603255850451263,"hockeystats.com/data/NHLe_Temporal.csv (NHLe page; Bacon/TopDownHockey, era-varying network NHLe)",2026-05-24
latvia,2020-2021,2020,0.077071158943395,"hockeystats.com/data/NHLe_Temporal.csv (NHLe page; Bacon/TopDownHockey, era-varying network NHLe)",2026-05-24
latvia,2021-2022,2021,0.0782499268778731,"hockeystats.com/data/NHLe_Temporal.csv (NHLe page; Bacon/TopDownHockey, era-varying network NHLe)",2026-05-24
latvia,2022-2023,2022,0.081604693864316,"hockeystats.com/data/NHLe_Temporal.csv (NHLe page; Bacon/TopDownHockey, era-varying network NHLe)",2026-05-24
latvia,2023-2024,2023,0.0717542932574479,"hockeystats.com/data/NHLe_Temporal.csv (NHLe page; Bacon/TopDownHockey, era-varying network NHLe)",2026-05-24
latvia,2024-2025,2024,0.0495368207179453,"hockeystats.com/data/NHLe_Temporal.csv (NHLe page; Bacon/TopDownHockey, era-varying network NHLe)",2026-05-24
latvia,2025-2026,2025,0.0560914741416656,"hockeystats.com/data/NHLe_Temporal.csv (NHLe page; Bacon/TopDownHockey, era-varying network NHLe)",2026-05-24
latvia-u18,2008-2009,2008,0.0441619955361747,"hockeystats.com/data/NHLe_Temporal.csv (NHLe page; Bacon/TopDownHockey, era-varying network NHLe)",2026-05-24
latvia-u18,2009-2010,2009,0.0359773731088123,"hockeystats.com/data/NHLe_Temporal.csv (NHLe page; Bacon/TopDownHockey, era-varying network NHLe)",2026-05-24
latvia-u18,2010-2011,2010,0.0240633381302985,"hockeystats.com/data/NHLe_Temporal.csv (NHLe page; Bacon/TopDownHockey, era-varying network NHLe)",2026-05-24
latvia-u18,2011-2012,2011,0.016278202877374,"hockeystats.com/data/NHLe_Temporal.csv (NHLe page; Bacon/TopDownHockey, era-varying network NHLe)",2026-05-24
latvia-u18,2013-2014,2013,0.0052496939562318,"hockeystats.com/data/NHLe_Temporal.csv (NHLe page; Bacon/TopDownHockey, era-varying network NHLe)",2026-05-24
latvia-u18,2014-2015,2014,0.0072833575383037,"hockeystats.com/data/NHLe_Temporal.csv (NHLe page; Bacon/TopDownHockey, era-varying network NHLe)",2026-05-24
latvia-u18,2015-2016,2015,0.0071489615004403,"hockeystats.com/data/NHLe_Temporal.csv (NHLe page; Bacon/TopDownHockey, era-varying network NHLe)",2026-05-24
latvia-u18,2016-2017,2016,0.0067896065046124,"hockeystats.com/data/NHLe_Temporal.csv (NHLe page; Bacon/TopDownHockey, era-varying network NHLe)",2026-05-24
latvia-u18,2017-2018,2017,0.0063774675576401,"hockeystats.com/data/NHLe_Temporal.csv (NHLe page; Bacon/TopDownHockey, era-varying network NHLe)",2026-05-24
latvia-u18,2018-2019,2018,0.0067678856088135,"hockeystats.com/data/NHLe_Temporal.csv (NHLe page; Bacon/TopDownHockey, era-varying network NHLe)",2026-05-24
latvia-u18,2019-2020,2019,0.006090800421833,"hockeystats.com/data/NHLe_Temporal.csv (NHLe page; Bacon/TopDownHockey, era-varying network NHLe)",2026-05-24
latvia-u18,2020-2021,2020,0.0074753325369973,"hockeystats.com/data/NHLe_Temporal.csv (NHLe page; Bacon/TopDownHockey, era-varying network NHLe)",2026-05-24
latvia-u18,2021-2022,2021,0.0087887692906065,"hockeystats.com/data/NHLe_Temporal.csv (NHLe page; Bacon/TopDownHockey, era-varying network NHLe)",2026-05-24
ligue-magnus,2006-2007,2006,0.0733782596569855,"hockeystats.com/data/NHLe_Temporal.csv (NHLe page; Bacon/TopDownHockey, era-varying network NHLe)",2026-05-24
ligue-magnus,2007-2008,2007,0.11253870646629,"hockeystats.com/data/NHLe_Temporal.csv (NHLe page; Bacon/TopDownHockey, era-varying network NHLe)",2026-05-24
ligue-magnus,2008-2009,2008,0.1103735399299264,"hockeystats.com/data/NHLe_Temporal.csv (NHLe page; Bacon/TopDownHockey, era-varying network NHLe)",2026-05-24
ligue-magnus,2009-2010,2009,0.1203225848520722,"hockeystats.com/data/NHLe_Temporal.csv (NHLe page; Bacon/TopDownHockey, era-varying network NHLe)",2026-05-24
ligue-magnus,2010-2011,2010,0.1281811516477947,"hockeystats.com/data/NHLe_Temporal.csv (NHLe page; Bacon/TopDownHockey, era-varying network NHLe)",2026-05-24
ligue-magnus,2011-2012,2011,0.1402795136103549,"hockeystats.com/data/NHLe_Temporal.csv (NHLe page; Bacon/TopDownHockey, era-varying network NHLe)",2026-05-24
ligue-magnus,2013-2014,2013,0.1679165496883132,"hockeystats.com/data/NHLe_Temporal.csv (NHLe page; Bacon/TopDownHockey, era-varying network NHLe)",2026-05-24
ligue-magnus,2014-2015,2014,0.1222603676078349,"hockeystats.com/data/NHLe_Temporal.csv (NHLe page; Bacon/TopDownHockey, era-varying network NHLe)",2026-05-24
ligue-magnus,2015-2016,2015,0.117378472863669,"hockeystats.com/data/NHLe_Temporal.csv (NHLe page; Bacon/TopDownHockey, era-varying network NHLe)",2026-05-24
ligue-magnus,2016-2017,2016,0.1339831383530754,"hockeystats.com/data/NHLe_Temporal.csv (NHLe page; Bacon/TopDownHockey, era-varying network NHLe)",2026-05-24
ligue-magnus,2017-2018,2017,0.1219743015031434,"hockeystats.com/data/NHLe_Temporal.csv (NHLe page; Bacon/TopDownHockey, era-varying network NHLe)",2026-05-24
ligue-magnus,2018-2019,2018,0.1212764183027159,"hockeystats.com/data/NHLe_Temporal.csv (NHLe page; Bacon/TopDownHockey, era-varying network NHLe)",2026-05-24
ligue-magnus,2019-2020,2019,0.1105632892918734,"hockeystats.com/data/NHLe_Temporal.csv (NHLe page; Bacon/TopDownHockey, era-varying network NHLe)",2026-05-24
ligue-magnus,2020-2021,2020,0.1114533908193936,"hockeystats.com/data/NHLe_Temporal.csv (NHLe page; Bacon/TopDownHockey, era-varying network NHLe)",2026-05-24
ligue-magnus,2021-2022,2021,0.1011686346895346,"hockeystats.com/data/NHLe_Temporal.csv (NHLe page; Bacon/TopDownHockey, era-varying network NHLe)",2026-05-24
ligue-magnus,2022-2023,2022,0.1017789788270942,"hockeystats.com/data/NHLe_Temporal.csv (NHLe page; Bacon/TopDownHockey, era-varying network NHLe)",2026-05-24
ligue-magnus,2023-2024,2023,0.1012939436683355,"hockeystats.com/data/NHLe_Temporal.csv (NHLe page; Bacon/TopDownHockey, era-varying network NHLe)",2026-05-24
ligue-magnus,2024-2025,2024,0.1009823260131532,"hockeystats.com/data/NHLe_Temporal.csv (NHLe page; Bacon/TopDownHockey, era-varying network NHLe)",2026-05-24
ligue-magnus,2025-2026,2025,0.1181538885671106,"hockeystats.com/data/NHLe_Temporal.csv (NHLe page; Bacon/TopDownHockey, era-varying network NHLe)",2026-05-24
liiga,2006-2007,2006,0.309007989064787,"hockeystats.com/data/NHLe_Temporal.csv (NHLe page; Bacon/TopDownHockey, era-varying network NHLe)",2026-05-24
liiga,2007-2008,2007,0.3545293954080751,"hockeystats.com/data/NHLe_Temporal.csv (NHLe page; Bacon/TopDownHockey, era-varying network NHLe)",2026-05-24
liiga,2008-2009,2008,0.3698337962185127,"hockeystats.com/data/NHLe_Temporal.csv (NHLe page; Bacon/TopDownHockey, era-varying network NHLe)",2026-05-24
liiga,2009-2010,2009,0.3911435384937994,"hockeystats.com/data/NHLe_Temporal.csv (NHLe page; Bacon/TopDownHockey, era-varying network NHLe)",2026-05-24
liiga,2010-2011,2010,0.4080367428745661,"hockeystats.com/data/NHLe_Temporal.csv (NHLe page; Bacon/TopDownHockey, era-varying network NHLe)",2026-05-24
liiga,2011-2012,2011,0.4000909666510218,"hockeystats.com/data/NHLe_Temporal.csv (NHLe page; Bacon/TopDownHockey, era-varying network NHLe)",2026-05-24
liiga,2013-2014,2013,0.4050636445742411,"hockeystats.com/data/NHLe_Temporal.csv (NHLe page; Bacon/TopDownHockey, era-varying network NHLe)",2026-05-24
liiga,2014-2015,2014,0.3605035680234211,"hockeystats.com/data/NHLe_Temporal.csv (NHLe page; Bacon/TopDownHockey, era-varying network NHLe)",2026-05-24
liiga,2015-2016,2015,0.3407888113344351,"hockeystats.com/data/NHLe_Temporal.csv (NHLe page; Bacon/TopDownHockey, era-varying network NHLe)",2026-05-24
liiga,2016-2017,2016,0.3512616704694263,"hockeystats.com/data/NHLe_Temporal.csv (NHLe page; Bacon/TopDownHockey, era-varying network NHLe)",2026-05-24
liiga,2017-2018,2017,0.3532493437425978,"hockeystats.com/data/NHLe_Temporal.csv (NHLe page; Bacon/TopDownHockey, era-varying network NHLe)",2026-05-24
liiga,2018-2019,2018,0.3473136763569651,"hockeystats.com/data/NHLe_Temporal.csv (NHLe page; Bacon/TopDownHockey, era-varying network NHLe)",2026-05-24
liiga,2019-2020,2019,0.3355190927532742,"hockeystats.com/data/NHLe_Temporal.csv (NHLe page; Bacon/TopDownHockey, era-varying network NHLe)",2026-05-24
liiga,2020-2021,2020,0.3055589534603662,"hockeystats.com/data/NHLe_Temporal.csv (NHLe page; Bacon/TopDownHockey, era-varying network NHLe)",2026-05-24
liiga,2021-2022,2021,0.3140869631442516,"hockeystats.com/data/NHLe_Temporal.csv (NHLe page; Bacon/TopDownHockey, era-varying network NHLe)",2026-05-24
liiga,2022-2023,2022,0.3162037070629929,"hockeystats.com/data/NHLe_Temporal.csv (NHLe page; Bacon/TopDownHockey, era-varying network NHLe)",2026-05-24
liiga,2023-2024,2023,0.3286703548929046,"hockeystats.com/data/NHLe_Temporal.csv (NHLe page; Bacon/TopDownHockey, era-varying network NHLe)",2026-05-24
liiga,2024-2025,2024,0.3026168445822301,"hockeystats.com/data/NHLe_Temporal.csv (NHLe page; Bacon/TopDownHockey, era-varying network NHLe)",2026-05-24
liiga,2025-2026,2025,0.3014658582693839,"hockeystats.com/data/NHLe_Temporal.csv (NHLe page; Bacon/TopDownHockey, era-varying network NHLe)",2026-05-24
mdhl,2018-2019,2018,0.0658634774041764,"hockeystats.com/data/NHLe_Temporal.csv (NHLe page; Bacon/TopDownHockey, era-varying network NHLe)",2026-05-24
mdhl,2019-2020,2019,0.0417983647767145,"hockeystats.com/data/NHLe_Temporal.csv (NHLe page; Bacon/TopDownHockey, era-varying network NHLe)",2026-05-24
mdhl,2020-2021,2020,0.0348702023505574,"hockeystats.com/data/NHLe_Temporal.csv (NHLe page; Bacon/TopDownHockey, era-varying network NHLe)",2026-05-24
mdhl,2021-2022,2021,0.0303917896619597,"hockeystats.com/data/NHLe_Temporal.csv (NHLe page; Bacon/TopDownHockey, era-varying network NHLe)",2026-05-24
mdhl,2022-2023,2022,0.0330769192377419,"hockeystats.com/data/NHLe_Temporal.csv (NHLe page; Bacon/TopDownHockey, era-varying network NHLe)",2026-05-24
mdhl,2023-2024,2023,0.0317055067257301,"hockeystats.com/data/NHLe_Temporal.csv (NHLe page; Bacon/TopDownHockey, era-varying network NHLe)",2026-05-24
mdhl,2024-2025,2024,0.0263241366362583,"hockeystats.com/data/NHLe_Temporal.csv (NHLe page; Bacon/TopDownHockey, era-varying network NHLe)",2026-05-24
mdhl,2025-2026,2025,0.0276448522318138,"hockeystats.com/data/NHLe_Temporal.csv (NHLe page; Bacon/TopDownHockey, era-varying network NHLe)",2026-05-24
mestis,2006-2007,2006,0.0919402255068957,"hockeystats.com/data/NHLe_Temporal.csv (NHLe page; Bacon/TopDownHockey, era-varying network NHLe)",2026-05-24
mestis,2007-2008,2007,0.1081843775322066,"hockeystats.com/data/NHLe_Temporal.csv (NHLe page; Bacon/TopDownHockey, era-varying network NHLe)",2026-05-24
mestis,2008-2009,2008,0.1176655232623659,"hockeystats.com/data/NHLe_Temporal.csv (NHLe page; Bacon/TopDownHockey, era-varying network NHLe)",2026-05-24
mestis,2009-2010,2009,0.1279687982149686,"hockeystats.com/data/NHLe_Temporal.csv (NHLe page; Bacon/TopDownHockey, era-varying network NHLe)",2026-05-24
mestis,2010-2011,2010,0.1448175435599589,"hockeystats.com/data/NHLe_Temporal.csv (NHLe page; Bacon/TopDownHockey, era-varying network NHLe)",2026-05-24
mestis,2011-2012,2011,0.1481935178439649,"hockeystats.com/data/NHLe_Temporal.csv (NHLe page; Bacon/TopDownHockey, era-varying network NHLe)",2026-05-24
mestis,2013-2014,2013,0.1507828586970128,"hockeystats.com/data/NHLe_Temporal.csv (NHLe page; Bacon/TopDownHockey, era-varying network NHLe)",2026-05-24
mestis,2014-2015,2014,0.1309067768630823,"hockeystats.com/data/NHLe_Temporal.csv (NHLe page; Bacon/TopDownHockey, era-varying network NHLe)",2026-05-24
mestis,2015-2016,2015,0.15165628778934,"hockeystats.com/data/NHLe_Temporal.csv (NHLe page; Bacon/TopDownHockey, era-varying network NHLe)",2026-05-24
mestis,2016-2017,2016,0.1512171267846623,"hockeystats.com/data/NHLe_Temporal.csv (NHLe page; Bacon/TopDownHockey, era-varying network NHLe)",2026-05-24
mestis,2017-2018,2017,0.1390605700980899,"hockeystats.com/data/NHLe_Temporal.csv (NHLe page; Bacon/TopDownHockey, era-varying network NHLe)",2026-05-24
mestis,2018-2019,2018,0.1190959771967312,"hockeystats.com/data/NHLe_Temporal.csv (NHLe page; Bacon/TopDownHockey, era-varying network NHLe)",2026-05-24
mestis,2019-2020,2019,0.1058938681201235,"hockeystats.com/data/NHLe_Temporal.csv (NHLe page; Bacon/TopDownHockey, era-varying network NHLe)",2026-05-24
mestis,2020-2021,2020,0.1067062333291093,"hockeystats.com/data/NHLe_Temporal.csv (NHLe page; Bacon/TopDownHockey, era-varying network NHLe)",2026-05-24
mestis,2021-2022,2021,0.1012900781168559,"hockeystats.com/data/NHLe_Temporal.csv (NHLe page; Bacon/TopDownHockey, era-varying network NHLe)",2026-05-24
mestis,2022-2023,2022,0.0994214043171058,"hockeystats.com/data/NHLe_Temporal.csv (NHLe page; Bacon/TopDownHockey, era-varying network NHLe)",2026-05-24
mestis,2023-2024,2023,0.104492189421402,"hockeystats.com/data/NHLe_Temporal.csv (NHLe page; Bacon/TopDownHockey, era-varying network NHLe)",2026-05-24
mestis,2024-2025,2024,0.1076950650206802,"hockeystats.com/data/NHLe_Temporal.csv (NHLe page; Bacon/TopDownHockey, era-varying network NHLe)",2026-05-24
mestis,2025-2026,2025,0.117674441446715,"hockeystats.com/data/NHLe_Temporal.csv (NHLe page; Bacon/TopDownHockey, era-varying network NHLe)",2026-05-24
mhl,2009-2010,2009,0.1394928524257778,"hockeystats.com/data/NHLe_Temporal.csv (NHLe page; Bacon/TopDownHockey, era-varying network NHLe)",2026-05-24
mhl,2010-2011,2010,0.1446410480348268,"hockeystats.com/data/NHLe_Temporal.csv (NHLe page; Bacon/TopDownHockey, era-varying network NHLe)",2026-05-24
mhl,2011-2012,2011,0.1471444832095906,"hockeystats.com/data/NHLe_Temporal.csv (NHLe page; Bacon/TopDownHockey, era-varying network NHLe)",2026-05-24
mhl,2013-2014,2013,0.1396208527332152,"hockeystats.com/data/NHLe_Temporal.csv (NHLe page; Bacon/TopDownHockey, era-varying network NHLe)",2026-05-24
mhl,2014-2015,2014,0.0920400844333291,"hockeystats.com/data/NHLe_Temporal.csv (NHLe page; Bacon/TopDownHockey, era-varying network NHLe)",2026-05-24
mhl,2015-2016,2015,0.080229102852262,"hockeystats.com/data/NHLe_Temporal.csv (NHLe page; Bacon/TopDownHockey, era-varying network NHLe)",2026-05-24
mhl,2016-2017,2016,0.0950445775156476,"hockeystats.com/data/NHLe_Temporal.csv (NHLe page; Bacon/TopDownHockey, era-varying network NHLe)",2026-05-24
mhl,2017-2018,2017,0.0953071524841935,"hockeystats.com/data/NHLe_Temporal.csv (NHLe page; Bacon/TopDownHockey, era-varying network NHLe)",2026-05-24
mhl,2018-2019,2018,0.1003530858020389,"hockeystats.com/data/NHLe_Temporal.csv (NHLe page; Bacon/TopDownHockey, era-varying network NHLe)",2026-05-24
mhl,2019-2020,2019,0.0935245038381142,"hockeystats.com/data/NHLe_Temporal.csv (NHLe page; Bacon/TopDownHockey, era-varying network NHLe)",2026-05-24
mhl,2020-2021,2020,0.0862673887808002,"hockeystats.com/data/NHLe_Temporal.csv (NHLe page; Bacon/TopDownHockey, era-varying network NHLe)",2026-05-24
mhl,2021-2022,2021,0.0748046683887454,"hockeystats.com/data/NHLe_Temporal.csv (NHLe page; Bacon/TopDownHockey, era-varying network NHLe)",2026-05-24
mhl,2022-2023,2022,0.0721205173761015,"hockeystats.com/data/NHLe_Temporal.csv (NHLe page; Bacon/TopDownHockey, era-varying network NHLe)",2026-05-24
mhl,2023-2024,2023,0.0739854949971821,"hockeystats.com/data/NHLe_Temporal.csv (NHLe page; Bacon/TopDownHockey, era-varying network NHLe)",2026-05-24
mhl,2024-2025,2024,0.0726311108026444,"hockeystats.com/data/NHLe_Temporal.csv (NHLe page; Bacon/TopDownHockey, era-varying network NHLe)",2026-05-24
mhl,2025-2026,2025,0.0841036213238138,"hockeystats.com/data/NHLe_Temporal.csv (NHLe page; Bacon/TopDownHockey, era-varying network NHLe)",2026-05-24
mhl-b,2011-2012,2011,0.0887920741420189,"hockeystats.com/data/NHLe_Temporal.csv (NHLe page; Bacon/TopDownHockey, era-varying network NHLe)",2026-05-24
mhl-b,2013-2014,2013,0.0632060897787739,"hockeystats.com/data/NHLe_Temporal.csv (NHLe page; Bacon/TopDownHockey, era-varying network NHLe)",2026-05-24
mhl-b,2014-2015,2014,0.0582149723095108,"hockeystats.com/data/NHLe_Temporal.csv (NHLe page; Bacon/TopDownHockey, era-varying network NHLe)",2026-05-24
mhl-b,2015-2016,2015,0.0472958056662355,"hockeystats.com/data/NHLe_Temporal.csv (NHLe page; Bacon/TopDownHockey, era-varying network NHLe)",2026-05-24
mhl-b,2016-2017,2016,0.0469208679818626,"hockeystats.com/data/NHLe_Temporal.csv (NHLe page; Bacon/TopDownHockey, era-varying network NHLe)",2026-05-24
mhl-b,2017-2018,2017,0.0457947182048967,"hockeystats.com/data/NHLe_Temporal.csv (NHLe page; Bacon/TopDownHockey, era-varying network NHLe)",2026-05-24
mhl-b,2018-2019,2018,0.0432499590930977,"hockeystats.com/data/NHLe_Temporal.csv (NHLe page; Bacon/TopDownHockey, era-varying network NHLe)",2026-05-24
mhl-b,2019-2020,2019,0.0378359114623103,"hockeystats.com/data/NHLe_Temporal.csv (NHLe page; Bacon/TopDownHockey, era-varying network NHLe)",2026-05-24
mjahl,2006-2007,2006,0.0389031501848008,"hockeystats.com/data/NHLe_Temporal.csv (NHLe page; Bacon/TopDownHockey, era-varying network NHLe)",2026-05-24
mjahl,2007-2008,2007,0.0443812868847829,"hockeystats.com/data/NHLe_Temporal.csv (NHLe page; Bacon/TopDownHockey, era-varying network NHLe)",2026-05-24
mjahl,2008-2009,2008,0.0521421204399875,"hockeystats.com/data/NHLe_Temporal.csv (NHLe page; Bacon/TopDownHockey, era-varying network NHLe)",2026-05-24
mjahl,2009-2010,2009,0.0510511935399104,"hockeystats.com/data/NHLe_Temporal.csv (NHLe page; Bacon/TopDownHockey, era-varying network NHLe)",2026-05-24
mjahl,2010-2011,2010,0.0520079181645437,"hockeystats.com/data/NHLe_Temporal.csv (NHLe page; Bacon/TopDownHockey, era-varying network NHLe)",2026-05-24
mjahl,2011-2012,2011,0.0564921923135434,"hockeystats.com/data/NHLe_Temporal.csv (NHLe page; Bacon/TopDownHockey, era-varying network NHLe)",2026-05-24
mjahl,2013-2014,2013,0.0665764273605918,"hockeystats.com/data/NHLe_Temporal.csv (NHLe page; Bacon/TopDownHockey, era-varying network NHLe)",2026-05-24
mjahl,2014-2015,2014,0.043029844779712,"hockeystats.com/data/NHLe_Temporal.csv (NHLe page; Bacon/TopDownHockey, era-varying network NHLe)",2026-05-24
mjahl,2015-2016,2015,0.0387746673733634,"hockeystats.com/data/NHLe_Temporal.csv (NHLe page; Bacon/TopDownHockey, era-varying network NHLe)",2026-05-24
mjahl,2016-2017,2016,0.048361782958449,"hockeystats.com/data/NHLe_Temporal.csv (NHLe page; Bacon/TopDownHockey, era-varying network NHLe)",2026-05-24
mjahl,2017-2018,2017,0.058538995970212,"hockeystats.com/data/NHLe_Temporal.csv (NHLe page; Bacon/TopDownHockey, era-varying network NHLe)",2026-05-24
mjahl,2018-2019,2018,0.0559958268053455,"hockeystats.com/data/NHLe_Temporal.csv (NHLe page; Bacon/TopDownHockey, era-varying network NHLe)",2026-05-24
mjahl,2019-2020,2019,0.0648979833912641,"hockeystats.com/data/NHLe_Temporal.csv (NHLe page; Bacon/TopDownHockey, era-varying network NHLe)",2026-05-24
mjahl,2020-2021,2020,0.0567039672230261,"hockeystats.com/data/NHLe_Temporal.csv (NHLe page; Bacon/TopDownHockey, era-varying network NHLe)",2026-05-24
mjahl,2021-2022,2021,0.0520117128724458,"hockeystats.com/data/NHLe_Temporal.csv (NHLe page; Bacon/TopDownHockey, era-varying network NHLe)",2026-05-24
mjahl,2022-2023,2022,0.050584843099978,"hockeystats.com/data/NHLe_Temporal.csv (NHLe page; Bacon/TopDownHockey, era-varying network NHLe)",2026-05-24
mjahl,2023-2024,2023,0.0419343294326762,"hockeystats.com/data/NHLe_Temporal.csv (NHLe page; Bacon/TopDownHockey, era-varying network NHLe)",2026-05-24
mjahl,2024-2025,2024,0.0386932376192321,"hockeystats.com/data/NHLe_Temporal.csv (NHLe page; Bacon/TopDownHockey, era-varying network NHLe)",2026-05-24
mjahl,2025-2026,2025,0.0448437343166945,"hockeystats.com/data/NHLe_Temporal.csv (NHLe page; Bacon/TopDownHockey, era-varying network NHLe)",2026-05-24
mjhl,2006-2007,2006,0.0513163792097569,"hockeystats.com/data/NHLe_Temporal.csv (NHLe page; Bacon/TopDownHockey, era-varying network NHLe)",2026-05-24
mjhl,2007-2008,2007,0.0439929286853051,"hockeystats.com/data/NHLe_Temporal.csv (NHLe page; Bacon/TopDownHockey, era-varying network NHLe)",2026-05-24
mjhl,2008-2009,2008,0.0487011026978986,"hockeystats.com/data/NHLe_Temporal.csv (NHLe page; Bacon/TopDownHockey, era-varying network NHLe)",2026-05-24
mjhl,2009-2010,2009,0.0486548320961116,"hockeystats.com/data/NHLe_Temporal.csv (NHLe page; Bacon/TopDownHockey, era-varying network NHLe)",2026-05-24
mjhl,2010-2011,2010,0.0533994036314021,"hockeystats.com/data/NHLe_Temporal.csv (NHLe page; Bacon/TopDownHockey, era-varying network NHLe)",2026-05-24
mjhl,2011-2012,2011,0.0571212665779608,"hockeystats.com/data/NHLe_Temporal.csv (NHLe page; Bacon/TopDownHockey, era-varying network NHLe)",2026-05-24
mjhl,2013-2014,2013,0.0640998797848076,"hockeystats.com/data/NHLe_Temporal.csv (NHLe page; Bacon/TopDownHockey, era-varying network NHLe)",2026-05-24
mjhl,2014-2015,2014,0.076882210551508,"hockeystats.com/data/NHLe_Temporal.csv (NHLe page; Bacon/TopDownHockey, era-varying network NHLe)",2026-05-24
mjhl,2015-2016,2015,0.0737531833430287,"hockeystats.com/data/NHLe_Temporal.csv (NHLe page; Bacon/TopDownHockey, era-varying network NHLe)",2026-05-24
mjhl,2016-2017,2016,0.0693445274436767,"hockeystats.com/data/NHLe_Temporal.csv (NHLe page; Bacon/TopDownHockey, era-varying network NHLe)",2026-05-24
mjhl,2017-2018,2017,0.0829034870270529,"hockeystats.com/data/NHLe_Temporal.csv (NHLe page; Bacon/TopDownHockey, era-varying network NHLe)",2026-05-24
mjhl,2018-2019,2018,0.0700615080703324,"hockeystats.com/data/NHLe_Temporal.csv (NHLe page; Bacon/TopDownHockey, era-varying network NHLe)",2026-05-24
mjhl,2019-2020,2019,0.0606262715390641,"hockeystats.com/data/NHLe_Temporal.csv (NHLe page; Bacon/TopDownHockey, era-varying network NHLe)",2026-05-24
mjhl,2020-2021,2020,0.0558620849385436,"hockeystats.com/data/NHLe_Temporal.csv (NHLe page; Bacon/TopDownHockey, era-varying network NHLe)",2026-05-24
mjhl,2021-2022,2021,0.0450835976682225,"hockeystats.com/data/NHLe_Temporal.csv (NHLe page; Bacon/TopDownHockey, era-varying network NHLe)",2026-05-24
mjhl,2022-2023,2022,0.0425966039814441,"hockeystats.com/data/NHLe_Temporal.csv (NHLe page; Bacon/TopDownHockey, era-varying network NHLe)",2026-05-24
mjhl,2023-2024,2023,0.0477569226209317,"hockeystats.com/data/NHLe_Temporal.csv (NHLe page; Bacon/TopDownHockey, era-varying network NHLe)",2026-05-24
mjhl,2024-2025,2024,0.0412284353757756,"hockeystats.com/data/NHLe_Temporal.csv (NHLe page; Bacon/TopDownHockey, era-varying network NHLe)",2026-05-24
mjhl,2025-2026,2025,0.0447675831067294,"hockeystats.com/data/NHLe_Temporal.csv (NHLe page; Bacon/TopDownHockey, era-varying network NHLe)",2026-05-24
mphl,2008-2009,2008,0.0088036857270682,"hockeystats.com/data/NHLe_Temporal.csv (NHLe page; Bacon/TopDownHockey, era-varying network NHLe)",2026-05-24
mphl,2009-2010,2009,0.0341370426148959,"hockeystats.com/data/NHLe_Temporal.csv (NHLe page; Bacon/TopDownHockey, era-varying network NHLe)",2026-05-24
mphl,2010-2011,2010,0.0370581249657508,"hockeystats.com/data/NHLe_Temporal.csv (NHLe page; Bacon/TopDownHockey, era-varying network NHLe)",2026-05-24
mphl,2011-2012,2011,0.0320336335822015,"hockeystats.com/data/NHLe_Temporal.csv (NHLe page; Bacon/TopDownHockey, era-varying network NHLe)",2026-05-24
mphl,2013-2014,2013,0.0369346535176343,"hockeystats.com/data/NHLe_Temporal.csv (NHLe page; Bacon/TopDownHockey, era-varying network NHLe)",2026-05-24
mphl,2014-2015,2014,0.0299889270578297,"hockeystats.com/data/NHLe_Temporal.csv (NHLe page; Bacon/TopDownHockey, era-varying network NHLe)",2026-05-24
mphl,2015-2016,2015,0.0321765419454906,"hockeystats.com/data/NHLe_Temporal.csv (NHLe page; Bacon/TopDownHockey, era-varying network NHLe)",2026-05-24
mphl,2016-2017,2016,0.0274961380508856,"hockeystats.com/data/NHLe_Temporal.csv (NHLe page; Bacon/TopDownHockey, era-varying network NHLe)",2026-05-24
mphl,2017-2018,2017,0.0358232359637048,"hockeystats.com/data/NHLe_Temporal.csv (NHLe page; Bacon/TopDownHockey, era-varying network NHLe)",2026-05-24
mphl,2018-2019,2018,0.0443823244598995,"hockeystats.com/data/NHLe_Temporal.csv (NHLe page; Bacon/TopDownHockey, era-varying network NHLe)",2026-05-24
mphl,2019-2020,2019,0.0432005756460543,"hockeystats.com/data/NHLe_Temporal.csv (NHLe page; Bacon/TopDownHockey, era-varying network NHLe)",2026-05-24
mphl,2020-2021,2020,0.0342245998934247,"hockeystats.com/data/NHLe_Temporal.csv (NHLe page; Bacon/TopDownHockey, era-varying network NHLe)",2026-05-24
mphl,2021-2022,2021,0.0381827303316802,"hockeystats.com/data/NHLe_Temporal.csv (NHLe page; Bacon/TopDownHockey, era-varying network NHLe)",2026-05-24
mphl,2022-2023,2022,0.0328003805315605,"hockeystats.com/data/NHLe_Temporal.csv (NHLe page; Bacon/TopDownHockey, era-varying network NHLe)",2026-05-24
mphl,2023-2024,2023,0.0388138959418238,"hockeystats.com/data/NHLe_Temporal.csv (NHLe page; Bacon/TopDownHockey, era-varying network NHLe)",2026-05-24
mphl,2024-2025,2024,0.0346236381316001,"hockeystats.com/data/NHLe_Temporal.csv (NHLe page; Bacon/TopDownHockey, era-varying network NHLe)",2026-05-24
mphl,2025-2026,2025,0.0426533583550386,"hockeystats.com/data/NHLe_Temporal.csv (NHLe page; Bacon/TopDownHockey, era-varying network NHLe)",2026-05-24
mshl-16u,2014-2015,2014,0.019423897169119,"hockeystats.com/data/NHLe_Temporal.csv (NHLe page; Bacon/TopDownHockey, era-varying network NHLe)",2026-05-24
mshl-16u,2015-2016,2015,0.0212963328204126,"hockeystats.com/data/NHLe_Temporal.csv (NHLe page; Bacon/TopDownHockey, era-varying network NHLe)",2026-05-24
mshl-16u,2016-2017,2016,0.0294310642358832,"hockeystats.com/data/NHLe_Temporal.csv (NHLe page; Bacon/TopDownHockey, era-varying network NHLe)",2026-05-24
mshl-16u,2017-2018,2017,0.0260609085145092,"hockeystats.com/data/NHLe_Temporal.csv (NHLe page; Bacon/TopDownHockey, era-varying network NHLe)",2026-05-24
mshl-16u,2018-2019,2018,0.025368914668206,"hockeystats.com/data/NHLe_Temporal.csv (NHLe page; Bacon/TopDownHockey, era-varying network NHLe)",2026-05-24
mshl-16u,2019-2020,2019,0.0293653779475202,"hockeystats.com/data/NHLe_Temporal.csv (NHLe page; Bacon/TopDownHockey, era-varying network NHLe)",2026-05-24
mshl-16u,2020-2021,2020,0.0234302302750266,"hockeystats.com/data/NHLe_Temporal.csv (NHLe page; Bacon/TopDownHockey, era-varying network NHLe)",2026-05-24
mshl-18u,2011-2012,2011,0.0634923978182267,"hockeystats.com/data/NHLe_Temporal.csv (NHLe page; Bacon/TopDownHockey, era-varying network NHLe)",2026-05-24
mshl-18u,2013-2014,2013,0.0648490164303973,"hockeystats.com/data/NHLe_Temporal.csv (NHLe page; Bacon/TopDownHockey, era-varying network NHLe)",2026-05-24
mshl-18u,2014-2015,2014,0.0231348441733831,"hockeystats.com/data/NHLe_Temporal.csv (NHLe page; Bacon/TopDownHockey, era-varying network NHLe)",2026-05-24
mshl-18u,2015-2016,2015,0.0594492248821053,"hockeystats.com/data/NHLe_Temporal.csv (NHLe page; Bacon/TopDownHockey, era-varying network NHLe)",2026-05-24
mshl-18u,2016-2017,2016,0.0619231246793362,"hockeystats.com/data/NHLe_Temporal.csv (NHLe page; Bacon/TopDownHockey, era-varying network NHLe)",2026-05-24
mshl-18u,2017-2018,2017,0.0525831099835295,"hockeystats.com/data/NHLe_Temporal.csv (NHLe page; Bacon/TopDownHockey, era-varying network NHLe)",2026-05-24
mshl-18u,2018-2019,2018,0.0520925356089869,"hockeystats.com/data/NHLe_Temporal.csv (NHLe page; Bacon/TopDownHockey, era-varying network NHLe)",2026-05-24
mshl-18u,2019-2020,2019,0.055609032434207,"hockeystats.com/data/NHLe_Temporal.csv (NHLe page; Bacon/TopDownHockey, era-varying network NHLe)",2026-05-24
mshl-18u,2020-2021,2020,0.0532693815746226,"hockeystats.com/data/NHLe_Temporal.csv (NHLe page; Bacon/TopDownHockey, era-varying network NHLe)",2026-05-24
mshl-18u,2021-2022,2021,0.072594516437291,"hockeystats.com/data/NHLe_Temporal.csv (NHLe page; Bacon/TopDownHockey, era-varying network NHLe)",2026-05-24
mu18hl,2006-2007,2006,0.0190838308965192,"hockeystats.com/data/NHLe_Temporal.csv (NHLe page; Bacon/TopDownHockey, era-varying network NHLe)",2026-05-24
mu18hl,2007-2008,2007,0.0194270699195832,"hockeystats.com/data/NHLe_Temporal.csv (NHLe page; Bacon/TopDownHockey, era-varying network NHLe)",2026-05-24
mu18hl,2008-2009,2008,0.0217062543944458,"hockeystats.com/data/NHLe_Temporal.csv (NHLe page; Bacon/TopDownHockey, era-varying network NHLe)",2026-05-24
mu18hl,2009-2010,2009,0.0216884302503855,"hockeystats.com/data/NHLe_Temporal.csv (NHLe page; Bacon/TopDownHockey, era-varying network NHLe)",2026-05-24
mu18hl,2010-2011,2010,0.022590436829131,"hockeystats.com/data/NHLe_Temporal.csv (NHLe page; Bacon/TopDownHockey, era-varying network NHLe)",2026-05-24
mu18hl,2011-2012,2011,0.0267730435737674,"hockeystats.com/data/NHLe_Temporal.csv (NHLe page; Bacon/TopDownHockey, era-varying network NHLe)",2026-05-24
mu18hl,2013-2014,2013,0.0248605530271581,"hockeystats.com/data/NHLe_Temporal.csv (NHLe page; Bacon/TopDownHockey, era-varying network NHLe)",2026-05-24
mu18hl,2014-2015,2014,0.0256495864384504,"hockeystats.com/data/NHLe_Temporal.csv (NHLe page; Bacon/TopDownHockey, era-varying network NHLe)",2026-05-24
mu18hl,2015-2016,2015,0.0291142074916067,"hockeystats.com/data/NHLe_Temporal.csv (NHLe page; Bacon/TopDownHockey, era-varying network NHLe)",2026-05-24
mu18hl,2016-2017,2016,0.0256890575063064,"hockeystats.com/data/NHLe_Temporal.csv (NHLe page; Bacon/TopDownHockey, era-varying network NHLe)",2026-05-24
mu18hl,2017-2018,2017,0.0240725408097161,"hockeystats.com/data/NHLe_Temporal.csv (NHLe page; Bacon/TopDownHockey, era-varying network NHLe)",2026-05-24
mu18hl,2018-2019,2018,0.0218545267423268,"hockeystats.com/data/NHLe_Temporal.csv (NHLe page; Bacon/TopDownHockey, era-varying network NHLe)",2026-05-24
mu18hl,2019-2020,2019,0.0196777709579959,"hockeystats.com/data/NHLe_Temporal.csv (NHLe page; Bacon/TopDownHockey, era-varying network NHLe)",2026-05-24
mu18hl,2020-2021,2020,0.0204005314691548,"hockeystats.com/data/NHLe_Temporal.csv (NHLe page; Bacon/TopDownHockey, era-varying network NHLe)",2026-05-24
mu18hl,2021-2022,2021,0.0191705823304795,"hockeystats.com/data/NHLe_Temporal.csv (NHLe page; Bacon/TopDownHockey, era-varying network NHLe)",2026-05-24
mu18hl,2022-2023,2022,0.0183117593013004,"hockeystats.com/data/NHLe_Temporal.csv (NHLe page; Bacon/TopDownHockey, era-varying network NHLe)",2026-05-24
mu18hl,2023-2024,2023,0.0225475296922749,"hockeystats.com/data/NHLe_Temporal.csv (NHLe page; Bacon/TopDownHockey, era-varying network NHLe)",2026-05-24
mu18hl,2024-2025,2024,0.0188597313433716,"hockeystats.com/data/NHLe_Temporal.csv (NHLe page; Bacon/TopDownHockey, era-varying network NHLe)",2026-05-24
mu18hl,2025-2026,2025,0.015476358206412,"hockeystats.com/data/NHLe_Temporal.csv (NHLe page; Bacon/TopDownHockey, era-varying network NHLe)",2026-05-24
nahl,2006-2007,2006,0.0844976132181164,"hockeystats.com/data/NHLe_Temporal.csv (NHLe page; Bacon/TopDownHockey, era-varying network NHLe)",2026-05-24
nahl,2007-2008,2007,0.0835741165299529,"hockeystats.com/data/NHLe_Temporal.csv (NHLe page; Bacon/TopDownHockey, era-varying network NHLe)",2026-05-24
nahl,2008-2009,2008,0.0908102379114522,"hockeystats.com/data/NHLe_Temporal.csv (NHLe page; Bacon/TopDownHockey, era-varying network NHLe)",2026-05-24
nahl,2009-2010,2009,0.0930442409910704,"hockeystats.com/data/NHLe_Temporal.csv (NHLe page; Bacon/TopDownHockey, era-varying network NHLe)",2026-05-24
nahl,2010-2011,2010,0.0920510161564727,"hockeystats.com/data/NHLe_Temporal.csv (NHLe page; Bacon/TopDownHockey, era-varying network NHLe)",2026-05-24
nahl,2011-2012,2011,0.0918323579003542,"hockeystats.com/data/NHLe_Temporal.csv (NHLe page; Bacon/TopDownHockey, era-varying network NHLe)",2026-05-24
nahl,2013-2014,2013,0.0882325760022999,"hockeystats.com/data/NHLe_Temporal.csv (NHLe page; Bacon/TopDownHockey, era-varying network NHLe)",2026-05-24
nahl,2014-2015,2014,0.0815725424507199,"hockeystats.com/data/NHLe_Temporal.csv (NHLe page; Bacon/TopDownHockey, era-varying network NHLe)",2026-05-24
nahl,2015-2016,2015,0.0761849785395061,"hockeystats.com/data/NHLe_Temporal.csv (NHLe page; Bacon/TopDownHockey, era-varying network NHLe)",2026-05-24
nahl,2016-2017,2016,0.0834727764931623,"hockeystats.com/data/NHLe_Temporal.csv (NHLe page; Bacon/TopDownHockey, era-varying network NHLe)",2026-05-24
nahl,2017-2018,2017,0.0899448867800963,"hockeystats.com/data/NHLe_Temporal.csv (NHLe page; Bacon/TopDownHockey, era-varying network NHLe)",2026-05-24
nahl,2018-2019,2018,0.0939836382761482,"hockeystats.com/data/NHLe_Temporal.csv (NHLe page; Bacon/TopDownHockey, era-varying network NHLe)",2026-05-24
nahl,2019-2020,2019,0.093161852646544,"hockeystats.com/data/NHLe_Temporal.csv (NHLe page; Bacon/TopDownHockey, era-varying network NHLe)",2026-05-24
nahl,2020-2021,2020,0.091893258102416,"hockeystats.com/data/NHLe_Temporal.csv (NHLe page; Bacon/TopDownHockey, era-varying network NHLe)",2026-05-24
nahl,2021-2022,2021,0.0764201357859165,"hockeystats.com/data/NHLe_Temporal.csv (NHLe page; Bacon/TopDownHockey, era-varying network NHLe)",2026-05-24
nahl,2022-2023,2022,0.0761635171424979,"hockeystats.com/data/NHLe_Temporal.csv (NHLe page; Bacon/TopDownHockey, era-varying network NHLe)",2026-05-24
nahl,2023-2024,2023,0.0754097876515677,"hockeystats.com/data/NHLe_Temporal.csv (NHLe page; Bacon/TopDownHockey, era-varying network NHLe)",2026-05-24
nahl,2024-2025,2024,0.0693995894555788,"hockeystats.com/data/NHLe_Temporal.csv (NHLe page; Bacon/TopDownHockey, era-varying network NHLe)",2026-05-24
nahl,2025-2026,2025,0.0744928496599579,"hockeystats.com/data/NHLe_Temporal.csv (NHLe page; Bacon/TopDownHockey, era-varying network NHLe)",2026-05-24
naphl-16u,2010-2011,2010,0.0260321492749008,"hockeystats.com/data/NHLe_Temporal.csv (NHLe page; Bacon/TopDownHockey, era-varying network NHLe)",2026-05-24
naphl-16u,2011-2012,2011,0.0279953046557404,"hockeystats.com/data/NHLe_Temporal.csv (NHLe page; Bacon/TopDownHockey, era-varying network NHLe)",2026-05-24
naphl-16u,2013-2014,2013,0.0291000726470154,"hockeystats.com/data/NHLe_Temporal.csv (NHLe page; Bacon/TopDownHockey, era-varying network NHLe)",2026-05-24
naphl-16u,2014-2015,2014,0.0171749718418491,"hockeystats.com/data/NHLe_Temporal.csv (NHLe page; Bacon/TopDownHockey, era-varying network NHLe)",2026-05-24
naphl-16u,2015-2016,2015,0.0184494902203658,"hockeystats.com/data/NHLe_Temporal.csv (NHLe page; Bacon/TopDownHockey, era-varying network NHLe)",2026-05-24
naphl-16u,2016-2017,2016,0.0192231933449648,"hockeystats.com/data/NHLe_Temporal.csv (NHLe page; Bacon/TopDownHockey, era-varying network NHLe)",2026-05-24
naphl-16u,2017-2018,2017,0.0234260596936023,"hockeystats.com/data/NHLe_Temporal.csv (NHLe page; Bacon/TopDownHockey, era-varying network NHLe)",2026-05-24
naphl-16u,2018-2019,2018,0.024969565357386,"hockeystats.com/data/NHLe_Temporal.csv (NHLe page; Bacon/TopDownHockey, era-varying network NHLe)",2026-05-24
naphl-16u,2019-2020,2019,0.0265583593754416,"hockeystats.com/data/NHLe_Temporal.csv (NHLe page; Bacon/TopDownHockey, era-varying network NHLe)",2026-05-24
naphl-16u,2020-2021,2020,0.0211014321284039,"hockeystats.com/data/NHLe_Temporal.csv (NHLe page; Bacon/TopDownHockey, era-varying network NHLe)",2026-05-24
naphl-16u,2021-2022,2021,0.0185489006528582,"hockeystats.com/data/NHLe_Temporal.csv (NHLe page; Bacon/TopDownHockey, era-varying network NHLe)",2026-05-24
naphl-16u,2022-2023,2022,0.018762894073304,"hockeystats.com/data/NHLe_Temporal.csv (NHLe page; Bacon/TopDownHockey, era-varying network NHLe)",2026-05-24
naphl-16u,2023-2024,2023,0.0152065263405614,"hockeystats.com/data/NHLe_Temporal.csv (NHLe page; Bacon/TopDownHockey, era-varying network NHLe)",2026-05-24
naphl-16u,2024-2025,2024,0.0140703783944378,"hockeystats.com/data/NHLe_Temporal.csv (NHLe page; Bacon/TopDownHockey, era-varying network NHLe)",2026-05-24
naphl-16u,2025-2026,2025,0.0139549686904648,"hockeystats.com/data/NHLe_Temporal.csv (NHLe page; Bacon/TopDownHockey, era-varying network NHLe)",2026-05-24
naphl-18u,2009-2010,2009,0.0548993044539379,"hockeystats.com/data/NHLe_Temporal.csv (NHLe page; Bacon/TopDownHockey, era-varying network NHLe)",2026-05-24
naphl-18u,2010-2011,2010,0.0378899714797878,"hockeystats.com/data/NHLe_Temporal.csv (NHLe page; Bacon/TopDownHockey, era-varying network NHLe)",2026-05-24
naphl-18u,2011-2012,2011,0.0370010784752503,"hockeystats.com/data/NHLe_Temporal.csv (NHLe page; Bacon/TopDownHockey, era-varying network NHLe)",2026-05-24
naphl-18u,2013-2014,2013,0.0303506988652706,"hockeystats.com/data/NHLe_Temporal.csv (NHLe page; Bacon/TopDownHockey, era-varying network NHLe)",2026-05-24
naphl-18u,2014-2015,2014,0.0343624644395909,"hockeystats.com/data/NHLe_Temporal.csv (NHLe page; Bacon/TopDownHockey, era-varying network NHLe)",2026-05-24
naphl-18u,2015-2016,2015,0.0337785047489605,"hockeystats.com/data/NHLe_Temporal.csv (NHLe page; Bacon/TopDownHockey, era-varying network NHLe)",2026-05-24
naphl-18u,2016-2017,2016,0.0342429119141624,"hockeystats.com/data/NHLe_Temporal.csv (NHLe page; Bacon/TopDownHockey, era-varying network NHLe)",2026-05-24
naphl-18u,2017-2018,2017,0.0394023754675743,"hockeystats.com/data/NHLe_Temporal.csv (NHLe page; Bacon/TopDownHockey, era-varying network NHLe)",2026-05-24
naphl-18u,2018-2019,2018,0.0415018838633056,"hockeystats.com/data/NHLe_Temporal.csv (NHLe page; Bacon/TopDownHockey, era-varying network NHLe)",2026-05-24
naphl-18u,2019-2020,2019,0.0374440885554867,"hockeystats.com/data/NHLe_Temporal.csv (NHLe page; Bacon/TopDownHockey, era-varying network NHLe)",2026-05-24
naphl-18u,2020-2021,2020,0.0311185381305992,"hockeystats.com/data/NHLe_Temporal.csv (NHLe page; Bacon/TopDownHockey, era-varying network NHLe)",2026-05-24
naphl-18u,2021-2022,2021,0.030471538912886,"hockeystats.com/data/NHLe_Temporal.csv (NHLe page; Bacon/TopDownHockey, era-varying network NHLe)",2026-05-24
naphl-18u,2022-2023,2022,0.0337868961541864,"hockeystats.com/data/NHLe_Temporal.csv (NHLe page; Bacon/TopDownHockey, era-varying network NHLe)",2026-05-24
naphl-18u,2023-2024,2023,0.0259524597049709,"hockeystats.com/data/NHLe_Temporal.csv (NHLe page; Bacon/TopDownHockey, era-varying network NHLe)",2026-05-24
naphl-18u,2024-2025,2024,0.0264015496751691,"hockeystats.com/data/NHLe_Temporal.csv (NHLe page; Bacon/TopDownHockey, era-varying network NHLe)",2026-05-24
naphl-18u,2025-2026,2025,0.0230314398931466,"hockeystats.com/data/NHLe_Temporal.csv (NHLe page; Bacon/TopDownHockey, era-varying network NHLe)",2026-05-24
nbpeimu18hl,2006-2007,2006,0.0089781793783347,"hockeystats.com/data/NHLe_Temporal.csv (NHLe page; Bacon/TopDownHockey, era-varying network NHLe)",2026-05-24
nbpeimu18hl,2007-2008,2007,0.0131548042438258,"hockeystats.com/data/NHLe_Temporal.csv (NHLe page; Bacon/TopDownHockey, era-varying network NHLe)",2026-05-24
nbpeimu18hl,2008-2009,2008,0.0148015140143769,"hockeystats.com/data/NHLe_Temporal.csv (NHLe page; Bacon/TopDownHockey, era-varying network NHLe)",2026-05-24
nbpeimu18hl,2009-2010,2009,0.0132552554395814,"hockeystats.com/data/NHLe_Temporal.csv (NHLe page; Bacon/TopDownHockey, era-varying network NHLe)",2026-05-24
nbpeimu18hl,2010-2011,2010,0.0145896523474947,"hockeystats.com/data/NHLe_Temporal.csv (NHLe page; Bacon/TopDownHockey, era-varying network NHLe)",2026-05-24
nbpeimu18hl,2011-2012,2011,0.0192532023001063,"hockeystats.com/data/NHLe_Temporal.csv (NHLe page; Bacon/TopDownHockey, era-varying network NHLe)",2026-05-24
nbpeimu18hl,2013-2014,2013,0.0187280881736737,"hockeystats.com/data/NHLe_Temporal.csv (NHLe page; Bacon/TopDownHockey, era-varying network NHLe)",2026-05-24
nbpeimu18hl,2014-2015,2014,0.0110579659314954,"hockeystats.com/data/NHLe_Temporal.csv (NHLe page; Bacon/TopDownHockey, era-varying network NHLe)",2026-05-24
nbpeimu18hl,2015-2016,2015,0.0063104393844193,"hockeystats.com/data/NHLe_Temporal.csv (NHLe page; Bacon/TopDownHockey, era-varying network NHLe)",2026-05-24
nbpeimu18hl,2016-2017,2016,0.0090907817310187,"hockeystats.com/data/NHLe_Temporal.csv (NHLe page; Bacon/TopDownHockey, era-varying network NHLe)",2026-05-24
nbpeimu18hl,2017-2018,2017,0.0101877041346798,"hockeystats.com/data/NHLe_Temporal.csv (NHLe page; Bacon/TopDownHockey, era-varying network NHLe)",2026-05-24
nbpeimu18hl,2018-2019,2018,0.0127227621219285,"hockeystats.com/data/NHLe_Temporal.csv (NHLe page; Bacon/TopDownHockey, era-varying network NHLe)",2026-05-24
nbpeimu18hl,2019-2020,2019,0.0151085878213593,"hockeystats.com/data/NHLe_Temporal.csv (NHLe page; Bacon/TopDownHockey, era-varying network NHLe)",2026-05-24
nbpeimu18hl,2020-2021,2020,0.0129639680341127,"hockeystats.com/data/NHLe_Temporal.csv (NHLe page; Bacon/TopDownHockey, era-varying network NHLe)",2026-05-24
nbpeimu18hl,2021-2022,2021,0.0145075933892665,"hockeystats.com/data/NHLe_Temporal.csv (NHLe page; Bacon/TopDownHockey, era-varying network NHLe)",2026-05-24
nbpeimu18hl,2022-2023,2022,0.0146290281798269,"hockeystats.com/data/NHLe_Temporal.csv (NHLe page; Bacon/TopDownHockey, era-varying network NHLe)",2026-05-24
nbpeimu18hl,2023-2024,2023,0.0188513059694074,"hockeystats.com/data/NHLe_Temporal.csv (NHLe page; Bacon/TopDownHockey, era-varying network NHLe)",2026-05-24
nbpeimu18hl,2024-2025,2024,0.0126660894114428,"hockeystats.com/data/NHLe_Temporal.csv (NHLe page; Bacon/TopDownHockey, era-varying network NHLe)",2026-05-24
nbpeimu18hl,2025-2026,2025,0.01668894804944,"hockeystats.com/data/NHLe_Temporal.csv (NHLe page; Bacon/TopDownHockey, era-varying network NHLe)",2026-05-24
ncaa,2006-2007,2006,0.1825897807775584,"hockeystats.com/data/NHLe_Temporal.csv (NHLe page; Bacon/TopDownHockey, era-varying network NHLe)",2026-05-24
ncaa,2007-2008,2007,0.2019871048446451,"hockeystats.com/data/NHLe_Temporal.csv (NHLe page; Bacon/TopDownHockey, era-varying network NHLe)",2026-05-24
ncaa,2008-2009,2008,0.2069657720879167,"hockeystats.com/data/NHLe_Temporal.csv (NHLe page; Bacon/TopDownHockey, era-varying network NHLe)",2026-05-24
ncaa,2009-2010,2009,0.2127909982879904,"hockeystats.com/data/NHLe_Temporal.csv (NHLe page; Bacon/TopDownHockey, era-varying network NHLe)",2026-05-24
ncaa,2010-2011,2010,0.2145104851378306,"hockeystats.com/data/NHLe_Temporal.csv (NHLe page; Bacon/TopDownHockey, era-varying network NHLe)",2026-05-24
ncaa,2011-2012,2011,0.2095170565636087,"hockeystats.com/data/NHLe_Temporal.csv (NHLe page; Bacon/TopDownHockey, era-varying network NHLe)",2026-05-24
ncaa,2013-2014,2013,0.2015324704076447,"hockeystats.com/data/NHLe_Temporal.csv (NHLe page; Bacon/TopDownHockey, era-varying network NHLe)",2026-05-24
ncaa,2014-2015,2014,0.1870117967311473,"hockeystats.com/data/NHLe_Temporal.csv (NHLe page; Bacon/TopDownHockey, era-varying network NHLe)",2026-05-24
ncaa,2015-2016,2015,0.2002442991172305,"hockeystats.com/data/NHLe_Temporal.csv (NHLe page; Bacon/TopDownHockey, era-varying network NHLe)",2026-05-24
ncaa,2016-2017,2016,0.2027389175529499,"hockeystats.com/data/NHLe_Temporal.csv (NHLe page; Bacon/TopDownHockey, era-varying network NHLe)",2026-05-24
ncaa,2017-2018,2017,0.1931876459711693,"hockeystats.com/data/NHLe_Temporal.csv (NHLe page; Bacon/TopDownHockey, era-varying network NHLe)",2026-05-24
ncaa,2018-2019,2018,0.1930549351642996,"hockeystats.com/data/NHLe_Temporal.csv (NHLe page; Bacon/TopDownHockey, era-varying network NHLe)",2026-05-24
ncaa,2019-2020,2019,0.1934512532735954,"hockeystats.com/data/NHLe_Temporal.csv (NHLe page; Bacon/TopDownHockey, era-varying network NHLe)",2026-05-24
ncaa,2020-2021,2020,0.1891820533255698,"hockeystats.com/data/NHLe_Temporal.csv (NHLe page; Bacon/TopDownHockey, era-varying network NHLe)",2026-05-24
ncaa,2021-2022,2021,0.191508727111179,"hockeystats.com/data/NHLe_Temporal.csv (NHLe page; Bacon/TopDownHockey, era-varying network NHLe)",2026-05-24
ncaa,2022-2023,2022,0.1874877293064135,"hockeystats.com/data/NHLe_Temporal.csv (NHLe page; Bacon/TopDownHockey, era-varying network NHLe)",2026-05-24
ncaa,2023-2024,2023,0.1850162019625285,"hockeystats.com/data/NHLe_Temporal.csv (NHLe page; Bacon/TopDownHockey, era-varying network NHLe)",2026-05-24
ncaa,2024-2025,2024,0.1752266201469401,"hockeystats.com/data/NHLe_Temporal.csv (NHLe page; Bacon/TopDownHockey, era-varying network NHLe)",2026-05-24
ncaa,2025-2026,2025,0.1858493090500126,"hockeystats.com/data/NHLe_Temporal.csv (NHLe page; Bacon/TopDownHockey, era-varying network NHLe)",2026-05-24
ncdc,2017-2018,2017,0.0892232707658639,"hockeystats.com/data/NHLe_Temporal.csv (NHLe page; Bacon/TopDownHockey, era-varying network NHLe)",2026-05-24
ncdc,2018-2019,2018,0.0827563144534949,"hockeystats.com/data/NHLe_Temporal.csv (NHLe page; Bacon/TopDownHockey, era-varying network NHLe)",2026-05-24
ncdc,2019-2020,2019,0.0854511373153471,"hockeystats.com/data/NHLe_Temporal.csv (NHLe page; Bacon/TopDownHockey, era-varying network NHLe)",2026-05-24
ncdc,2020-2021,2020,0.0684621812743483,"hockeystats.com/data/NHLe_Temporal.csv (NHLe page; Bacon/TopDownHockey, era-varying network NHLe)",2026-05-24
ncdc,2021-2022,2021,0.0611672898946985,"hockeystats.com/data/NHLe_Temporal.csv (NHLe page; Bacon/TopDownHockey, era-varying network NHLe)",2026-05-24
ncdc,2022-2023,2022,0.0624726038251486,"hockeystats.com/data/NHLe_Temporal.csv (NHLe page; Bacon/TopDownHockey, era-varying network NHLe)",2026-05-24
ncdc,2023-2024,2023,0.0617195191465788,"hockeystats.com/data/NHLe_Temporal.csv (NHLe page; Bacon/TopDownHockey, era-varying network NHLe)",2026-05-24
ncdc,2024-2025,2024,0.060073419062497,"hockeystats.com/data/NHLe_Temporal.csv (NHLe page; Bacon/TopDownHockey, era-varying network NHLe)",2026-05-24
ncdc,2025-2026,2025,0.0589672881404428,"hockeystats.com/data/NHLe_Temporal.csv (NHLe page; Bacon/TopDownHockey, era-varying network NHLe)",2026-05-24
nhl,2006-2007,2006,1.0,"hockeystats.com/data/NHLe_Temporal.csv (NHLe page; Bacon/TopDownHockey, era-varying network NHLe)",2026-05-24
nhl,2007-2008,2007,1.0,"hockeystats.com/data/NHLe_Temporal.csv (NHLe page; Bacon/TopDownHockey, era-varying network NHLe)",2026-05-24
nhl,2008-2009,2008,1.0,"hockeystats.com/data/NHLe_Temporal.csv (NHLe page; Bacon/TopDownHockey, era-varying network NHLe)",2026-05-24
nhl,2009-2010,2009,1.0,"hockeystats.com/data/NHLe_Temporal.csv (NHLe page; Bacon/TopDownHockey, era-varying network NHLe)",2026-05-24
nhl,2010-2011,2010,1.0,"hockeystats.com/data/NHLe_Temporal.csv (NHLe page; Bacon/TopDownHockey, era-varying network NHLe)",2026-05-24
nhl,2011-2012,2011,1.0,"hockeystats.com/data/NHLe_Temporal.csv (NHLe page; Bacon/TopDownHockey, era-varying network NHLe)",2026-05-24
nhl,2013-2014,2013,1.0,"hockeystats.com/data/NHLe_Temporal.csv (NHLe page; Bacon/TopDownHockey, era-varying network NHLe)",2026-05-24
nhl,2014-2015,2014,1.0,"hockeystats.com/data/NHLe_Temporal.csv (NHLe page; Bacon/TopDownHockey, era-varying network NHLe)",2026-05-24
nhl,2015-2016,2015,1.0,"hockeystats.com/data/NHLe_Temporal.csv (NHLe page; Bacon/TopDownHockey, era-varying network NHLe)",2026-05-24
nhl,2016-2017,2016,1.0,"hockeystats.com/data/NHLe_Temporal.csv (NHLe page; Bacon/TopDownHockey, era-varying network NHLe)",2026-05-24
nhl,2017-2018,2017,1.0,"hockeystats.com/data/NHLe_Temporal.csv (NHLe page; Bacon/TopDownHockey, era-varying network NHLe)",2026-05-24
nhl,2018-2019,2018,1.0,"hockeystats.com/data/NHLe_Temporal.csv (NHLe page; Bacon/TopDownHockey, era-varying network NHLe)",2026-05-24
nhl,2019-2020,2019,1.0,"hockeystats.com/data/NHLe_Temporal.csv (NHLe page; Bacon/TopDownHockey, era-varying network NHLe)",2026-05-24
nhl,2020-2021,2020,1.0,"hockeystats.com/data/NHLe_Temporal.csv (NHLe page; Bacon/TopDownHockey, era-varying network NHLe)",2026-05-24
nhl,2021-2022,2021,1.0,"hockeystats.com/data/NHLe_Temporal.csv (NHLe page; Bacon/TopDownHockey, era-varying network NHLe)",2026-05-24
nhl,2022-2023,2022,1.0,"hockeystats.com/data/NHLe_Temporal.csv (NHLe page; Bacon/TopDownHockey, era-varying network NHLe)",2026-05-24
nhl,2023-2024,2023,1.0,"hockeystats.com/data/NHLe_Temporal.csv (NHLe page; Bacon/TopDownHockey, era-varying network NHLe)",2026-05-24
nhl,2024-2025,2024,1.0,"hockeystats.com/data/NHLe_Temporal.csv (NHLe page; Bacon/TopDownHockey, era-varying network NHLe)",2026-05-24
nhl,2025-2026,2025,1.0,"hockeystats.com/data/NHLe_Temporal.csv (NHLe page; Bacon/TopDownHockey, era-varying network NHLe)",2026-05-24
nl,2006-2007,2006,0.3973683259339616,"hockeystats.com/data/NHLe_Temporal.csv (NHLe page; Bacon/TopDownHockey, era-varying network NHLe)",2026-05-24
nl,2007-2008,2007,0.3820686322406049,"hockeystats.com/data/NHLe_Temporal.csv (NHLe page; Bacon/TopDownHockey, era-varying network NHLe)",2026-05-24
nl,2008-2009,2008,0.3628784512164641,"hockeystats.com/data/NHLe_Temporal.csv (NHLe page; Bacon/TopDownHockey, era-varying network NHLe)",2026-05-24
nl,2009-2010,2009,0.36469908842034,"hockeystats.com/data/NHLe_Temporal.csv (NHLe page; Bacon/TopDownHockey, era-varying network NHLe)",2026-05-24
nl,2010-2011,2010,0.3546259138426713,"hockeystats.com/data/NHLe_Temporal.csv (NHLe page; Bacon/TopDownHockey, era-varying network NHLe)",2026-05-24
nl,2011-2012,2011,0.3759306743728473,"hockeystats.com/data/NHLe_Temporal.csv (NHLe page; Bacon/TopDownHockey, era-varying network NHLe)",2026-05-24
nl,2013-2014,2013,0.4239072660272014,"hockeystats.com/data/NHLe_Temporal.csv (NHLe page; Bacon/TopDownHockey, era-varying network NHLe)",2026-05-24
nl,2014-2015,2014,0.3800781908998392,"hockeystats.com/data/NHLe_Temporal.csv (NHLe page; Bacon/TopDownHockey, era-varying network NHLe)",2026-05-24
nl,2015-2016,2015,0.3416187348667913,"hockeystats.com/data/NHLe_Temporal.csv (NHLe page; Bacon/TopDownHockey, era-varying network NHLe)",2026-05-24
nl,2016-2017,2016,0.3560750203980801,"hockeystats.com/data/NHLe_Temporal.csv (NHLe page; Bacon/TopDownHockey, era-varying network NHLe)",2026-05-24
nl,2017-2018,2017,0.3696218101197064,"hockeystats.com/data/NHLe_Temporal.csv (NHLe page; Bacon/TopDownHockey, era-varying network NHLe)",2026-05-24
nl,2018-2019,2018,0.3591602938312537,"hockeystats.com/data/NHLe_Temporal.csv (NHLe page; Bacon/TopDownHockey, era-varying network NHLe)",2026-05-24
nl,2019-2020,2019,0.3483925243451748,"hockeystats.com/data/NHLe_Temporal.csv (NHLe page; Bacon/TopDownHockey, era-varying network NHLe)",2026-05-24
nl,2020-2021,2020,0.3345212186359732,"hockeystats.com/data/NHLe_Temporal.csv (NHLe page; Bacon/TopDownHockey, era-varying network NHLe)",2026-05-24
nl,2021-2022,2021,0.3194116158289656,"hockeystats.com/data/NHLe_Temporal.csv (NHLe page; Bacon/TopDownHockey, era-varying network NHLe)",2026-05-24
nl,2022-2023,2022,0.3368006905315064,"hockeystats.com/data/NHLe_Temporal.csv (NHLe page; Bacon/TopDownHockey, era-varying network NHLe)",2026-05-24
nl,2023-2024,2023,0.3463422157495596,"hockeystats.com/data/NHLe_Temporal.csv (NHLe page; Bacon/TopDownHockey, era-varying network NHLe)",2026-05-24
nl,2024-2025,2024,0.369535156793244,"hockeystats.com/data/NHLe_Temporal.csv (NHLe page; Bacon/TopDownHockey, era-varying network NHLe)",2026-05-24
nl,2025-2026,2025,0.3855066701625551,"hockeystats.com/data/NHLe_Temporal.csv (NHLe page; Bacon/TopDownHockey, era-varying network NHLe)",2026-05-24
nmhl,2016-2017,2016,0.0443336916552514,"hockeystats.com/data/NHLe_Temporal.csv (NHLe page; Bacon/TopDownHockey, era-varying network NHLe)",2026-05-24
nmhl,2017-2018,2017,0.0439995121392918,"hockeystats.com/data/NHLe_Temporal.csv (NHLe page; Bacon/TopDownHockey, era-varying network NHLe)",2026-05-24
nmhl,2018-2019,2018,0.0408503180694219,"hockeystats.com/data/NHLe_Temporal.csv (NHLe page; Bacon/TopDownHockey, era-varying network NHLe)",2026-05-24
nmhl,2019-2020,2019,0.035191620519445,"hockeystats.com/data/NHLe_Temporal.csv (NHLe page; Bacon/TopDownHockey, era-varying network NHLe)",2026-05-24
nmhl,2020-2021,2020,0.0404418210459635,"hockeystats.com/data/NHLe_Temporal.csv (NHLe page; Bacon/TopDownHockey, era-varying network NHLe)",2026-05-24
nmhl,2021-2022,2021,0.0369677683169038,"hockeystats.com/data/NHLe_Temporal.csv (NHLe page; Bacon/TopDownHockey, era-varying network NHLe)",2026-05-24
nmhl,2022-2023,2022,0.0391017885802037,"hockeystats.com/data/NHLe_Temporal.csv (NHLe page; Bacon/TopDownHockey, era-varying network NHLe)",2026-05-24
nmhl,2023-2024,2023,0.0476684565108113,"hockeystats.com/data/NHLe_Temporal.csv (NHLe page; Bacon/TopDownHockey, era-varying network NHLe)",2026-05-24
nmhl,2024-2025,2024,0.0505615057736551,"hockeystats.com/data/NHLe_Temporal.csv (NHLe page; Bacon/TopDownHockey, era-varying network NHLe)",2026-05-24
nmhl,2025-2026,2025,0.0509614778113573,"hockeystats.com/data/NHLe_Temporal.csv (NHLe page; Bacon/TopDownHockey, era-varying network NHLe)",2026-05-24
nojhl,2006-2007,2006,0.048385028696587,"hockeystats.com/data/NHLe_Temporal.csv (NHLe page; Bacon/TopDownHockey, era-varying network NHLe)",2026-05-24
nojhl,2007-2008,2007,0.0495915645307505,"hockeystats.com/data/NHLe_Temporal.csv (NHLe page; Bacon/TopDownHockey, era-varying network NHLe)",2026-05-24
nojhl,2008-2009,2008,0.0458570586368689,"hockeystats.com/data/NHLe_Temporal.csv (NHLe page; Bacon/TopDownHockey, era-varying network NHLe)",2026-05-24
nojhl,2009-2010,2009,0.0395447201352742,"hockeystats.com/data/NHLe_Temporal.csv (NHLe page; Bacon/TopDownHockey, era-varying network NHLe)",2026-05-24
nojhl,2010-2011,2010,0.0418376017760569,"hockeystats.com/data/NHLe_Temporal.csv (NHLe page; Bacon/TopDownHockey, era-varying network NHLe)",2026-05-24
nojhl,2011-2012,2011,0.0431974653281582,"hockeystats.com/data/NHLe_Temporal.csv (NHLe page; Bacon/TopDownHockey, era-varying network NHLe)",2026-05-24
nojhl,2013-2014,2013,0.0437998876320429,"hockeystats.com/data/NHLe_Temporal.csv (NHLe page; Bacon/TopDownHockey, era-varying network NHLe)",2026-05-24
nojhl,2014-2015,2014,0.0302945677268151,"hockeystats.com/data/NHLe_Temporal.csv (NHLe page; Bacon/TopDownHockey, era-varying network NHLe)",2026-05-24
nojhl,2015-2016,2015,0.0414190078605321,"hockeystats.com/data/NHLe_Temporal.csv (NHLe page; Bacon/TopDownHockey, era-varying network NHLe)",2026-05-24
nojhl,2016-2017,2016,0.040066751444581,"hockeystats.com/data/NHLe_Temporal.csv (NHLe page; Bacon/TopDownHockey, era-varying network NHLe)",2026-05-24
nojhl,2017-2018,2017,0.0414239431332925,"hockeystats.com/data/NHLe_Temporal.csv (NHLe page; Bacon/TopDownHockey, era-varying network NHLe)",2026-05-24
nojhl,2018-2019,2018,0.0436210250348061,"hockeystats.com/data/NHLe_Temporal.csv (NHLe page; Bacon/TopDownHockey, era-varying network NHLe)",2026-05-24
nojhl,2019-2020,2019,0.0436664837657741,"hockeystats.com/data/NHLe_Temporal.csv (NHLe page; Bacon/TopDownHockey, era-varying network NHLe)",2026-05-24
nojhl,2020-2021,2020,0.0374512348425513,"hockeystats.com/data/NHLe_Temporal.csv (NHLe page; Bacon/TopDownHockey, era-varying network NHLe)",2026-05-24
nojhl,2021-2022,2021,0.0356837162285697,"hockeystats.com/data/NHLe_Temporal.csv (NHLe page; Bacon/TopDownHockey, era-varying network NHLe)",2026-05-24
nojhl,2022-2023,2022,0.0367579453612494,"hockeystats.com/data/NHLe_Temporal.csv (NHLe page; Bacon/TopDownHockey, era-varying network NHLe)",2026-05-24
nojhl,2023-2024,2023,0.0331243859129842,"hockeystats.com/data/NHLe_Temporal.csv (NHLe page; Bacon/TopDownHockey, era-varying network NHLe)",2026-05-24
nojhl,2024-2025,2024,0.0303138410059451,"hockeystats.com/data/NHLe_Temporal.csv (NHLe page; Bacon/TopDownHockey, era-varying network NHLe)",2026-05-24
nojhl,2025-2026,2025,0.0293083249686279,"hockeystats.com/data/NHLe_Temporal.csv (NHLe page; Bacon/TopDownHockey, era-varying network NHLe)",2026-05-24
norway,2006-2007,2006,0.1103860896759327,"hockeystats.com/data/NHLe_Temporal.csv (NHLe page; Bacon/TopDownHockey, era-varying network NHLe)",2026-05-24
norway,2007-2008,2007,0.1146687000660872,"hockeystats.com/data/NHLe_Temporal.csv (NHLe page; Bacon/TopDownHockey, era-varying network NHLe)",2026-05-24
norway,2008-2009,2008,0.1283223856382793,"hockeystats.com/data/NHLe_Temporal.csv (NHLe page; Bacon/TopDownHockey, era-varying network NHLe)",2026-05-24
norway,2009-2010,2009,0.1329202483955905,"hockeystats.com/data/NHLe_Temporal.csv (NHLe page; Bacon/TopDownHockey, era-varying network NHLe)",2026-05-24
norway,2010-2011,2010,0.144040897931644,"hockeystats.com/data/NHLe_Temporal.csv (NHLe page; Bacon/TopDownHockey, era-varying network NHLe)",2026-05-24
norway,2011-2012,2011,0.1494948031645505,"hockeystats.com/data/NHLe_Temporal.csv (NHLe page; Bacon/TopDownHockey, era-varying network NHLe)",2026-05-24
norway,2013-2014,2013,0.1212389368342846,"hockeystats.com/data/NHLe_Temporal.csv (NHLe page; Bacon/TopDownHockey, era-varying network NHLe)",2026-05-24
norway,2014-2015,2014,0.1053485456313575,"hockeystats.com/data/NHLe_Temporal.csv (NHLe page; Bacon/TopDownHockey, era-varying network NHLe)",2026-05-24
norway,2015-2016,2015,0.1061014977651908,"hockeystats.com/data/NHLe_Temporal.csv (NHLe page; Bacon/TopDownHockey, era-varying network NHLe)",2026-05-24
norway,2016-2017,2016,0.1223100951860808,"hockeystats.com/data/NHLe_Temporal.csv (NHLe page; Bacon/TopDownHockey, era-varying network NHLe)",2026-05-24
norway,2017-2018,2017,0.1261340867476361,"hockeystats.com/data/NHLe_Temporal.csv (NHLe page; Bacon/TopDownHockey, era-varying network NHLe)",2026-05-24
norway,2018-2019,2018,0.1312099933054193,"hockeystats.com/data/NHLe_Temporal.csv (NHLe page; Bacon/TopDownHockey, era-varying network NHLe)",2026-05-24
norway,2019-2020,2019,0.1215459124708281,"hockeystats.com/data/NHLe_Temporal.csv (NHLe page; Bacon/TopDownHockey, era-varying network NHLe)",2026-05-24
norway,2020-2021,2020,0.1183109244901712,"hockeystats.com/data/NHLe_Temporal.csv (NHLe page; Bacon/TopDownHockey, era-varying network NHLe)",2026-05-24
norway,2021-2022,2021,0.115403789659771,"hockeystats.com/data/NHLe_Temporal.csv (NHLe page; Bacon/TopDownHockey, era-varying network NHLe)",2026-05-24
norway,2022-2023,2022,0.1127656511595036,"hockeystats.com/data/NHLe_Temporal.csv (NHLe page; Bacon/TopDownHockey, era-varying network NHLe)",2026-05-24
norway,2023-2024,2023,0.1196714217227007,"hockeystats.com/data/NHLe_Temporal.csv (NHLe page; Bacon/TopDownHockey, era-varying network NHLe)",2026-05-24
norway,2024-2025,2024,0.1099701120949239,"hockeystats.com/data/NHLe_Temporal.csv (NHLe page; Bacon/TopDownHockey, era-varying network NHLe)",2026-05-24
norway,2025-2026,2025,0.1488181030826127,"hockeystats.com/data/NHLe_Temporal.csv (NHLe page; Bacon/TopDownHockey, era-varying network NHLe)",2026-05-24
norway-u18,2014-2015,2014,0.0091845596664495,"hockeystats.com/data/NHLe_Temporal.csv (NHLe page; Bacon/TopDownHockey, era-varying network NHLe)",2026-05-24
norway-u18,2015-2016,2015,0.0081833609442244,"hockeystats.com/data/NHLe_Temporal.csv (NHLe page; Bacon/TopDownHockey, era-varying network NHLe)",2026-05-24
norway-u18,2016-2017,2016,0.0076510953955397,"hockeystats.com/data/NHLe_Temporal.csv (NHLe page; Bacon/TopDownHockey, era-varying network NHLe)",2026-05-24
norway-u18,2017-2018,2017,0.0067087459835938,"hockeystats.com/data/NHLe_Temporal.csv (NHLe page; Bacon/TopDownHockey, era-varying network NHLe)",2026-05-24
norway-u18,2018-2019,2018,0.0063701916465245,"hockeystats.com/data/NHLe_Temporal.csv (NHLe page; Bacon/TopDownHockey, era-varying network NHLe)",2026-05-24
norway-u18,2019-2020,2019,0.0048730753980658,"hockeystats.com/data/NHLe_Temporal.csv (NHLe page; Bacon/TopDownHockey, era-varying network NHLe)",2026-05-24
norway-u18,2020-2021,2020,0.0048532089855093,"hockeystats.com/data/NHLe_Temporal.csv (NHLe page; Bacon/TopDownHockey, era-varying network NHLe)",2026-05-24
norway-u18,2021-2022,2021,0.0051142500972522,"hockeystats.com/data/NHLe_Temporal.csv (NHLe page; Bacon/TopDownHockey, era-varying network NHLe)",2026-05-24
norway-u18,2022-2023,2022,0.004447847969169,"hockeystats.com/data/NHLe_Temporal.csv (NHLe page; Bacon/TopDownHockey, era-varying network NHLe)",2026-05-24
norway-u18,2023-2024,2023,0.0056319845726756,"hockeystats.com/data/NHLe_Temporal.csv (NHLe page; Bacon/TopDownHockey, era-varying network NHLe)",2026-05-24
norway-u18,2024-2025,2024,0.0071696592957978,"hockeystats.com/data/NHLe_Temporal.csv (NHLe page; Bacon/TopDownHockey, era-varying network NHLe)",2026-05-24
norway-u18,2025-2026,2025,0.0107176675320095,"hockeystats.com/data/NHLe_Temporal.csv (NHLe page; Bacon/TopDownHockey, era-varying network NHLe)",2026-05-24
norway-u19,2008-2009,2008,0.0138877338574257,"hockeystats.com/data/NHLe_Temporal.csv (NHLe page; Bacon/TopDownHockey, era-varying network NHLe)",2026-05-24
norway-u19,2009-2010,2009,0.0070519082581821,"hockeystats.com/data/NHLe_Temporal.csv (NHLe page; Bacon/TopDownHockey, era-varying network NHLe)",2026-05-24
norway-u19,2010-2011,2010,0.0054476831085214,"hockeystats.com/data/NHLe_Temporal.csv (NHLe page; Bacon/TopDownHockey, era-varying network NHLe)",2026-05-24
norway-u19,2011-2012,2011,0.0065236095757291,"hockeystats.com/data/NHLe_Temporal.csv (NHLe page; Bacon/TopDownHockey, era-varying network NHLe)",2026-05-24
norway-u19,2013-2014,2013,0.0034642168484259,"hockeystats.com/data/NHLe_Temporal.csv (NHLe page; Bacon/TopDownHockey, era-varying network NHLe)",2026-05-24
norway-u19,2014-2015,2014,0.0034637460978587,"hockeystats.com/data/NHLe_Temporal.csv (NHLe page; Bacon/TopDownHockey, era-varying network NHLe)",2026-05-24
norway-u20,2014-2015,2014,0.0110776931655066,"hockeystats.com/data/NHLe_Temporal.csv (NHLe page; Bacon/TopDownHockey, era-varying network NHLe)",2026-05-24
norway-u20,2015-2016,2015,0.0120664221628746,"hockeystats.com/data/NHLe_Temporal.csv (NHLe page; Bacon/TopDownHockey, era-varying network NHLe)",2026-05-24
norway-u20,2016-2017,2016,0.0117558676848659,"hockeystats.com/data/NHLe_Temporal.csv (NHLe page; Bacon/TopDownHockey, era-varying network NHLe)",2026-05-24
norway-u20,2017-2018,2017,0.0123732176809965,"hockeystats.com/data/NHLe_Temporal.csv (NHLe page; Bacon/TopDownHockey, era-varying network NHLe)",2026-05-24
norway-u20,2018-2019,2018,0.0162672658904852,"hockeystats.com/data/NHLe_Temporal.csv (NHLe page; Bacon/TopDownHockey, era-varying network NHLe)",2026-05-24
norway-u20,2019-2020,2019,0.0138389075148204,"hockeystats.com/data/NHLe_Temporal.csv (NHLe page; Bacon/TopDownHockey, era-varying network NHLe)",2026-05-24
norway-u20,2020-2021,2020,0.0133558168887911,"hockeystats.com/data/NHLe_Temporal.csv (NHLe page; Bacon/TopDownHockey, era-varying network NHLe)",2026-05-24
norway-u20,2021-2022,2021,0.0130491406647252,"hockeystats.com/data/NHLe_Temporal.csv (NHLe page; Bacon/TopDownHockey, era-varying network NHLe)",2026-05-24
norway-u20,2022-2023,2022,0.0133953354638911,"hockeystats.com/data/NHLe_Temporal.csv (NHLe page; Bacon/TopDownHockey, era-varying network NHLe)",2026-05-24
norway-u20,2023-2024,2023,0.0132812076407023,"hockeystats.com/data/NHLe_Temporal.csv (NHLe page; Bacon/TopDownHockey, era-varying network NHLe)",2026-05-24
norway-u20,2024-2025,2024,0.0156308626018112,"hockeystats.com/data/NHLe_Temporal.csv (NHLe page; Bacon/TopDownHockey, era-varying network NHLe)",2026-05-24
norway-u20,2025-2026,2025,0.0201076785364122,"hockeystats.com/data/NHLe_Temporal.csv (NHLe page; Bacon/TopDownHockey, era-varying network NHLe)",2026-05-24
norway-u21,2018-2019,2018,0.019400683142859,"hockeystats.com/data/NHLe_Temporal.csv (NHLe page; Bacon/TopDownHockey, era-varying network NHLe)",2026-05-24
norway-u21,2019-2020,2019,0.0133411491610379,"hockeystats.com/data/NHLe_Temporal.csv (NHLe page; Bacon/TopDownHockey, era-varying network NHLe)",2026-05-24
norway-u21,2020-2021,2020,0.01593395147467,"hockeystats.com/data/NHLe_Temporal.csv (NHLe page; Bacon/TopDownHockey, era-varying network NHLe)",2026-05-24
norway-u21,2021-2022,2021,0.0167795910917775,"hockeystats.com/data/NHLe_Temporal.csv (NHLe page; Bacon/TopDownHockey, era-varying network NHLe)",2026-05-24
norway-u21,2022-2023,2022,0.0160179109643387,"hockeystats.com/data/NHLe_Temporal.csv (NHLe page; Bacon/TopDownHockey, era-varying network NHLe)",2026-05-24
norway-u21,2023-2024,2023,0.0121691555106411,"hockeystats.com/data/NHLe_Temporal.csv (NHLe page; Bacon/TopDownHockey, era-varying network NHLe)",2026-05-24
norway-u21,2024-2025,2024,0.0139353820273034,"hockeystats.com/data/NHLe_Temporal.csv (NHLe page; Bacon/TopDownHockey, era-varying network NHLe)",2026-05-24
nsu18mhl,2006-2007,2006,0.0095957138569027,"hockeystats.com/data/NHLe_Temporal.csv (NHLe page; Bacon/TopDownHockey, era-varying network NHLe)",2026-05-24
nsu18mhl,2007-2008,2007,0.0103036482503905,"hockeystats.com/data/NHLe_Temporal.csv (NHLe page; Bacon/TopDownHockey, era-varying network NHLe)",2026-05-24
nsu18mhl,2008-2009,2008,0.0121255312957683,"hockeystats.com/data/NHLe_Temporal.csv (NHLe page; Bacon/TopDownHockey, era-varying network NHLe)",2026-05-24
nsu18mhl,2009-2010,2009,0.0111856627877278,"hockeystats.com/data/NHLe_Temporal.csv (NHLe page; Bacon/TopDownHockey, era-varying network NHLe)",2026-05-24
nsu18mhl,2010-2011,2010,0.01415407095608,"hockeystats.com/data/NHLe_Temporal.csv (NHLe page; Bacon/TopDownHockey, era-varying network NHLe)",2026-05-24
nsu18mhl,2011-2012,2011,0.0157249074717327,"hockeystats.com/data/NHLe_Temporal.csv (NHLe page; Bacon/TopDownHockey, era-varying network NHLe)",2026-05-24
nsu18mhl,2013-2014,2013,0.01427754323794,"hockeystats.com/data/NHLe_Temporal.csv (NHLe page; Bacon/TopDownHockey, era-varying network NHLe)",2026-05-24
nsu18mhl,2014-2015,2014,0.0139588802791926,"hockeystats.com/data/NHLe_Temporal.csv (NHLe page; Bacon/TopDownHockey, era-varying network NHLe)",2026-05-24
nsu18mhl,2015-2016,2015,0.0157940591599645,"hockeystats.com/data/NHLe_Temporal.csv (NHLe page; Bacon/TopDownHockey, era-varying network NHLe)",2026-05-24
nsu18mhl,2016-2017,2016,0.0170711401931571,"hockeystats.com/data/NHLe_Temporal.csv (NHLe page; Bacon/TopDownHockey, era-varying network NHLe)",2026-05-24
nsu18mhl,2017-2018,2017,0.0173241047250837,"hockeystats.com/data/NHLe_Temporal.csv (NHLe page; Bacon/TopDownHockey, era-varying network NHLe)",2026-05-24
nsu18mhl,2018-2019,2018,0.01744494662489,"hockeystats.com/data/NHLe_Temporal.csv (NHLe page; Bacon/TopDownHockey, era-varying network NHLe)",2026-05-24
nsu18mhl,2019-2020,2019,0.0166571457373367,"hockeystats.com/data/NHLe_Temporal.csv (NHLe page; Bacon/TopDownHockey, era-varying network NHLe)",2026-05-24
nsu18mhl,2020-2021,2020,0.015524036711241,"hockeystats.com/data/NHLe_Temporal.csv (NHLe page; Bacon/TopDownHockey, era-varying network NHLe)",2026-05-24
nsu18mhl,2021-2022,2021,0.0141796398108294,"hockeystats.com/data/NHLe_Temporal.csv (NHLe page; Bacon/TopDownHockey, era-varying network NHLe)",2026-05-24
nsu18mhl,2022-2023,2022,0.0164680687880073,"hockeystats.com/data/NHLe_Temporal.csv (NHLe page; Bacon/TopDownHockey, era-varying network NHLe)",2026-05-24
nsu18mhl,2023-2024,2023,0.0169197742240842,"hockeystats.com/data/NHLe_Temporal.csv (NHLe page; Bacon/TopDownHockey, era-varying network NHLe)",2026-05-24
nsu18mhl,2024-2025,2024,0.0120383426517208,"hockeystats.com/data/NHLe_Temporal.csv (NHLe page; Bacon/TopDownHockey, era-varying network NHLe)",2026-05-24
nsu18mhl,2025-2026,2025,0.015287638619491,"hockeystats.com/data/NHLe_Temporal.csv (NHLe page; Bacon/TopDownHockey, era-varying network NHLe)",2026-05-24
ntdp,2006-2007,2006,0.0850955147673273,"hockeystats.com/data/NHLe_Temporal.csv (NHLe page; Bacon/TopDownHockey, era-varying network NHLe)",2026-05-24
ntdp,2007-2008,2007,0.1084553663323815,"hockeystats.com/data/NHLe_Temporal.csv (NHLe page; Bacon/TopDownHockey, era-varying network NHLe)",2026-05-24
ntdp,2008-2009,2008,0.120693365510982,"hockeystats.com/data/NHLe_Temporal.csv (NHLe page; Bacon/TopDownHockey, era-varying network NHLe)",2026-05-24
ntdp,2009-2010,2009,0.1251371867801855,"hockeystats.com/data/NHLe_Temporal.csv (NHLe page; Bacon/TopDownHockey, era-varying network NHLe)",2026-05-24
ntdp,2010-2011,2010,0.1404214318830826,"hockeystats.com/data/NHLe_Temporal.csv (NHLe page; Bacon/TopDownHockey, era-varying network NHLe)",2026-05-24
ntdp,2011-2012,2011,0.1522611619596449,"hockeystats.com/data/NHLe_Temporal.csv (NHLe page; Bacon/TopDownHockey, era-varying network NHLe)",2026-05-24
ntdp,2013-2014,2013,0.1386994880871581,"hockeystats.com/data/NHLe_Temporal.csv (NHLe page; Bacon/TopDownHockey, era-varying network NHLe)",2026-05-24
ntdp,2014-2015,2014,0.1097667458383702,"hockeystats.com/data/NHLe_Temporal.csv (NHLe page; Bacon/TopDownHockey, era-varying network NHLe)",2026-05-24
ntdp,2015-2016,2015,0.1304986231736396,"hockeystats.com/data/NHLe_Temporal.csv (NHLe page; Bacon/TopDownHockey, era-varying network NHLe)",2026-05-24
ntdp,2016-2017,2016,0.1491451963954336,"hockeystats.com/data/NHLe_Temporal.csv (NHLe page; Bacon/TopDownHockey, era-varying network NHLe)",2026-05-24
ntdp,2017-2018,2017,0.1459004934625242,"hockeystats.com/data/NHLe_Temporal.csv (NHLe page; Bacon/TopDownHockey, era-varying network NHLe)",2026-05-24
ntdp,2018-2019,2018,0.1476086046790199,"hockeystats.com/data/NHLe_Temporal.csv (NHLe page; Bacon/TopDownHockey, era-varying network NHLe)",2026-05-24
ntdp,2019-2020,2019,0.1331274635963246,"hockeystats.com/data/NHLe_Temporal.csv (NHLe page; Bacon/TopDownHockey, era-varying network NHLe)",2026-05-24
ntdp,2020-2021,2020,0.1250840239379442,"hockeystats.com/data/NHLe_Temporal.csv (NHLe page; Bacon/TopDownHockey, era-varying network NHLe)",2026-05-24
ntdp,2021-2022,2021,0.1085619619249283,"hockeystats.com/data/NHLe_Temporal.csv (NHLe page; Bacon/TopDownHockey, era-varying network NHLe)",2026-05-24
ntdp,2022-2023,2022,0.1070733662194264,"hockeystats.com/data/NHLe_Temporal.csv (NHLe page; Bacon/TopDownHockey, era-varying network NHLe)",2026-05-24
ntdp,2023-2024,2023,0.1108346663946363,"hockeystats.com/data/NHLe_Temporal.csv (NHLe page; Bacon/TopDownHockey, era-varying network NHLe)",2026-05-24
ntdp,2024-2025,2024,0.102690660191865,"hockeystats.com/data/NHLe_Temporal.csv (NHLe page; Bacon/TopDownHockey, era-varying network NHLe)",2026-05-24
ntdp,2025-2026,2025,0.1122166554432046,"hockeystats.com/data/NHLe_Temporal.csv (NHLe page; Bacon/TopDownHockey, era-varying network NHLe)",2026-05-24
ohl,2006-2007,2006,0.136281726053983,"hockeystats.com/data/NHLe_Temporal.csv (NHLe page; Bacon/TopDownHockey, era-varying network NHLe)",2026-05-24
ohl,2007-2008,2007,0.1368752625452429,"hockeystats.com/data/NHLe_Temporal.csv (NHLe page; Bacon/TopDownHockey, era-varying network NHLe)",2026-05-24
ohl,2008-2009,2008,0.1429119466596109,"hockeystats.com/data/NHLe_Temporal.csv (NHLe page; Bacon/TopDownHockey, era-varying network NHLe)",2026-05-24
ohl,2009-2010,2009,0.1541366005996329,"hockeystats.com/data/NHLe_Temporal.csv (NHLe page; Bacon/TopDownHockey, era-varying network NHLe)",2026-05-24
ohl,2010-2011,2010,0.1607173708830028,"hockeystats.com/data/NHLe_Temporal.csv (NHLe page; Bacon/TopDownHockey, era-varying network NHLe)",2026-05-24
ohl,2011-2012,2011,0.1618709072856702,"hockeystats.com/data/NHLe_Temporal.csv (NHLe page; Bacon/TopDownHockey, era-varying network NHLe)",2026-05-24
ohl,2013-2014,2013,0.1602702650590182,"hockeystats.com/data/NHLe_Temporal.csv (NHLe page; Bacon/TopDownHockey, era-varying network NHLe)",2026-05-24
ohl,2014-2015,2014,0.1472844213780315,"hockeystats.com/data/NHLe_Temporal.csv (NHLe page; Bacon/TopDownHockey, era-varying network NHLe)",2026-05-24
ohl,2015-2016,2015,0.1282587855948191,"hockeystats.com/data/NHLe_Temporal.csv (NHLe page; Bacon/TopDownHockey, era-varying network NHLe)",2026-05-24
ohl,2016-2017,2016,0.1389588401595744,"hockeystats.com/data/NHLe_Temporal.csv (NHLe page; Bacon/TopDownHockey, era-varying network NHLe)",2026-05-24
ohl,2017-2018,2017,0.1412444925915061,"hockeystats.com/data/NHLe_Temporal.csv (NHLe page; Bacon/TopDownHockey, era-varying network NHLe)",2026-05-24
ohl,2018-2019,2018,0.1371914495376691,"hockeystats.com/data/NHLe_Temporal.csv (NHLe page; Bacon/TopDownHockey, era-varying network NHLe)",2026-05-24
ohl,2019-2020,2019,0.1344644264507242,"hockeystats.com/data/NHLe_Temporal.csv (NHLe page; Bacon/TopDownHockey, era-varying network NHLe)",2026-05-24
ohl,2020-2021,2020,0.1245804637483498,"hockeystats.com/data/NHLe_Temporal.csv (NHLe page; Bacon/TopDownHockey, era-varying network NHLe)",2026-05-24
ohl,2021-2022,2021,0.1147769908069452,"hockeystats.com/data/NHLe_Temporal.csv (NHLe page; Bacon/TopDownHockey, era-varying network NHLe)",2026-05-24
ohl,2022-2023,2022,0.1212269820423552,"hockeystats.com/data/NHLe_Temporal.csv (NHLe page; Bacon/TopDownHockey, era-varying network NHLe)",2026-05-24
ohl,2023-2024,2023,0.118180446728411,"hockeystats.com/data/NHLe_Temporal.csv (NHLe page; Bacon/TopDownHockey, era-varying network NHLe)",2026-05-24
ohl,2024-2025,2024,0.1210801090590125,"hockeystats.com/data/NHLe_Temporal.csv (NHLe page; Bacon/TopDownHockey, era-varying network NHLe)",2026-05-24
ohl,2025-2026,2025,0.1202176725643068,"hockeystats.com/data/NHLe_Temporal.csv (NHLe page; Bacon/TopDownHockey, era-varying network NHLe)",2026-05-24
ojhl,2006-2007,2006,0.0453422445435749,"hockeystats.com/data/NHLe_Temporal.csv (NHLe page; Bacon/TopDownHockey, era-varying network NHLe)",2026-05-24
ojhl,2007-2008,2007,0.0455747196158514,"hockeystats.com/data/NHLe_Temporal.csv (NHLe page; Bacon/TopDownHockey, era-varying network NHLe)",2026-05-24
ojhl,2008-2009,2008,0.0507288161363885,"hockeystats.com/data/NHLe_Temporal.csv (NHLe page; Bacon/TopDownHockey, era-varying network NHLe)",2026-05-24
ojhl,2009-2010,2009,0.0497700576164801,"hockeystats.com/data/NHLe_Temporal.csv (NHLe page; Bacon/TopDownHockey, era-varying network NHLe)",2026-05-24
ojhl,2010-2011,2010,0.0518246831435761,"hockeystats.com/data/NHLe_Temporal.csv (NHLe page; Bacon/TopDownHockey, era-varying network NHLe)",2026-05-24
ojhl,2011-2012,2011,0.0542105418554444,"hockeystats.com/data/NHLe_Temporal.csv (NHLe page; Bacon/TopDownHockey, era-varying network NHLe)",2026-05-24
ojhl,2013-2014,2013,0.0506754388225179,"hockeystats.com/data/NHLe_Temporal.csv (NHLe page; Bacon/TopDownHockey, era-varying network NHLe)",2026-05-24
ojhl,2014-2015,2014,0.0453492995227076,"hockeystats.com/data/NHLe_Temporal.csv (NHLe page; Bacon/TopDownHockey, era-varying network NHLe)",2026-05-24
ojhl,2015-2016,2015,0.0493342831517078,"hockeystats.com/data/NHLe_Temporal.csv (NHLe page; Bacon/TopDownHockey, era-varying network NHLe)",2026-05-24
ojhl,2016-2017,2016,0.0493957966357509,"hockeystats.com/data/NHLe_Temporal.csv (NHLe page; Bacon/TopDownHockey, era-varying network NHLe)",2026-05-24
ojhl,2017-2018,2017,0.0539741220693187,"hockeystats.com/data/NHLe_Temporal.csv (NHLe page; Bacon/TopDownHockey, era-varying network NHLe)",2026-05-24
ojhl,2018-2019,2018,0.056773477215864,"hockeystats.com/data/NHLe_Temporal.csv (NHLe page; Bacon/TopDownHockey, era-varying network NHLe)",2026-05-24
ojhl,2019-2020,2019,0.056685199430747,"hockeystats.com/data/NHLe_Temporal.csv (NHLe page; Bacon/TopDownHockey, era-varying network NHLe)",2026-05-24
ojhl,2020-2021,2020,0.0489546421694098,"hockeystats.com/data/NHLe_Temporal.csv (NHLe page; Bacon/TopDownHockey, era-varying network NHLe)",2026-05-24
ojhl,2021-2022,2021,0.0472570627087473,"hockeystats.com/data/NHLe_Temporal.csv (NHLe page; Bacon/TopDownHockey, era-varying network NHLe)",2026-05-24
ojhl,2022-2023,2022,0.0511547201237189,"hockeystats.com/data/NHLe_Temporal.csv (NHLe page; Bacon/TopDownHockey, era-varying network NHLe)",2026-05-24
ojhl,2023-2024,2023,0.0448592547693472,"hockeystats.com/data/NHLe_Temporal.csv (NHLe page; Bacon/TopDownHockey, era-varying network NHLe)",2026-05-24
ojhl,2024-2025,2024,0.0443425879819841,"hockeystats.com/data/NHLe_Temporal.csv (NHLe page; Bacon/TopDownHockey, era-varying network NHLe)",2026-05-24
ojhl,2025-2026,2025,0.0435383203444968,"hockeystats.com/data/NHLe_Temporal.csv (NHLe page; Bacon/TopDownHockey, era-varying network NHLe)",2026-05-24
pijhl,2006-2007,2006,0.0136990672346484,"hockeystats.com/data/NHLe_Temporal.csv (NHLe page; Bacon/TopDownHockey, era-varying network NHLe)",2026-05-24
pijhl,2007-2008,2007,0.0189971376652466,"hockeystats.com/data/NHLe_Temporal.csv (NHLe page; Bacon/TopDownHockey, era-varying network NHLe)",2026-05-24
pijhl,2008-2009,2008,0.0227631001754279,"hockeystats.com/data/NHLe_Temporal.csv (NHLe page; Bacon/TopDownHockey, era-varying network NHLe)",2026-05-24
pijhl,2009-2010,2009,0.0233496623163095,"hockeystats.com/data/NHLe_Temporal.csv (NHLe page; Bacon/TopDownHockey, era-varying network NHLe)",2026-05-24
pijhl,2010-2011,2010,0.0252699708998709,"hockeystats.com/data/NHLe_Temporal.csv (NHLe page; Bacon/TopDownHockey, era-varying network NHLe)",2026-05-24
pijhl,2011-2012,2011,0.027740267187279,"hockeystats.com/data/NHLe_Temporal.csv (NHLe page; Bacon/TopDownHockey, era-varying network NHLe)",2026-05-24
pijhl,2013-2014,2013,0.0255536781187807,"hockeystats.com/data/NHLe_Temporal.csv (NHLe page; Bacon/TopDownHockey, era-varying network NHLe)",2026-05-24
pijhl,2014-2015,2014,0.024891970783263,"hockeystats.com/data/NHLe_Temporal.csv (NHLe page; Bacon/TopDownHockey, era-varying network NHLe)",2026-05-24
pijhl,2015-2016,2015,0.0245167645786303,"hockeystats.com/data/NHLe_Temporal.csv (NHLe page; Bacon/TopDownHockey, era-varying network NHLe)",2026-05-24
pijhl,2016-2017,2016,0.0233542900478715,"hockeystats.com/data/NHLe_Temporal.csv (NHLe page; Bacon/TopDownHockey, era-varying network NHLe)",2026-05-24
pijhl,2017-2018,2017,0.0231874731150188,"hockeystats.com/data/NHLe_Temporal.csv (NHLe page; Bacon/TopDownHockey, era-varying network NHLe)",2026-05-24
pijhl,2018-2019,2018,0.0251386226720131,"hockeystats.com/data/NHLe_Temporal.csv (NHLe page; Bacon/TopDownHockey, era-varying network NHLe)",2026-05-24
pijhl,2019-2020,2019,0.0241022370983343,"hockeystats.com/data/NHLe_Temporal.csv (NHLe page; Bacon/TopDownHockey, era-varying network NHLe)",2026-05-24
pijhl,2020-2021,2020,0.024058604402854,"hockeystats.com/data/NHLe_Temporal.csv (NHLe page; Bacon/TopDownHockey, era-varying network NHLe)",2026-05-24
pijhl,2021-2022,2021,0.0200352036219822,"hockeystats.com/data/NHLe_Temporal.csv (NHLe page; Bacon/TopDownHockey, era-varying network NHLe)",2026-05-24
pijhl,2022-2023,2022,0.0184199851347289,"hockeystats.com/data/NHLe_Temporal.csv (NHLe page; Bacon/TopDownHockey, era-varying network NHLe)",2026-05-24
pijhl,2023-2024,2023,0.0209302057573108,"hockeystats.com/data/NHLe_Temporal.csv (NHLe page; Bacon/TopDownHockey, era-varying network NHLe)",2026-05-24
pijhl,2024-2025,2024,0.024081458699159,"hockeystats.com/data/NHLe_Temporal.csv (NHLe page; Bacon/TopDownHockey, era-varying network NHLe)",2026-05-24
pijhl,2025-2026,2025,0.0268749392498191,"hockeystats.com/data/NHLe_Temporal.csv (NHLe page; Bacon/TopDownHockey, era-varying network NHLe)",2026-05-24
qjhl,2006-2007,2006,0.052524073366096,"hockeystats.com/data/NHLe_Temporal.csv (NHLe page; Bacon/TopDownHockey, era-varying network NHLe)",2026-05-24
qjhl,2007-2008,2007,0.054204032471001,"hockeystats.com/data/NHLe_Temporal.csv (NHLe page; Bacon/TopDownHockey, era-varying network NHLe)",2026-05-24
qjhl,2008-2009,2008,0.0575906592720823,"hockeystats.com/data/NHLe_Temporal.csv (NHLe page; Bacon/TopDownHockey, era-varying network NHLe)",2026-05-24
qjhl,2009-2010,2009,0.0587104609263582,"hockeystats.com/data/NHLe_Temporal.csv (NHLe page; Bacon/TopDownHockey, era-varying network NHLe)",2026-05-24
qjhl,2010-2011,2010,0.0582503821330772,"hockeystats.com/data/NHLe_Temporal.csv (NHLe page; Bacon/TopDownHockey, era-varying network NHLe)",2026-05-24
qjhl,2011-2012,2011,0.0597881655280011,"hockeystats.com/data/NHLe_Temporal.csv (NHLe page; Bacon/TopDownHockey, era-varying network NHLe)",2026-05-24
qjhl,2013-2014,2013,0.0589101127405434,"hockeystats.com/data/NHLe_Temporal.csv (NHLe page; Bacon/TopDownHockey, era-varying network NHLe)",2026-05-24
qjhl,2014-2015,2014,0.0420126244360408,"hockeystats.com/data/NHLe_Temporal.csv (NHLe page; Bacon/TopDownHockey, era-varying network NHLe)",2026-05-24
qjhl,2015-2016,2015,0.0308602652534901,"hockeystats.com/data/NHLe_Temporal.csv (NHLe page; Bacon/TopDownHockey, era-varying network NHLe)",2026-05-24
qjhl,2016-2017,2016,0.0383617675982083,"hockeystats.com/data/NHLe_Temporal.csv (NHLe page; Bacon/TopDownHockey, era-varying network NHLe)",2026-05-24
qjhl,2017-2018,2017,0.043317093559812,"hockeystats.com/data/NHLe_Temporal.csv (NHLe page; Bacon/TopDownHockey, era-varying network NHLe)",2026-05-24
qjhl,2018-2019,2018,0.0413732360765749,"hockeystats.com/data/NHLe_Temporal.csv (NHLe page; Bacon/TopDownHockey, era-varying network NHLe)",2026-05-24
qjhl,2019-2020,2019,0.0489212764656585,"hockeystats.com/data/NHLe_Temporal.csv (NHLe page; Bacon/TopDownHockey, era-varying network NHLe)",2026-05-24
qjhl,2020-2021,2020,0.0461581805984598,"hockeystats.com/data/NHLe_Temporal.csv (NHLe page; Bacon/TopDownHockey, era-varying network NHLe)",2026-05-24
qjhl,2021-2022,2021,0.0317355372222786,"hockeystats.com/data/NHLe_Temporal.csv (NHLe page; Bacon/TopDownHockey, era-varying network NHLe)",2026-05-24
qjhl,2022-2023,2022,0.0328451247874898,"hockeystats.com/data/NHLe_Temporal.csv (NHLe page; Bacon/TopDownHockey, era-varying network NHLe)",2026-05-24
qjhl,2023-2024,2023,0.0293945040050801,"hockeystats.com/data/NHLe_Temporal.csv (NHLe page; Bacon/TopDownHockey, era-varying network NHLe)",2026-05-24
qjhl,2024-2025,2024,0.0382780560971404,"hockeystats.com/data/NHLe_Temporal.csv (NHLe page; Bacon/TopDownHockey, era-varying network NHLe)",2026-05-24
qjhl,2025-2026,2025,0.0436084675522589,"hockeystats.com/data/NHLe_Temporal.csv (NHLe page; Bacon/TopDownHockey, era-varying network NHLe)",2026-05-24
qm18aaa,2006-2007,2006,0.0274014586155264,"hockeystats.com/data/NHLe_Temporal.csv (NHLe page; Bacon/TopDownHockey, era-varying network NHLe)",2026-05-24
qm18aaa,2007-2008,2007,0.0253444138143201,"hockeystats.com/data/NHLe_Temporal.csv (NHLe page; Bacon/TopDownHockey, era-varying network NHLe)",2026-05-24
qm18aaa,2008-2009,2008,0.024972249095368,"hockeystats.com/data/NHLe_Temporal.csv (NHLe page; Bacon/TopDownHockey, era-varying network NHLe)",2026-05-24
qm18aaa,2009-2010,2009,0.0242481421249431,"hockeystats.com/data/NHLe_Temporal.csv (NHLe page; Bacon/TopDownHockey, era-varying network NHLe)",2026-05-24
qm18aaa,2010-2011,2010,0.0261969321039312,"hockeystats.com/data/NHLe_Temporal.csv (NHLe page; Bacon/TopDownHockey, era-varying network NHLe)",2026-05-24
qm18aaa,2011-2012,2011,0.0264915290617507,"hockeystats.com/data/NHLe_Temporal.csv (NHLe page; Bacon/TopDownHockey, era-varying network NHLe)",2026-05-24
qm18aaa,2013-2014,2013,0.0257696408817022,"hockeystats.com/data/NHLe_Temporal.csv (NHLe page; Bacon/TopDownHockey, era-varying network NHLe)",2026-05-24
qm18aaa,2014-2015,2014,0.0222221071173637,"hockeystats.com/data/NHLe_Temporal.csv (NHLe page; Bacon/TopDownHockey, era-varying network NHLe)",2026-05-24
qm18aaa,2015-2016,2015,0.0236093088821774,"hockeystats.com/data/NHLe_Temporal.csv (NHLe page; Bacon/TopDownHockey, era-varying network NHLe)",2026-05-24
qm18aaa,2016-2017,2016,0.0230542854890244,"hockeystats.com/data/NHLe_Temporal.csv (NHLe page; Bacon/TopDownHockey, era-varying network NHLe)",2026-05-24
qm18aaa,2017-2018,2017,0.0250301948314825,"hockeystats.com/data/NHLe_Temporal.csv (NHLe page; Bacon/TopDownHockey, era-varying network NHLe)",2026-05-24
qm18aaa,2018-2019,2018,0.0260973084466614,"hockeystats.com/data/NHLe_Temporal.csv (NHLe page; Bacon/TopDownHockey, era-varying network NHLe)",2026-05-24
qm18aaa,2019-2020,2019,0.0266161818471527,"hockeystats.com/data/NHLe_Temporal.csv (NHLe page; Bacon/TopDownHockey, era-varying network NHLe)",2026-05-24
qm18aaa,2020-2021,2020,0.029686906433609,"hockeystats.com/data/NHLe_Temporal.csv (NHLe page; Bacon/TopDownHockey, era-varying network NHLe)",2026-05-24
qm18aaa,2021-2022,2021,0.026907661301069,"hockeystats.com/data/NHLe_Temporal.csv (NHLe page; Bacon/TopDownHockey, era-varying network NHLe)",2026-05-24
qm18aaa,2022-2023,2022,0.0292766588910141,"hockeystats.com/data/NHLe_Temporal.csv (NHLe page; Bacon/TopDownHockey, era-varying network NHLe)",2026-05-24
qm18aaa,2023-2024,2023,0.0267580324201673,"hockeystats.com/data/NHLe_Temporal.csv (NHLe page; Bacon/TopDownHockey, era-varying network NHLe)",2026-05-24
qm18aaa,2024-2025,2024,0.02801816410796,"hockeystats.com/data/NHLe_Temporal.csv (NHLe page; Bacon/TopDownHockey, era-varying network NHLe)",2026-05-24
qm18aaa,2025-2026,2025,0.0330672190876549,"hockeystats.com/data/NHLe_Temporal.csv (NHLe page; Bacon/TopDownHockey, era-varying network NHLe)",2026-05-24
qmjhl,2006-2007,2006,0.1084483445662576,"hockeystats.com/data/NHLe_Temporal.csv (NHLe page; Bacon/TopDownHockey, era-varying network NHLe)",2026-05-24
qmjhl,2007-2008,2007,0.117367888154825,"hockeystats.com/data/NHLe_Temporal.csv (NHLe page; Bacon/TopDownHockey, era-varying network NHLe)",2026-05-24
qmjhl,2008-2009,2008,0.1450293184944747,"hockeystats.com/data/NHLe_Temporal.csv (NHLe page; Bacon/TopDownHockey, era-varying network NHLe)",2026-05-24
qmjhl,2009-2010,2009,0.1457461003210451,"hockeystats.com/data/NHLe_Temporal.csv (NHLe page; Bacon/TopDownHockey, era-varying network NHLe)",2026-05-24
qmjhl,2010-2011,2010,0.1472430025829063,"hockeystats.com/data/NHLe_Temporal.csv (NHLe page; Bacon/TopDownHockey, era-varying network NHLe)",2026-05-24
qmjhl,2011-2012,2011,0.1458628287055266,"hockeystats.com/data/NHLe_Temporal.csv (NHLe page; Bacon/TopDownHockey, era-varying network NHLe)",2026-05-24
qmjhl,2013-2014,2013,0.1371903336994293,"hockeystats.com/data/NHLe_Temporal.csv (NHLe page; Bacon/TopDownHockey, era-varying network NHLe)",2026-05-24
qmjhl,2014-2015,2014,0.1151591978731446,"hockeystats.com/data/NHLe_Temporal.csv (NHLe page; Bacon/TopDownHockey, era-varying network NHLe)",2026-05-24
qmjhl,2015-2016,2015,0.1047988690280734,"hockeystats.com/data/NHLe_Temporal.csv (NHLe page; Bacon/TopDownHockey, era-varying network NHLe)",2026-05-24
qmjhl,2016-2017,2016,0.115886178514405,"hockeystats.com/data/NHLe_Temporal.csv (NHLe page; Bacon/TopDownHockey, era-varying network NHLe)",2026-05-24
qmjhl,2017-2018,2017,0.120323007218783,"hockeystats.com/data/NHLe_Temporal.csv (NHLe page; Bacon/TopDownHockey, era-varying network NHLe)",2026-05-24
qmjhl,2018-2019,2018,0.1211443986121652,"hockeystats.com/data/NHLe_Temporal.csv (NHLe page; Bacon/TopDownHockey, era-varying network NHLe)",2026-05-24
qmjhl,2019-2020,2019,0.1255256920643868,"hockeystats.com/data/NHLe_Temporal.csv (NHLe page; Bacon/TopDownHockey, era-varying network NHLe)",2026-05-24
qmjhl,2020-2021,2020,0.1285758213355854,"hockeystats.com/data/NHLe_Temporal.csv (NHLe page; Bacon/TopDownHockey, era-varying network NHLe)",2026-05-24
qmjhl,2021-2022,2021,0.1157002999305625,"hockeystats.com/data/NHLe_Temporal.csv (NHLe page; Bacon/TopDownHockey, era-varying network NHLe)",2026-05-24
qmjhl,2022-2023,2022,0.1162523443131968,"hockeystats.com/data/NHLe_Temporal.csv (NHLe page; Bacon/TopDownHockey, era-varying network NHLe)",2026-05-24
qmjhl,2023-2024,2023,0.1015554242036649,"hockeystats.com/data/NHLe_Temporal.csv (NHLe page; Bacon/TopDownHockey, era-varying network NHLe)",2026-05-24
qmjhl,2024-2025,2024,0.1028482777966198,"hockeystats.com/data/NHLe_Temporal.csv (NHLe page; Bacon/TopDownHockey, era-varying network NHLe)",2026-05-24
qmjhl,2025-2026,2025,0.114827533574484,"hockeystats.com/data/NHLe_Temporal.csv (NHLe page; Bacon/TopDownHockey, era-varying network NHLe)",2026-05-24
rbhrc-u18,2014-2015,2014,0.0162861117295806,"hockeystats.com/data/NHLe_Temporal.csv (NHLe page; Bacon/TopDownHockey, era-varying network NHLe)",2026-05-24
rbhrc-u18,2015-2016,2015,0.0107224434116861,"hockeystats.com/data/NHLe_Temporal.csv (NHLe page; Bacon/TopDownHockey, era-varying network NHLe)",2026-05-24
rbhrc-u18,2016-2017,2016,0.0103172076891924,"hockeystats.com/data/NHLe_Temporal.csv (NHLe page; Bacon/TopDownHockey, era-varying network NHLe)",2026-05-24
rbhrc-u18,2017-2018,2017,0.0200082051483898,"hockeystats.com/data/NHLe_Temporal.csv (NHLe page; Bacon/TopDownHockey, era-varying network NHLe)",2026-05-24
rbhrc-u18,2018-2019,2018,0.0293997047073298,"hockeystats.com/data/NHLe_Temporal.csv (NHLe page; Bacon/TopDownHockey, era-varying network NHLe)",2026-05-24
rbhrc-u18,2019-2020,2019,0.0243451584402876,"hockeystats.com/data/NHLe_Temporal.csv (NHLe page; Bacon/TopDownHockey, era-varying network NHLe)",2026-05-24
rbhrc-u18,2020-2021,2020,0.0476686379962447,"hockeystats.com/data/NHLe_Temporal.csv (NHLe page; Bacon/TopDownHockey, era-varying network NHLe)",2026-05-24
rem18hl,2006-2007,2006,0.0074958074397065,"hockeystats.com/data/NHLe_Temporal.csv (NHLe page; Bacon/TopDownHockey, era-varying network NHLe)",2026-05-24
rem18hl,2007-2008,2007,0.0062375083719176,"hockeystats.com/data/NHLe_Temporal.csv (NHLe page; Bacon/TopDownHockey, era-varying network NHLe)",2026-05-24
rem18hl,2008-2009,2008,0.0072252677610254,"hockeystats.com/data/NHLe_Temporal.csv (NHLe page; Bacon/TopDownHockey, era-varying network NHLe)",2026-05-24
rem18hl,2009-2010,2009,0.0074169033054877,"hockeystats.com/data/NHLe_Temporal.csv (NHLe page; Bacon/TopDownHockey, era-varying network NHLe)",2026-05-24
rem18hl,2010-2011,2010,0.0071311220771093,"hockeystats.com/data/NHLe_Temporal.csv (NHLe page; Bacon/TopDownHockey, era-varying network NHLe)",2026-05-24
rem18hl,2011-2012,2011,0.0079811498075215,"hockeystats.com/data/NHLe_Temporal.csv (NHLe page; Bacon/TopDownHockey, era-varying network NHLe)",2026-05-24
rem18hl,2013-2014,2013,0.0134868621544973,"hockeystats.com/data/NHLe_Temporal.csv (NHLe page; Bacon/TopDownHockey, era-varying network NHLe)",2026-05-24
russia-u17,2010-2011,2010,0.0239545571537355,"hockeystats.com/data/NHLe_Temporal.csv (NHLe page; Bacon/TopDownHockey, era-varying network NHLe)",2026-05-24
russia-u17,2011-2012,2011,0.0284962829904775,"hockeystats.com/data/NHLe_Temporal.csv (NHLe page; Bacon/TopDownHockey, era-varying network NHLe)",2026-05-24
russia-u17,2013-2014,2013,0.0285199293191747,"hockeystats.com/data/NHLe_Temporal.csv (NHLe page; Bacon/TopDownHockey, era-varying network NHLe)",2026-05-24
russia-u17,2014-2015,2014,0.0254456562541732,"hockeystats.com/data/NHLe_Temporal.csv (NHLe page; Bacon/TopDownHockey, era-varying network NHLe)",2026-05-24
russia-u17,2015-2016,2015,0.016705914439985,"hockeystats.com/data/NHLe_Temporal.csv (NHLe page; Bacon/TopDownHockey, era-varying network NHLe)",2026-05-24
russia-u17,2016-2017,2016,0.0175787367881675,"hockeystats.com/data/NHLe_Temporal.csv (NHLe page; Bacon/TopDownHockey, era-varying network NHLe)",2026-05-24
russia-u17,2017-2018,2017,0.0200781034534223,"hockeystats.com/data/NHLe_Temporal.csv (NHLe page; Bacon/TopDownHockey, era-varying network NHLe)",2026-05-24
russia-u17,2018-2019,2018,0.0188093586653494,"hockeystats.com/data/NHLe_Temporal.csv (NHLe page; Bacon/TopDownHockey, era-varying network NHLe)",2026-05-24
russia-u17,2019-2020,2019,0.0185937990081831,"hockeystats.com/data/NHLe_Temporal.csv (NHLe page; Bacon/TopDownHockey, era-varying network NHLe)",2026-05-24
russia-u17,2020-2021,2020,0.0161611300064641,"hockeystats.com/data/NHLe_Temporal.csv (NHLe page; Bacon/TopDownHockey, era-varying network NHLe)",2026-05-24
russia-u17,2021-2022,2021,0.0124336789397416,"hockeystats.com/data/NHLe_Temporal.csv (NHLe page; Bacon/TopDownHockey, era-varying network NHLe)",2026-05-24
russia-u17,2022-2023,2022,0.0118714696227303,"hockeystats.com/data/NHLe_Temporal.csv (NHLe page; Bacon/TopDownHockey, era-varying network NHLe)",2026-05-24
russia-u17,2023-2024,2023,0.0124863738480344,"hockeystats.com/data/NHLe_Temporal.csv (NHLe page; Bacon/TopDownHockey, era-varying network NHLe)",2026-05-24
russia-u17,2024-2025,2024,0.0151583359157396,"hockeystats.com/data/NHLe_Temporal.csv (NHLe page; Bacon/TopDownHockey, era-varying network NHLe)",2026-05-24
russia-u17,2025-2026,2025,0.0164192101830332,"hockeystats.com/data/NHLe_Temporal.csv (NHLe page; Bacon/TopDownHockey, era-varying network NHLe)",2026-05-24
russia-u17-finals,2015-2016,2015,0.0234760513603898,"hockeystats.com/data/NHLe_Temporal.csv (NHLe page; Bacon/TopDownHockey, era-varying network NHLe)",2026-05-24
russia-u17-finals,2016-2017,2016,0.0259609867348951,"hockeystats.com/data/NHLe_Temporal.csv (NHLe page; Bacon/TopDownHockey, era-varying network NHLe)",2026-05-24
russia-u17-finals,2017-2018,2017,0.0261642206410192,"hockeystats.com/data/NHLe_Temporal.csv (NHLe page; Bacon/TopDownHockey, era-varying network NHLe)",2026-05-24
russia-u17-finals,2018-2019,2018,0.0262407296636657,"hockeystats.com/data/NHLe_Temporal.csv (NHLe page; Bacon/TopDownHockey, era-varying network NHLe)",2026-05-24
russia-u17-finals,2019-2020,2019,0.0296310056355784,"hockeystats.com/data/NHLe_Temporal.csv (NHLe page; Bacon/TopDownHockey, era-varying network NHLe)",2026-05-24
russia-u17-finals,2020-2021,2020,0.0318154730800542,"hockeystats.com/data/NHLe_Temporal.csv (NHLe page; Bacon/TopDownHockey, era-varying network NHLe)",2026-05-24
russia-u17-finals,2021-2022,2021,0.0286715954900539,"hockeystats.com/data/NHLe_Temporal.csv (NHLe page; Bacon/TopDownHockey, era-varying network NHLe)",2026-05-24
russia-u17-finals,2022-2023,2022,0.0288003370963236,"hockeystats.com/data/NHLe_Temporal.csv (NHLe page; Bacon/TopDownHockey, era-varying network NHLe)",2026-05-24
russia-u17-finals,2023-2024,2023,0.0409343057931685,"hockeystats.com/data/NHLe_Temporal.csv (NHLe page; Bacon/TopDownHockey, era-varying network NHLe)",2026-05-24
russia-u17-finals,2024-2025,2024,0.0310562430594107,"hockeystats.com/data/NHLe_Temporal.csv (NHLe page; Bacon/TopDownHockey, era-varying network NHLe)",2026-05-24
russia-u17-finals,2025-2026,2025,0.028279327559696,"hockeystats.com/data/NHLe_Temporal.csv (NHLe page; Bacon/TopDownHockey, era-varying network NHLe)",2026-05-24
russia-u18,2009-2010,2009,0.0441553712086475,"hockeystats.com/data/NHLe_Temporal.csv (NHLe page; Bacon/TopDownHockey, era-varying network NHLe)",2026-05-24
russia-u18,2010-2011,2010,0.0335542657537082,"hockeystats.com/data/NHLe_Temporal.csv (NHLe page; Bacon/TopDownHockey, era-varying network NHLe)",2026-05-24
russia-u18,2011-2012,2011,0.0378472812389293,"hockeystats.com/data/NHLe_Temporal.csv (NHLe page; Bacon/TopDownHockey, era-varying network NHLe)",2026-05-24
russia-u18,2015-2016,2015,0.0187558054759058,"hockeystats.com/data/NHLe_Temporal.csv (NHLe page; Bacon/TopDownHockey, era-varying network NHLe)",2026-05-24
russia-u18,2016-2017,2016,0.0181167237226628,"hockeystats.com/data/NHLe_Temporal.csv (NHLe page; Bacon/TopDownHockey, era-varying network NHLe)",2026-05-24
russia-u18,2017-2018,2017,0.014973879983567,"hockeystats.com/data/NHLe_Temporal.csv (NHLe page; Bacon/TopDownHockey, era-varying network NHLe)",2026-05-24
russia-u18,2018-2019,2018,0.0136284418067385,"hockeystats.com/data/NHLe_Temporal.csv (NHLe page; Bacon/TopDownHockey, era-varying network NHLe)",2026-05-24
russia-u18,2019-2020,2019,0.0111452545682125,"hockeystats.com/data/NHLe_Temporal.csv (NHLe page; Bacon/TopDownHockey, era-varying network NHLe)",2026-05-24
russia-u18,2020-2021,2020,0.0113170009441565,"hockeystats.com/data/NHLe_Temporal.csv (NHLe page; Bacon/TopDownHockey, era-varying network NHLe)",2026-05-24
russia-u18,2021-2022,2021,0.011826427301918,"hockeystats.com/data/NHLe_Temporal.csv (NHLe page; Bacon/TopDownHockey, era-varying network NHLe)",2026-05-24
russia-u18,2022-2023,2022,0.0131379136007209,"hockeystats.com/data/NHLe_Temporal.csv (NHLe page; Bacon/TopDownHockey, era-varying network NHLe)",2026-05-24
russia-u18,2023-2024,2023,0.0147576035737288,"hockeystats.com/data/NHLe_Temporal.csv (NHLe page; Bacon/TopDownHockey, era-varying network NHLe)",2026-05-24
russia-u18,2024-2025,2024,0.0166148713176294,"hockeystats.com/data/NHLe_Temporal.csv (NHLe page; Bacon/TopDownHockey, era-varying network NHLe)",2026-05-24
russia-u18,2025-2026,2025,0.0176290585809696,"hockeystats.com/data/NHLe_Temporal.csv (NHLe page; Bacon/TopDownHockey, era-varying network NHLe)",2026-05-24
russia-u18-finals,2009-2010,2009,0.1088385635577518,"hockeystats.com/data/NHLe_Temporal.csv (NHLe page; Bacon/TopDownHockey, era-varying network NHLe)",2026-05-24
russia-u18-finals,2010-2011,2010,0.0827079013470833,"hockeystats.com/data/NHLe_Temporal.csv (NHLe page; Bacon/TopDownHockey, era-varying network NHLe)",2026-05-24
russia-u18-finals,2011-2012,2011,0.0932897541535011,"hockeystats.com/data/NHLe_Temporal.csv (NHLe page; Bacon/TopDownHockey, era-varying network NHLe)",2026-05-24
russia-u18-finals,2016-2017,2016,0.0108316104288426,"hockeystats.com/data/NHLe_Temporal.csv (NHLe page; Bacon/TopDownHockey, era-varying network NHLe)",2026-05-24
russia-u18-finals,2017-2018,2017,0.0181122009797833,"hockeystats.com/data/NHLe_Temporal.csv (NHLe page; Bacon/TopDownHockey, era-varying network NHLe)",2026-05-24
russia-u18-finals,2018-2019,2018,0.018796708870736,"hockeystats.com/data/NHLe_Temporal.csv (NHLe page; Bacon/TopDownHockey, era-varying network NHLe)",2026-05-24
russia-u18-finals,2019-2020,2019,0.0163601462188763,"hockeystats.com/data/NHLe_Temporal.csv (NHLe page; Bacon/TopDownHockey, era-varying network NHLe)",2026-05-24
russia-u18-finals,2020-2021,2020,0.0183282049613429,"hockeystats.com/data/NHLe_Temporal.csv (NHLe page; Bacon/TopDownHockey, era-varying network NHLe)",2026-05-24
russia-u18-finals,2021-2022,2021,0.0221321521388469,"hockeystats.com/data/NHLe_Temporal.csv (NHLe page; Bacon/TopDownHockey, era-varying network NHLe)",2026-05-24
russia-u18-finals,2022-2023,2022,0.0347586471604276,"hockeystats.com/data/NHLe_Temporal.csv (NHLe page; Bacon/TopDownHockey, era-varying network NHLe)",2026-05-24
russia-u18-finals,2023-2024,2023,0.0344454912914937,"hockeystats.com/data/NHLe_Temporal.csv (NHLe page; Bacon/TopDownHockey, era-varying network NHLe)",2026-05-24
russia-u18-finals,2024-2025,2024,0.0342492915334751,"hockeystats.com/data/NHLe_Temporal.csv (NHLe page; Bacon/TopDownHockey, era-varying network NHLe)",2026-05-24
russia-u18-finals,2025-2026,2025,0.0350069399551906,"hockeystats.com/data/NHLe_Temporal.csv (NHLe page; Bacon/TopDownHockey, era-varying network NHLe)",2026-05-24
russia2,2006-2007,2006,0.3954364890522297,"hockeystats.com/data/NHLe_Temporal.csv (NHLe page; Bacon/TopDownHockey, era-varying network NHLe)",2026-05-24
russia2,2007-2008,2007,0.3396404760511632,"hockeystats.com/data/NHLe_Temporal.csv (NHLe page; Bacon/TopDownHockey, era-varying network NHLe)",2026-05-24
russia2,2008-2009,2008,0.2896941566740623,"hockeystats.com/data/NHLe_Temporal.csv (NHLe page; Bacon/TopDownHockey, era-varying network NHLe)",2026-05-24
russia2,2009-2010,2009,0.2963543725709063,"hockeystats.com/data/NHLe_Temporal.csv (NHLe page; Bacon/TopDownHockey, era-varying network NHLe)",2026-05-24
russia2,2010-2011,2010,0.2745544257241173,"hockeystats.com/data/NHLe_Temporal.csv (NHLe page; Bacon/TopDownHockey, era-varying network NHLe)",2026-05-24
russia2,2011-2012,2011,0.2668395405978236,"hockeystats.com/data/NHLe_Temporal.csv (NHLe page; Bacon/TopDownHockey, era-varying network NHLe)",2026-05-24
russia2,2013-2014,2013,0.243629103675923,"hockeystats.com/data/NHLe_Temporal.csv (NHLe page; Bacon/TopDownHockey, era-varying network NHLe)",2026-05-24
russia3,2006-2007,2006,0.1775815770896723,"hockeystats.com/data/NHLe_Temporal.csv (NHLe page; Bacon/TopDownHockey, era-varying network NHLe)",2026-05-24
russia3,2007-2008,2007,0.1446614079168003,"hockeystats.com/data/NHLe_Temporal.csv (NHLe page; Bacon/TopDownHockey, era-varying network NHLe)",2026-05-24
russia3,2008-2009,2008,0.1260755259830418,"hockeystats.com/data/NHLe_Temporal.csv (NHLe page; Bacon/TopDownHockey, era-varying network NHLe)",2026-05-24
russia3,2009-2010,2009,0.1246526732699578,"hockeystats.com/data/NHLe_Temporal.csv (NHLe page; Bacon/TopDownHockey, era-varying network NHLe)",2026-05-24
russia3,2010-2011,2010,0.1136188283174073,"hockeystats.com/data/NHLe_Temporal.csv (NHLe page; Bacon/TopDownHockey, era-varying network NHLe)",2026-05-24
russia3,2011-2012,2011,0.1097951598432343,"hockeystats.com/data/NHLe_Temporal.csv (NHLe page; Bacon/TopDownHockey, era-varying network NHLe)",2026-05-24
russia3,2013-2014,2013,0.1136340424414221,"hockeystats.com/data/NHLe_Temporal.csv (NHLe page; Bacon/TopDownHockey, era-varying network NHLe)",2026-05-24
russia3,2014-2015,2014,0.0891276445471397,"hockeystats.com/data/NHLe_Temporal.csv (NHLe page; Bacon/TopDownHockey, era-varying network NHLe)",2026-05-24
russia3,2015-2016,2015,0.1015663532854219,"hockeystats.com/data/NHLe_Temporal.csv (NHLe page; Bacon/TopDownHockey, era-varying network NHLe)",2026-05-24
russia3,2016-2017,2016,0.0986318619070138,"hockeystats.com/data/NHLe_Temporal.csv (NHLe page; Bacon/TopDownHockey, era-varying network NHLe)",2026-05-24
russia3,2017-2018,2017,0.1050364378960172,"hockeystats.com/data/NHLe_Temporal.csv (NHLe page; Bacon/TopDownHockey, era-varying network NHLe)",2026-05-24
russia3,2018-2019,2018,0.1093148800174093,"hockeystats.com/data/NHLe_Temporal.csv (NHLe page; Bacon/TopDownHockey, era-varying network NHLe)",2026-05-24
russia3,2019-2020,2019,0.0908897719198979,"hockeystats.com/data/NHLe_Temporal.csv (NHLe page; Bacon/TopDownHockey, era-varying network NHLe)",2026-05-24
russia3,2020-2021,2020,0.1004976644493479,"hockeystats.com/data/NHLe_Temporal.csv (NHLe page; Bacon/TopDownHockey, era-varying network NHLe)",2026-05-24
russia3,2021-2022,2021,0.0883947495832087,"hockeystats.com/data/NHLe_Temporal.csv (NHLe page; Bacon/TopDownHockey, era-varying network NHLe)",2026-05-24
russia3,2022-2023,2022,0.0841809644753903,"hockeystats.com/data/NHLe_Temporal.csv (NHLe page; Bacon/TopDownHockey, era-varying network NHLe)",2026-05-24
russia3,2023-2024,2023,0.0958655027129611,"hockeystats.com/data/NHLe_Temporal.csv (NHLe page; Bacon/TopDownHockey, era-varying network NHLe)",2026-05-24
russia3,2024-2025,2024,0.0950969715429453,"hockeystats.com/data/NHLe_Temporal.csv (NHLe page; Bacon/TopDownHockey, era-varying network NHLe)",2026-05-24
russia3,2025-2026,2025,0.0952492225463165,"hockeystats.com/data/NHLe_Temporal.csv (NHLe page; Bacon/TopDownHockey, era-varying network NHLe)",2026-05-24
scta-u18,2008-2009,2008,0.0235020668216247,"hockeystats.com/data/NHLe_Temporal.csv (NHLe page; Bacon/TopDownHockey, era-varying network NHLe)",2026-05-24
scta-u18,2009-2010,2009,0.0204828201007719,"hockeystats.com/data/NHLe_Temporal.csv (NHLe page; Bacon/TopDownHockey, era-varying network NHLe)",2026-05-24
scta-u18,2010-2011,2010,0.020654350707079,"hockeystats.com/data/NHLe_Temporal.csv (NHLe page; Bacon/TopDownHockey, era-varying network NHLe)",2026-05-24
scta-u18,2011-2012,2011,0.0209304959723038,"hockeystats.com/data/NHLe_Temporal.csv (NHLe page; Bacon/TopDownHockey, era-varying network NHLe)",2026-05-24
scta-u18,2013-2014,2013,0.0213407421595477,"hockeystats.com/data/NHLe_Temporal.csv (NHLe page; Bacon/TopDownHockey, era-varying network NHLe)",2026-05-24
scta-u18,2014-2015,2014,0.0095009326091222,"hockeystats.com/data/NHLe_Temporal.csv (NHLe page; Bacon/TopDownHockey, era-varying network NHLe)",2026-05-24
scta-u18,2015-2016,2015,0.009380092151734,"hockeystats.com/data/NHLe_Temporal.csv (NHLe page; Bacon/TopDownHockey, era-varying network NHLe)",2026-05-24
scta-u18,2016-2017,2016,0.0134300775975015,"hockeystats.com/data/NHLe_Temporal.csv (NHLe page; Bacon/TopDownHockey, era-varying network NHLe)",2026-05-24
scta-u18,2017-2018,2017,0.0158938369277791,"hockeystats.com/data/NHLe_Temporal.csv (NHLe page; Bacon/TopDownHockey, era-varying network NHLe)",2026-05-24
scta-u18,2018-2019,2018,0.0122842583356361,"hockeystats.com/data/NHLe_Temporal.csv (NHLe page; Bacon/TopDownHockey, era-varying network NHLe)",2026-05-24
scta-u18,2019-2020,2019,0.0164295360578072,"hockeystats.com/data/NHLe_Temporal.csv (NHLe page; Bacon/TopDownHockey, era-varying network NHLe)",2026-05-24
scta-u18,2020-2021,2020,0.0203442891683876,"hockeystats.com/data/NHLe_Temporal.csv (NHLe page; Bacon/TopDownHockey, era-varying network NHLe)",2026-05-24
scta-u18,2021-2022,2021,0.0172022116149086,"hockeystats.com/data/NHLe_Temporal.csv (NHLe page; Bacon/TopDownHockey, era-varying network NHLe)",2026-05-24
scta-u18,2022-2023,2022,0.0160255203401381,"hockeystats.com/data/NHLe_Temporal.csv (NHLe page; Bacon/TopDownHockey, era-varying network NHLe)",2026-05-24
scta-u18,2023-2024,2023,0.0136490307863756,"hockeystats.com/data/NHLe_Temporal.csv (NHLe page; Bacon/TopDownHockey, era-varying network NHLe)",2026-05-24
scta-u18,2024-2025,2024,0.0104602646162103,"hockeystats.com/data/NHLe_Temporal.csv (NHLe page; Bacon/TopDownHockey, era-varying network NHLe)",2026-05-24
scta-u18,2025-2026,2025,0.012433204217472,"hockeystats.com/data/NHLe_Temporal.csv (NHLe page; Bacon/TopDownHockey, era-varying network NHLe)",2026-05-24
shl,2006-2007,2006,0.454504447676432,"hockeystats.com/data/NHLe_Temporal.csv (NHLe page; Bacon/TopDownHockey, era-varying network NHLe)",2026-05-24
shl,2007-2008,2007,0.5364280520564736,"hockeystats.com/data/NHLe_Temporal.csv (NHLe page; Bacon/TopDownHockey, era-varying network NHLe)",2026-05-24
shl,2008-2009,2008,0.5151919855014201,"hockeystats.com/data/NHLe_Temporal.csv (NHLe page; Bacon/TopDownHockey, era-varying network NHLe)",2026-05-24
shl,2009-2010,2009,0.513650244172422,"hockeystats.com/data/NHLe_Temporal.csv (NHLe page; Bacon/TopDownHockey, era-varying network NHLe)",2026-05-24
shl,2010-2011,2010,0.5095161215068883,"hockeystats.com/data/NHLe_Temporal.csv (NHLe page; Bacon/TopDownHockey, era-varying network NHLe)",2026-05-24
shl,2011-2012,2011,0.490378779582679,"hockeystats.com/data/NHLe_Temporal.csv (NHLe page; Bacon/TopDownHockey, era-varying network NHLe)",2026-05-24
shl,2013-2014,2013,0.4914977739080671,"hockeystats.com/data/NHLe_Temporal.csv (NHLe page; Bacon/TopDownHockey, era-varying network NHLe)",2026-05-24
shl,2014-2015,2014,0.4411484153888738,"hockeystats.com/data/NHLe_Temporal.csv (NHLe page; Bacon/TopDownHockey, era-varying network NHLe)",2026-05-24
shl,2015-2016,2015,0.4051681834924739,"hockeystats.com/data/NHLe_Temporal.csv (NHLe page; Bacon/TopDownHockey, era-varying network NHLe)",2026-05-24
shl,2016-2017,2016,0.404420033201356,"hockeystats.com/data/NHLe_Temporal.csv (NHLe page; Bacon/TopDownHockey, era-varying network NHLe)",2026-05-24
shl,2017-2018,2017,0.3930505033240592,"hockeystats.com/data/NHLe_Temporal.csv (NHLe page; Bacon/TopDownHockey, era-varying network NHLe)",2026-05-24
shl,2018-2019,2018,0.3804381020868794,"hockeystats.com/data/NHLe_Temporal.csv (NHLe page; Bacon/TopDownHockey, era-varying network NHLe)",2026-05-24
shl,2019-2020,2019,0.3780976149167864,"hockeystats.com/data/NHLe_Temporal.csv (NHLe page; Bacon/TopDownHockey, era-varying network NHLe)",2026-05-24
shl,2020-2021,2020,0.3685685395031556,"hockeystats.com/data/NHLe_Temporal.csv (NHLe page; Bacon/TopDownHockey, era-varying network NHLe)",2026-05-24
shl,2021-2022,2021,0.3695106429104284,"hockeystats.com/data/NHLe_Temporal.csv (NHLe page; Bacon/TopDownHockey, era-varying network NHLe)",2026-05-24
shl,2022-2023,2022,0.375615354741763,"hockeystats.com/data/NHLe_Temporal.csv (NHLe page; Bacon/TopDownHockey, era-varying network NHLe)",2026-05-24
shl,2023-2024,2023,0.3825024401700637,"hockeystats.com/data/NHLe_Temporal.csv (NHLe page; Bacon/TopDownHockey, era-varying network NHLe)",2026-05-24
shl,2024-2025,2024,0.3798707870611418,"hockeystats.com/data/NHLe_Temporal.csv (NHLe page; Bacon/TopDownHockey, era-varying network NHLe)",2026-05-24
shl,2025-2026,2025,0.4107091421214759,"hockeystats.com/data/NHLe_Temporal.csv (NHLe page; Bacon/TopDownHockey, era-varying network NHLe)",2026-05-24
sjhl,2006-2007,2006,0.0638534633946155,"hockeystats.com/data/NHLe_Temporal.csv (NHLe page; Bacon/TopDownHockey, era-varying network NHLe)",2026-05-24
sjhl,2007-2008,2007,0.0566972828203221,"hockeystats.com/data/NHLe_Temporal.csv (NHLe page; Bacon/TopDownHockey, era-varying network NHLe)",2026-05-24
sjhl,2008-2009,2008,0.0501709875031248,"hockeystats.com/data/NHLe_Temporal.csv (NHLe page; Bacon/TopDownHockey, era-varying network NHLe)",2026-05-24
sjhl,2009-2010,2009,0.0551167417115377,"hockeystats.com/data/NHLe_Temporal.csv (NHLe page; Bacon/TopDownHockey, era-varying network NHLe)",2026-05-24
sjhl,2010-2011,2010,0.0539386664965035,"hockeystats.com/data/NHLe_Temporal.csv (NHLe page; Bacon/TopDownHockey, era-varying network NHLe)",2026-05-24
sjhl,2011-2012,2011,0.0603138336202513,"hockeystats.com/data/NHLe_Temporal.csv (NHLe page; Bacon/TopDownHockey, era-varying network NHLe)",2026-05-24
sjhl,2013-2014,2013,0.0563131181467454,"hockeystats.com/data/NHLe_Temporal.csv (NHLe page; Bacon/TopDownHockey, era-varying network NHLe)",2026-05-24
sjhl,2014-2015,2014,0.058116187871968,"hockeystats.com/data/NHLe_Temporal.csv (NHLe page; Bacon/TopDownHockey, era-varying network NHLe)",2026-05-24
sjhl,2015-2016,2015,0.0598362531854882,"hockeystats.com/data/NHLe_Temporal.csv (NHLe page; Bacon/TopDownHockey, era-varying network NHLe)",2026-05-24
sjhl,2016-2017,2016,0.0676024082132468,"hockeystats.com/data/NHLe_Temporal.csv (NHLe page; Bacon/TopDownHockey, era-varying network NHLe)",2026-05-24
sjhl,2017-2018,2017,0.0678761744145809,"hockeystats.com/data/NHLe_Temporal.csv (NHLe page; Bacon/TopDownHockey, era-varying network NHLe)",2026-05-24
sjhl,2018-2019,2018,0.0602212881183278,"hockeystats.com/data/NHLe_Temporal.csv (NHLe page; Bacon/TopDownHockey, era-varying network NHLe)",2026-05-24
sjhl,2019-2020,2019,0.0606786795615661,"hockeystats.com/data/NHLe_Temporal.csv (NHLe page; Bacon/TopDownHockey, era-varying network NHLe)",2026-05-24
sjhl,2020-2021,2020,0.0557149320825842,"hockeystats.com/data/NHLe_Temporal.csv (NHLe page; Bacon/TopDownHockey, era-varying network NHLe)",2026-05-24
sjhl,2021-2022,2021,0.0486028106185556,"hockeystats.com/data/NHLe_Temporal.csv (NHLe page; Bacon/TopDownHockey, era-varying network NHLe)",2026-05-24
sjhl,2022-2023,2022,0.0454883545837484,"hockeystats.com/data/NHLe_Temporal.csv (NHLe page; Bacon/TopDownHockey, era-varying network NHLe)",2026-05-24
sjhl,2023-2024,2023,0.0476017647453237,"hockeystats.com/data/NHLe_Temporal.csv (NHLe page; Bacon/TopDownHockey, era-varying network NHLe)",2026-05-24
sjhl,2024-2025,2024,0.042378202771769,"hockeystats.com/data/NHLe_Temporal.csv (NHLe page; Bacon/TopDownHockey, era-varying network NHLe)",2026-05-24
sjhl,2025-2026,2025,0.0481125720025085,"hockeystats.com/data/NHLe_Temporal.csv (NHLe page; Bacon/TopDownHockey, era-varying network NHLe)",2026-05-24
sl,2006-2007,2006,0.1046733394575492,"hockeystats.com/data/NHLe_Temporal.csv (NHLe page; Bacon/TopDownHockey, era-varying network NHLe)",2026-05-24
sl,2007-2008,2007,0.1031181768966645,"hockeystats.com/data/NHLe_Temporal.csv (NHLe page; Bacon/TopDownHockey, era-varying network NHLe)",2026-05-24
sl,2008-2009,2008,0.1033481824366973,"hockeystats.com/data/NHLe_Temporal.csv (NHLe page; Bacon/TopDownHockey, era-varying network NHLe)",2026-05-24
sl,2009-2010,2009,0.1013435112541938,"hockeystats.com/data/NHLe_Temporal.csv (NHLe page; Bacon/TopDownHockey, era-varying network NHLe)",2026-05-24
sl,2010-2011,2010,0.1136125683781578,"hockeystats.com/data/NHLe_Temporal.csv (NHLe page; Bacon/TopDownHockey, era-varying network NHLe)",2026-05-24
sl,2011-2012,2011,0.1325285389332623,"hockeystats.com/data/NHLe_Temporal.csv (NHLe page; Bacon/TopDownHockey, era-varying network NHLe)",2026-05-24
sl,2013-2014,2013,0.1884324934279376,"hockeystats.com/data/NHLe_Temporal.csv (NHLe page; Bacon/TopDownHockey, era-varying network NHLe)",2026-05-24
sl,2014-2015,2014,0.1554367290571058,"hockeystats.com/data/NHLe_Temporal.csv (NHLe page; Bacon/TopDownHockey, era-varying network NHLe)",2026-05-24
sl,2015-2016,2015,0.133063100081228,"hockeystats.com/data/NHLe_Temporal.csv (NHLe page; Bacon/TopDownHockey, era-varying network NHLe)",2026-05-24
sl,2016-2017,2016,0.1346665036423126,"hockeystats.com/data/NHLe_Temporal.csv (NHLe page; Bacon/TopDownHockey, era-varying network NHLe)",2026-05-24
sl,2017-2018,2017,0.1287657958090143,"hockeystats.com/data/NHLe_Temporal.csv (NHLe page; Bacon/TopDownHockey, era-varying network NHLe)",2026-05-24
sl,2018-2019,2018,0.134477933988156,"hockeystats.com/data/NHLe_Temporal.csv (NHLe page; Bacon/TopDownHockey, era-varying network NHLe)",2026-05-24
sl,2019-2020,2019,0.1373816493933163,"hockeystats.com/data/NHLe_Temporal.csv (NHLe page; Bacon/TopDownHockey, era-varying network NHLe)",2026-05-24
sl,2020-2021,2020,0.1324062327259195,"hockeystats.com/data/NHLe_Temporal.csv (NHLe page; Bacon/TopDownHockey, era-varying network NHLe)",2026-05-24
sl,2021-2022,2021,0.1435778654926651,"hockeystats.com/data/NHLe_Temporal.csv (NHLe page; Bacon/TopDownHockey, era-varying network NHLe)",2026-05-24
sl,2022-2023,2022,0.1451465390185304,"hockeystats.com/data/NHLe_Temporal.csv (NHLe page; Bacon/TopDownHockey, era-varying network NHLe)",2026-05-24
sl,2023-2024,2023,0.1367713548284553,"hockeystats.com/data/NHLe_Temporal.csv (NHLe page; Bacon/TopDownHockey, era-varying network NHLe)",2026-05-24
sl,2024-2025,2024,0.1478031167623185,"hockeystats.com/data/NHLe_Temporal.csv (NHLe page; Bacon/TopDownHockey, era-varying network NHLe)",2026-05-24
sl,2025-2026,2025,0.1500995840901052,"hockeystats.com/data/NHLe_Temporal.csv (NHLe page; Bacon/TopDownHockey, era-varying network NHLe)",2026-05-24
slovakia,2006-2007,2006,0.3476238580274537,"hockeystats.com/data/NHLe_Temporal.csv (NHLe page; Bacon/TopDownHockey, era-varying network NHLe)",2026-05-24
slovakia,2007-2008,2007,0.423425762941512,"hockeystats.com/data/NHLe_Temporal.csv (NHLe page; Bacon/TopDownHockey, era-varying network NHLe)",2026-05-24
slovakia,2008-2009,2008,0.378413844265089,"hockeystats.com/data/NHLe_Temporal.csv (NHLe page; Bacon/TopDownHockey, era-varying network NHLe)",2026-05-24
slovakia,2009-2010,2009,0.3269766776924062,"hockeystats.com/data/NHLe_Temporal.csv (NHLe page; Bacon/TopDownHockey, era-varying network NHLe)",2026-05-24
slovakia,2010-2011,2010,0.3064630904916172,"hockeystats.com/data/NHLe_Temporal.csv (NHLe page; Bacon/TopDownHockey, era-varying network NHLe)",2026-05-24
slovakia,2011-2012,2011,0.3048447834274619,"hockeystats.com/data/NHLe_Temporal.csv (NHLe page; Bacon/TopDownHockey, era-varying network NHLe)",2026-05-24
slovakia,2013-2014,2013,0.32795251861263,"hockeystats.com/data/NHLe_Temporal.csv (NHLe page; Bacon/TopDownHockey, era-varying network NHLe)",2026-05-24
slovakia,2014-2015,2014,0.2253394377634859,"hockeystats.com/data/NHLe_Temporal.csv (NHLe page; Bacon/TopDownHockey, era-varying network NHLe)",2026-05-24
slovakia,2015-2016,2015,0.1550949403789547,"hockeystats.com/data/NHLe_Temporal.csv (NHLe page; Bacon/TopDownHockey, era-varying network NHLe)",2026-05-24
slovakia,2016-2017,2016,0.1557280303929354,"hockeystats.com/data/NHLe_Temporal.csv (NHLe page; Bacon/TopDownHockey, era-varying network NHLe)",2026-05-24
slovakia,2017-2018,2017,0.159245323553569,"hockeystats.com/data/NHLe_Temporal.csv (NHLe page; Bacon/TopDownHockey, era-varying network NHLe)",2026-05-24
slovakia,2018-2019,2018,0.1703223939317633,"hockeystats.com/data/NHLe_Temporal.csv (NHLe page; Bacon/TopDownHockey, era-varying network NHLe)",2026-05-24
slovakia,2019-2020,2019,0.166157937894729,"hockeystats.com/data/NHLe_Temporal.csv (NHLe page; Bacon/TopDownHockey, era-varying network NHLe)",2026-05-24
slovakia,2020-2021,2020,0.1714792139413658,"hockeystats.com/data/NHLe_Temporal.csv (NHLe page; Bacon/TopDownHockey, era-varying network NHLe)",2026-05-24
slovakia,2021-2022,2021,0.1625576621788931,"hockeystats.com/data/NHLe_Temporal.csv (NHLe page; Bacon/TopDownHockey, era-varying network NHLe)",2026-05-24
slovakia,2022-2023,2022,0.1727190299097319,"hockeystats.com/data/NHLe_Temporal.csv (NHLe page; Bacon/TopDownHockey, era-varying network NHLe)",2026-05-24
slovakia,2023-2024,2023,0.1764823340428295,"hockeystats.com/data/NHLe_Temporal.csv (NHLe page; Bacon/TopDownHockey, era-varying network NHLe)",2026-05-24
slovakia,2024-2025,2024,0.16836628786666,"hockeystats.com/data/NHLe_Temporal.csv (NHLe page; Bacon/TopDownHockey, era-varying network NHLe)",2026-05-24
slovakia,2025-2026,2025,0.1775592652396856,"hockeystats.com/data/NHLe_Temporal.csv (NHLe page; Bacon/TopDownHockey, era-varying network NHLe)",2026-05-24
slovakia-u20,2006-2007,2006,0.0364400776487878,"hockeystats.com/data/NHLe_Temporal.csv (NHLe page; Bacon/TopDownHockey, era-varying network NHLe)",2026-05-24
slovakia-u20,2007-2008,2007,0.0431312695476413,"hockeystats.com/data/NHLe_Temporal.csv (NHLe page; Bacon/TopDownHockey, era-varying network NHLe)",2026-05-24
slovakia-u20,2008-2009,2008,0.0509119665044712,"hockeystats.com/data/NHLe_Temporal.csv (NHLe page; Bacon/TopDownHockey, era-varying network NHLe)",2026-05-24
slovakia-u20,2009-2010,2009,0.0528963653701334,"hockeystats.com/data/NHLe_Temporal.csv (NHLe page; Bacon/TopDownHockey, era-varying network NHLe)",2026-05-24
slovakia-u20,2010-2011,2010,0.0483634096549074,"hockeystats.com/data/NHLe_Temporal.csv (NHLe page; Bacon/TopDownHockey, era-varying network NHLe)",2026-05-24
slovakia-u20,2011-2012,2011,0.0448521917444993,"hockeystats.com/data/NHLe_Temporal.csv (NHLe page; Bacon/TopDownHockey, era-varying network NHLe)",2026-05-24
slovakia-u20,2013-2014,2013,0.046155696476497,"hockeystats.com/data/NHLe_Temporal.csv (NHLe page; Bacon/TopDownHockey, era-varying network NHLe)",2026-05-24
slovakia-u20,2014-2015,2014,0.0423918259066799,"hockeystats.com/data/NHLe_Temporal.csv (NHLe page; Bacon/TopDownHockey, era-varying network NHLe)",2026-05-24
slovakia-u20,2015-2016,2015,0.0215173508972983,"hockeystats.com/data/NHLe_Temporal.csv (NHLe page; Bacon/TopDownHockey, era-varying network NHLe)",2026-05-24
slovakia-u20,2016-2017,2016,0.0215402038859909,"hockeystats.com/data/NHLe_Temporal.csv (NHLe page; Bacon/TopDownHockey, era-varying network NHLe)",2026-05-24
slovakia-u20,2017-2018,2017,0.0217526774587047,"hockeystats.com/data/NHLe_Temporal.csv (NHLe page; Bacon/TopDownHockey, era-varying network NHLe)",2026-05-24
slovakia-u20,2018-2019,2018,0.0241925467932269,"hockeystats.com/data/NHLe_Temporal.csv (NHLe page; Bacon/TopDownHockey, era-varying network NHLe)",2026-05-24
slovakia-u20,2019-2020,2019,0.0230896024863573,"hockeystats.com/data/NHLe_Temporal.csv (NHLe page; Bacon/TopDownHockey, era-varying network NHLe)",2026-05-24
slovakia-u20,2020-2021,2020,0.0374091458515915,"hockeystats.com/data/NHLe_Temporal.csv (NHLe page; Bacon/TopDownHockey, era-varying network NHLe)",2026-05-24
slovakia-u20,2021-2022,2021,0.0215472187595608,"hockeystats.com/data/NHLe_Temporal.csv (NHLe page; Bacon/TopDownHockey, era-varying network NHLe)",2026-05-24
slovakia-u20,2022-2023,2022,0.0226094124361532,"hockeystats.com/data/NHLe_Temporal.csv (NHLe page; Bacon/TopDownHockey, era-varying network NHLe)",2026-05-24
slovakia-u20,2023-2024,2023,0.0222597462992904,"hockeystats.com/data/NHLe_Temporal.csv (NHLe page; Bacon/TopDownHockey, era-varying network NHLe)",2026-05-24
slovakia-u20,2024-2025,2024,0.022118470387745,"hockeystats.com/data/NHLe_Temporal.csv (NHLe page; Bacon/TopDownHockey, era-varying network NHLe)",2026-05-24
slovakia-u20,2025-2026,2025,0.0298115364055363,"hockeystats.com/data/NHLe_Temporal.csv (NHLe page; Bacon/TopDownHockey, era-varying network NHLe)",2026-05-24
slovakia2,2006-2007,2006,0.0898276005864252,"hockeystats.com/data/NHLe_Temporal.csv (NHLe page; Bacon/TopDownHockey, era-varying network NHLe)",2026-05-24
slovakia2,2007-2008,2007,0.0861588934575343,"hockeystats.com/data/NHLe_Temporal.csv (NHLe page; Bacon/TopDownHockey, era-varying network NHLe)",2026-05-24
slovakia2,2008-2009,2008,0.0825502268892534,"hockeystats.com/data/NHLe_Temporal.csv (NHLe page; Bacon/TopDownHockey, era-varying network NHLe)",2026-05-24
slovakia2,2009-2010,2009,0.0859275752474795,"hockeystats.com/data/NHLe_Temporal.csv (NHLe page; Bacon/TopDownHockey, era-varying network NHLe)",2026-05-24
slovakia2,2010-2011,2010,0.0803235033593143,"hockeystats.com/data/NHLe_Temporal.csv (NHLe page; Bacon/TopDownHockey, era-varying network NHLe)",2026-05-24
slovakia2,2011-2012,2011,0.0954922732725441,"hockeystats.com/data/NHLe_Temporal.csv (NHLe page; Bacon/TopDownHockey, era-varying network NHLe)",2026-05-24
slovakia2,2013-2014,2013,0.1130917407228361,"hockeystats.com/data/NHLe_Temporal.csv (NHLe page; Bacon/TopDownHockey, era-varying network NHLe)",2026-05-24
slovakia2,2014-2015,2014,0.0915554766238271,"hockeystats.com/data/NHLe_Temporal.csv (NHLe page; Bacon/TopDownHockey, era-varying network NHLe)",2026-05-24
slovakia2,2015-2016,2015,0.0744395170719501,"hockeystats.com/data/NHLe_Temporal.csv (NHLe page; Bacon/TopDownHockey, era-varying network NHLe)",2026-05-24
slovakia2,2016-2017,2016,0.0740666122017903,"hockeystats.com/data/NHLe_Temporal.csv (NHLe page; Bacon/TopDownHockey, era-varying network NHLe)",2026-05-24
slovakia2,2017-2018,2017,0.0713181980507689,"hockeystats.com/data/NHLe_Temporal.csv (NHLe page; Bacon/TopDownHockey, era-varying network NHLe)",2026-05-24
slovakia2,2018-2019,2018,0.064380265662522,"hockeystats.com/data/NHLe_Temporal.csv (NHLe page; Bacon/TopDownHockey, era-varying network NHLe)",2026-05-24
slovakia2,2019-2020,2019,0.0578580528558696,"hockeystats.com/data/NHLe_Temporal.csv (NHLe page; Bacon/TopDownHockey, era-varying network NHLe)",2026-05-24
slovakia2,2020-2021,2020,0.0721035751460896,"hockeystats.com/data/NHLe_Temporal.csv (NHLe page; Bacon/TopDownHockey, era-varying network NHLe)",2026-05-24
slovakia2,2021-2022,2021,0.0628037981369181,"hockeystats.com/data/NHLe_Temporal.csv (NHLe page; Bacon/TopDownHockey, era-varying network NHLe)",2026-05-24
slovakia2,2022-2023,2022,0.0671613061913645,"hockeystats.com/data/NHLe_Temporal.csv (NHLe page; Bacon/TopDownHockey, era-varying network NHLe)",2026-05-24
slovakia2,2023-2024,2023,0.0678771301047518,"hockeystats.com/data/NHLe_Temporal.csv (NHLe page; Bacon/TopDownHockey, era-varying network NHLe)",2026-05-24
slovakia2,2024-2025,2024,0.0659145724283797,"hockeystats.com/data/NHLe_Temporal.csv (NHLe page; Bacon/TopDownHockey, era-varying network NHLe)",2026-05-24
slovakia2,2025-2026,2025,0.0715764699782076,"hockeystats.com/data/NHLe_Temporal.csv (NHLe page; Bacon/TopDownHockey, era-varying network NHLe)",2026-05-24
smaaahl,2006-2007,2006,0.0311083690786341,"hockeystats.com/data/NHLe_Temporal.csv (NHLe page; Bacon/TopDownHockey, era-varying network NHLe)",2026-05-24
smaaahl,2007-2008,2007,0.0295261059467089,"hockeystats.com/data/NHLe_Temporal.csv (NHLe page; Bacon/TopDownHockey, era-varying network NHLe)",2026-05-24
smaaahl,2008-2009,2008,0.0268305137123605,"hockeystats.com/data/NHLe_Temporal.csv (NHLe page; Bacon/TopDownHockey, era-varying network NHLe)",2026-05-24
smaaahl,2009-2010,2009,0.025719436770079,"hockeystats.com/data/NHLe_Temporal.csv (NHLe page; Bacon/TopDownHockey, era-varying network NHLe)",2026-05-24
smaaahl,2010-2011,2010,0.0210003909980374,"hockeystats.com/data/NHLe_Temporal.csv (NHLe page; Bacon/TopDownHockey, era-varying network NHLe)",2026-05-24
smaaahl,2011-2012,2011,0.020375498329134,"hockeystats.com/data/NHLe_Temporal.csv (NHLe page; Bacon/TopDownHockey, era-varying network NHLe)",2026-05-24
smaaahl,2013-2014,2013,0.0192881574759309,"hockeystats.com/data/NHLe_Temporal.csv (NHLe page; Bacon/TopDownHockey, era-varying network NHLe)",2026-05-24
smaaahl,2014-2015,2014,0.0163725939906884,"hockeystats.com/data/NHLe_Temporal.csv (NHLe page; Bacon/TopDownHockey, era-varying network NHLe)",2026-05-24
smaaahl,2015-2016,2015,0.0160503305923808,"hockeystats.com/data/NHLe_Temporal.csv (NHLe page; Bacon/TopDownHockey, era-varying network NHLe)",2026-05-24
smaaahl,2016-2017,2016,0.016437757149502,"hockeystats.com/data/NHLe_Temporal.csv (NHLe page; Bacon/TopDownHockey, era-varying network NHLe)",2026-05-24
smaaahl,2017-2018,2017,0.0169994347488371,"hockeystats.com/data/NHLe_Temporal.csv (NHLe page; Bacon/TopDownHockey, era-varying network NHLe)",2026-05-24
smaaahl,2018-2019,2018,0.0175504664637535,"hockeystats.com/data/NHLe_Temporal.csv (NHLe page; Bacon/TopDownHockey, era-varying network NHLe)",2026-05-24
smaaahl,2019-2020,2019,0.0172940743092389,"hockeystats.com/data/NHLe_Temporal.csv (NHLe page; Bacon/TopDownHockey, era-varying network NHLe)",2026-05-24
smaaahl,2020-2021,2020,0.0183650004359625,"hockeystats.com/data/NHLe_Temporal.csv (NHLe page; Bacon/TopDownHockey, era-varying network NHLe)",2026-05-24
smaaahl,2021-2022,2021,0.0177707611582483,"hockeystats.com/data/NHLe_Temporal.csv (NHLe page; Bacon/TopDownHockey, era-varying network NHLe)",2026-05-24
smaaahl,2022-2023,2022,0.0181908188509955,"hockeystats.com/data/NHLe_Temporal.csv (NHLe page; Bacon/TopDownHockey, era-varying network NHLe)",2026-05-24
smaaahl,2023-2024,2023,0.0187206622069575,"hockeystats.com/data/NHLe_Temporal.csv (NHLe page; Bacon/TopDownHockey, era-varying network NHLe)",2026-05-24
smaaahl,2024-2025,2024,0.0177168684898306,"hockeystats.com/data/NHLe_Temporal.csv (NHLe page; Bacon/TopDownHockey, era-varying network NHLe)",2026-05-24
smaaahl,2025-2026,2025,0.018634920794511,"hockeystats.com/data/NHLe_Temporal.csv (NHLe page; Bacon/TopDownHockey, era-varying network NHLe)",2026-05-24
t1ehl-16u,2006-2007,2006,0.0254876818819183,"hockeystats.com/data/NHLe_Temporal.csv (NHLe page; Bacon/TopDownHockey, era-varying network NHLe)",2026-05-24
t1ehl-16u,2007-2008,2007,0.0222189161676815,"hockeystats.com/data/NHLe_Temporal.csv (NHLe page; Bacon/TopDownHockey, era-varying network NHLe)",2026-05-24
t1ehl-16u,2008-2009,2008,0.0250552457192413,"hockeystats.com/data/NHLe_Temporal.csv (NHLe page; Bacon/TopDownHockey, era-varying network NHLe)",2026-05-24
t1ehl-16u,2009-2010,2009,0.0264358557088302,"hockeystats.com/data/NHLe_Temporal.csv (NHLe page; Bacon/TopDownHockey, era-varying network NHLe)",2026-05-24
t1ehl-16u,2010-2011,2010,0.0341267935200532,"hockeystats.com/data/NHLe_Temporal.csv (NHLe page; Bacon/TopDownHockey, era-varying network NHLe)",2026-05-24
t1ehl-16u,2011-2012,2011,0.0388115951299389,"hockeystats.com/data/NHLe_Temporal.csv (NHLe page; Bacon/TopDownHockey, era-varying network NHLe)",2026-05-24
t1ehl-16u,2013-2014,2013,0.0328373053867853,"hockeystats.com/data/NHLe_Temporal.csv (NHLe page; Bacon/TopDownHockey, era-varying network NHLe)",2026-05-24
t1ehl-16u,2014-2015,2014,0.0296691467177632,"hockeystats.com/data/NHLe_Temporal.csv (NHLe page; Bacon/TopDownHockey, era-varying network NHLe)",2026-05-24
t1ehl-16u,2015-2016,2015,0.0309815942609937,"hockeystats.com/data/NHLe_Temporal.csv (NHLe page; Bacon/TopDownHockey, era-varying network NHLe)",2026-05-24
t1ehl-16u,2016-2017,2016,0.0298168594316896,"hockeystats.com/data/NHLe_Temporal.csv (NHLe page; Bacon/TopDownHockey, era-varying network NHLe)",2026-05-24
t1ehl-16u,2017-2018,2017,0.0352501052655282,"hockeystats.com/data/NHLe_Temporal.csv (NHLe page; Bacon/TopDownHockey, era-varying network NHLe)",2026-05-24
t1ehl-16u,2018-2019,2018,0.0334492333410809,"hockeystats.com/data/NHLe_Temporal.csv (NHLe page; Bacon/TopDownHockey, era-varying network NHLe)",2026-05-24
t1ehl-16u,2019-2020,2019,0.0332241999401951,"hockeystats.com/data/NHLe_Temporal.csv (NHLe page; Bacon/TopDownHockey, era-varying network NHLe)",2026-05-24
t1ehl-16u,2020-2021,2020,0.0297294941504047,"hockeystats.com/data/NHLe_Temporal.csv (NHLe page; Bacon/TopDownHockey, era-varying network NHLe)",2026-05-24
t1ehl-16u,2021-2022,2021,0.0282048790180701,"hockeystats.com/data/NHLe_Temporal.csv (NHLe page; Bacon/TopDownHockey, era-varying network NHLe)",2026-05-24
t1ehl-16u,2022-2023,2022,0.0296986335295317,"hockeystats.com/data/NHLe_Temporal.csv (NHLe page; Bacon/TopDownHockey, era-varying network NHLe)",2026-05-24
t1ehl-16u,2023-2024,2023,0.0262617024775943,"hockeystats.com/data/NHLe_Temporal.csv (NHLe page; Bacon/TopDownHockey, era-varying network NHLe)",2026-05-24
t1ehl-16u,2024-2025,2024,0.0283314768018773,"hockeystats.com/data/NHLe_Temporal.csv (NHLe page; Bacon/TopDownHockey, era-varying network NHLe)",2026-05-24
t1ehl-16u,2025-2026,2025,0.0288769834002317,"hockeystats.com/data/NHLe_Temporal.csv (NHLe page; Bacon/TopDownHockey, era-varying network NHLe)",2026-05-24
t1ehl-18u,2006-2007,2006,0.0284265918910851,"hockeystats.com/data/NHLe_Temporal.csv (NHLe page; Bacon/TopDownHockey, era-varying network NHLe)",2026-05-24
t1ehl-18u,2007-2008,2007,0.031198509820598,"hockeystats.com/data/NHLe_Temporal.csv (NHLe page; Bacon/TopDownHockey, era-varying network NHLe)",2026-05-24
t1ehl-18u,2008-2009,2008,0.036689091254614,"hockeystats.com/data/NHLe_Temporal.csv (NHLe page; Bacon/TopDownHockey, era-varying network NHLe)",2026-05-24
t1ehl-18u,2009-2010,2009,0.0480040715355759,"hockeystats.com/data/NHLe_Temporal.csv (NHLe page; Bacon/TopDownHockey, era-varying network NHLe)",2026-05-24
t1ehl-18u,2010-2011,2010,0.0594994444085148,"hockeystats.com/data/NHLe_Temporal.csv (NHLe page; Bacon/TopDownHockey, era-varying network NHLe)",2026-05-24
t1ehl-18u,2011-2012,2011,0.0574376490459747,"hockeystats.com/data/NHLe_Temporal.csv (NHLe page; Bacon/TopDownHockey, era-varying network NHLe)",2026-05-24
t1ehl-18u,2013-2014,2013,0.051356105093866,"hockeystats.com/data/NHLe_Temporal.csv (NHLe page; Bacon/TopDownHockey, era-varying network NHLe)",2026-05-24
t1ehl-18u,2014-2015,2014,0.0421535166735746,"hockeystats.com/data/NHLe_Temporal.csv (NHLe page; Bacon/TopDownHockey, era-varying network NHLe)",2026-05-24
t1ehl-18u,2015-2016,2015,0.0397496138676478,"hockeystats.com/data/NHLe_Temporal.csv (NHLe page; Bacon/TopDownHockey, era-varying network NHLe)",2026-05-24
t1ehl-18u,2016-2017,2016,0.0404507069195903,"hockeystats.com/data/NHLe_Temporal.csv (NHLe page; Bacon/TopDownHockey, era-varying network NHLe)",2026-05-24
t1ehl-18u,2017-2018,2017,0.0431645864526098,"hockeystats.com/data/NHLe_Temporal.csv (NHLe page; Bacon/TopDownHockey, era-varying network NHLe)",2026-05-24
t1ehl-18u,2018-2019,2018,0.0449491487893183,"hockeystats.com/data/NHLe_Temporal.csv (NHLe page; Bacon/TopDownHockey, era-varying network NHLe)",2026-05-24
t1ehl-18u,2019-2020,2019,0.0463361479758062,"hockeystats.com/data/NHLe_Temporal.csv (NHLe page; Bacon/TopDownHockey, era-varying network NHLe)",2026-05-24
t1ehl-18u,2020-2021,2020,0.039514388931358,"hockeystats.com/data/NHLe_Temporal.csv (NHLe page; Bacon/TopDownHockey, era-varying network NHLe)",2026-05-24
t1ehl-18u,2021-2022,2021,0.037220841679497,"hockeystats.com/data/NHLe_Temporal.csv (NHLe page; Bacon/TopDownHockey, era-varying network NHLe)",2026-05-24
t1ehl-18u,2022-2023,2022,0.0359194995516211,"hockeystats.com/data/NHLe_Temporal.csv (NHLe page; Bacon/TopDownHockey, era-varying network NHLe)",2026-05-24
t1ehl-18u,2023-2024,2023,0.0313805533450916,"hockeystats.com/data/NHLe_Temporal.csv (NHLe page; Bacon/TopDownHockey, era-varying network NHLe)",2026-05-24
t1ehl-18u,2024-2025,2024,0.033759524455929,"hockeystats.com/data/NHLe_Temporal.csv (NHLe page; Bacon/TopDownHockey, era-varying network NHLe)",2026-05-24
t1ehl-18u,2025-2026,2025,0.0395135881857938,"hockeystats.com/data/NHLe_Temporal.csv (NHLe page; Bacon/TopDownHockey, era-varying network NHLe)",2026-05-24
tv-pucken,2006-2007,2006,0.02484877593672,"hockeystats.com/data/NHLe_Temporal.csv (NHLe page; Bacon/TopDownHockey, era-varying network NHLe)",2026-05-24
tv-pucken,2007-2008,2007,0.0229791366364034,"hockeystats.com/data/NHLe_Temporal.csv (NHLe page; Bacon/TopDownHockey, era-varying network NHLe)",2026-05-24
tv-pucken,2008-2009,2008,0.0301981857554983,"hockeystats.com/data/NHLe_Temporal.csv (NHLe page; Bacon/TopDownHockey, era-varying network NHLe)",2026-05-24
tv-pucken,2009-2010,2009,0.0332168744868001,"hockeystats.com/data/NHLe_Temporal.csv (NHLe page; Bacon/TopDownHockey, era-varying network NHLe)",2026-05-24
tv-pucken,2010-2011,2010,0.0285260149457427,"hockeystats.com/data/NHLe_Temporal.csv (NHLe page; Bacon/TopDownHockey, era-varying network NHLe)",2026-05-24
tv-pucken,2011-2012,2011,0.0240100453560971,"hockeystats.com/data/NHLe_Temporal.csv (NHLe page; Bacon/TopDownHockey, era-varying network NHLe)",2026-05-24
tv-pucken,2013-2014,2013,0.0190044212532189,"hockeystats.com/data/NHLe_Temporal.csv (NHLe page; Bacon/TopDownHockey, era-varying network NHLe)",2026-05-24
tv-pucken,2014-2015,2014,0.0219771634367576,"hockeystats.com/data/NHLe_Temporal.csv (NHLe page; Bacon/TopDownHockey, era-varying network NHLe)",2026-05-24
tv-pucken,2015-2016,2015,0.0255068047863635,"hockeystats.com/data/NHLe_Temporal.csv (NHLe page; Bacon/TopDownHockey, era-varying network NHLe)",2026-05-24
tv-pucken,2016-2017,2016,0.0209471886047144,"hockeystats.com/data/NHLe_Temporal.csv (NHLe page; Bacon/TopDownHockey, era-varying network NHLe)",2026-05-24
tv-pucken,2017-2018,2017,0.0183792673836672,"hockeystats.com/data/NHLe_Temporal.csv (NHLe page; Bacon/TopDownHockey, era-varying network NHLe)",2026-05-24
tv-pucken,2018-2019,2018,0.0178272813950697,"hockeystats.com/data/NHLe_Temporal.csv (NHLe page; Bacon/TopDownHockey, era-varying network NHLe)",2026-05-24
tv-pucken,2019-2020,2019,0.016619873247228,"hockeystats.com/data/NHLe_Temporal.csv (NHLe page; Bacon/TopDownHockey, era-varying network NHLe)",2026-05-24
tv-pucken,2020-2021,2020,0.0173112843819522,"hockeystats.com/data/NHLe_Temporal.csv (NHLe page; Bacon/TopDownHockey, era-varying network NHLe)",2026-05-24
tv-pucken,2021-2022,2021,0.018369930340995,"hockeystats.com/data/NHLe_Temporal.csv (NHLe page; Bacon/TopDownHockey, era-varying network NHLe)",2026-05-24
tv-pucken,2022-2023,2022,0.0134536918505025,"hockeystats.com/data/NHLe_Temporal.csv (NHLe page; Bacon/TopDownHockey, era-varying network NHLe)",2026-05-24
tv-pucken,2023-2024,2023,0.011220776783853,"hockeystats.com/data/NHLe_Temporal.csv (NHLe page; Bacon/TopDownHockey, era-varying network NHLe)",2026-05-24
tv-pucken,2024-2025,2024,0.0123368748901084,"hockeystats.com/data/NHLe_Temporal.csv (NHLe page; Bacon/TopDownHockey, era-varying network NHLe)",2026-05-24
tv-pucken,2025-2026,2025,0.019188598019241,"hockeystats.com/data/NHLe_Temporal.csv (NHLe page; Bacon/TopDownHockey, era-varying network NHLe)",2026-05-24
u16-aaa,2009-2010,2009,0.0389591227791852,"hockeystats.com/data/NHLe_Temporal.csv (NHLe page; Bacon/TopDownHockey, era-varying network NHLe)",2026-05-24
u16-aaa,2010-2011,2010,0.0077727455005353,"hockeystats.com/data/NHLe_Temporal.csv (NHLe page; Bacon/TopDownHockey, era-varying network NHLe)",2026-05-24
u16-aaa,2011-2012,2011,0.029177643615881,"hockeystats.com/data/NHLe_Temporal.csv (NHLe page; Bacon/TopDownHockey, era-varying network NHLe)",2026-05-24
u16-aaa,2013-2014,2013,0.0199533998678434,"hockeystats.com/data/NHLe_Temporal.csv (NHLe page; Bacon/TopDownHockey, era-varying network NHLe)",2026-05-24
u16-aaa,2014-2015,2014,0.0162904369075165,"hockeystats.com/data/NHLe_Temporal.csv (NHLe page; Bacon/TopDownHockey, era-varying network NHLe)",2026-05-24
u16-aaa,2015-2016,2015,0.0174062747191299,"hockeystats.com/data/NHLe_Temporal.csv (NHLe page; Bacon/TopDownHockey, era-varying network NHLe)",2026-05-24
u16-aaa,2016-2017,2016,0.0162618480014811,"hockeystats.com/data/NHLe_Temporal.csv (NHLe page; Bacon/TopDownHockey, era-varying network NHLe)",2026-05-24
u16-aaa,2017-2018,2017,0.0189687573119361,"hockeystats.com/data/NHLe_Temporal.csv (NHLe page; Bacon/TopDownHockey, era-varying network NHLe)",2026-05-24
u16-aaa,2018-2019,2018,0.0192048384062771,"hockeystats.com/data/NHLe_Temporal.csv (NHLe page; Bacon/TopDownHockey, era-varying network NHLe)",2026-05-24
u16-aaa,2019-2020,2019,0.0232579701337364,"hockeystats.com/data/NHLe_Temporal.csv (NHLe page; Bacon/TopDownHockey, era-varying network NHLe)",2026-05-24
u16-aaa,2020-2021,2020,0.0229136431193525,"hockeystats.com/data/NHLe_Temporal.csv (NHLe page; Bacon/TopDownHockey, era-varying network NHLe)",2026-05-24
u16-aaa,2021-2022,2021,0.0218197708636042,"hockeystats.com/data/NHLe_Temporal.csv (NHLe page; Bacon/TopDownHockey, era-varying network NHLe)",2026-05-24
u16-aaa,2022-2023,2022,0.0209716265188719,"hockeystats.com/data/NHLe_Temporal.csv (NHLe page; Bacon/TopDownHockey, era-varying network NHLe)",2026-05-24
u16-aaa,2023-2024,2023,0.0190724397721563,"hockeystats.com/data/NHLe_Temporal.csv (NHLe page; Bacon/TopDownHockey, era-varying network NHLe)",2026-05-24
u16-aaa,2024-2025,2024,0.018410768359228,"hockeystats.com/data/NHLe_Temporal.csv (NHLe page; Bacon/TopDownHockey, era-varying network NHLe)",2026-05-24
u16-aaa,2025-2026,2025,0.0160263741837653,"hockeystats.com/data/NHLe_Temporal.csv (NHLe page; Bacon/TopDownHockey, era-varying network NHLe)",2026-05-24
u17-sm-sarja,2008-2009,2008,0.0021546679055793,"hockeystats.com/data/NHLe_Temporal.csv (NHLe page; Bacon/TopDownHockey, era-varying network NHLe)",2026-05-24
u17-sm-sarja,2009-2010,2009,0.0028712963298234,"hockeystats.com/data/NHLe_Temporal.csv (NHLe page; Bacon/TopDownHockey, era-varying network NHLe)",2026-05-24
u17-sm-sarja,2010-2011,2010,0.0043593139449354,"hockeystats.com/data/NHLe_Temporal.csv (NHLe page; Bacon/TopDownHockey, era-varying network NHLe)",2026-05-24
u17-sm-sarja,2011-2012,2011,0.0046502801843099,"hockeystats.com/data/NHLe_Temporal.csv (NHLe page; Bacon/TopDownHockey, era-varying network NHLe)",2026-05-24
u17-sm-sarja,2013-2014,2013,0.0064840546703779,"hockeystats.com/data/NHLe_Temporal.csv (NHLe page; Bacon/TopDownHockey, era-varying network NHLe)",2026-05-24
u17-sm-sarja,2015-2016,2015,0.0156337985428946,"hockeystats.com/data/NHLe_Temporal.csv (NHLe page; Bacon/TopDownHockey, era-varying network NHLe)",2026-05-24
u17-sm-sarja,2016-2017,2016,0.0143330451170517,"hockeystats.com/data/NHLe_Temporal.csv (NHLe page; Bacon/TopDownHockey, era-varying network NHLe)",2026-05-24
u17-sm-sarja,2017-2018,2017,0.0130980776222703,"hockeystats.com/data/NHLe_Temporal.csv (NHLe page; Bacon/TopDownHockey, era-varying network NHLe)",2026-05-24
u17-sm-sarja,2018-2019,2018,0.0124137801744621,"hockeystats.com/data/NHLe_Temporal.csv (NHLe page; Bacon/TopDownHockey, era-varying network NHLe)",2026-05-24
u17-sm-sarja,2019-2020,2019,0.0115291861028732,"hockeystats.com/data/NHLe_Temporal.csv (NHLe page; Bacon/TopDownHockey, era-varying network NHLe)",2026-05-24
u17-sm-sarja,2020-2021,2020,0.011956230613442,"hockeystats.com/data/NHLe_Temporal.csv (NHLe page; Bacon/TopDownHockey, era-varying network NHLe)",2026-05-24
u17-sm-sarja,2021-2022,2021,0.0067294466397328,"hockeystats.com/data/NHLe_Temporal.csv (NHLe page; Bacon/TopDownHockey, era-varying network NHLe)",2026-05-24
u17-sm-sarja,2022-2023,2022,0.0049532009502995,"hockeystats.com/data/NHLe_Temporal.csv (NHLe page; Bacon/TopDownHockey, era-varying network NHLe)",2026-05-24
u17-sm-sarja,2023-2024,2023,0.0111395781856379,"hockeystats.com/data/NHLe_Temporal.csv (NHLe page; Bacon/TopDownHockey, era-varying network NHLe)",2026-05-24
u18-aaa,2009-2010,2009,0.0186294312401766,"hockeystats.com/data/NHLe_Temporal.csv (NHLe page; Bacon/TopDownHockey, era-varying network NHLe)",2026-05-24
u18-aaa,2010-2011,2010,0.0235932845363677,"hockeystats.com/data/NHLe_Temporal.csv (NHLe page; Bacon/TopDownHockey, era-varying network NHLe)",2026-05-24
u18-aaa,2011-2012,2011,0.0434960416713027,"hockeystats.com/data/NHLe_Temporal.csv (NHLe page; Bacon/TopDownHockey, era-varying network NHLe)",2026-05-24
u18-aaa,2013-2014,2013,0.0374811221599611,"hockeystats.com/data/NHLe_Temporal.csv (NHLe page; Bacon/TopDownHockey, era-varying network NHLe)",2026-05-24
u18-aaa,2014-2015,2014,0.0265843198582236,"hockeystats.com/data/NHLe_Temporal.csv (NHLe page; Bacon/TopDownHockey, era-varying network NHLe)",2026-05-24
u18-aaa,2015-2016,2015,0.0204270065158178,"hockeystats.com/data/NHLe_Temporal.csv (NHLe page; Bacon/TopDownHockey, era-varying network NHLe)",2026-05-24
u18-aaa,2016-2017,2016,0.0199358731375951,"hockeystats.com/data/NHLe_Temporal.csv (NHLe page; Bacon/TopDownHockey, era-varying network NHLe)",2026-05-24
u18-aaa,2017-2018,2017,0.02387856523807,"hockeystats.com/data/NHLe_Temporal.csv (NHLe page; Bacon/TopDownHockey, era-varying network NHLe)",2026-05-24
u18-aaa,2018-2019,2018,0.0256997916348559,"hockeystats.com/data/NHLe_Temporal.csv (NHLe page; Bacon/TopDownHockey, era-varying network NHLe)",2026-05-24
u18-aaa,2019-2020,2019,0.0254780797916383,"hockeystats.com/data/NHLe_Temporal.csv (NHLe page; Bacon/TopDownHockey, era-varying network NHLe)",2026-05-24
u18-aaa,2020-2021,2020,0.0132675489603195,"hockeystats.com/data/NHLe_Temporal.csv (NHLe page; Bacon/TopDownHockey, era-varying network NHLe)",2026-05-24
u18-aaa,2021-2022,2021,0.0184867297857096,"hockeystats.com/data/NHLe_Temporal.csv (NHLe page; Bacon/TopDownHockey, era-varying network NHLe)",2026-05-24
u18-aaa,2022-2023,2022,0.0203416799083883,"hockeystats.com/data/NHLe_Temporal.csv (NHLe page; Bacon/TopDownHockey, era-varying network NHLe)",2026-05-24
u18-aaa,2023-2024,2023,0.0182993491761169,"hockeystats.com/data/NHLe_Temporal.csv (NHLe page; Bacon/TopDownHockey, era-varying network NHLe)",2026-05-24
u18-aaa,2024-2025,2024,0.0180363342397087,"hockeystats.com/data/NHLe_Temporal.csv (NHLe page; Bacon/TopDownHockey, era-varying network NHLe)",2026-05-24
u18-aaa,2025-2026,2025,0.018713464260009,"hockeystats.com/data/NHLe_Temporal.csv (NHLe page; Bacon/TopDownHockey, era-varying network NHLe)",2026-05-24
u18-elit,2007-2008,2007,0.0075967135333383,"hockeystats.com/data/NHLe_Temporal.csv (NHLe page; Bacon/TopDownHockey, era-varying network NHLe)",2026-05-24
u18-elit,2008-2009,2008,0.0079344768372843,"hockeystats.com/data/NHLe_Temporal.csv (NHLe page; Bacon/TopDownHockey, era-varying network NHLe)",2026-05-24
u18-elit,2009-2010,2009,0.0081579566880054,"hockeystats.com/data/NHLe_Temporal.csv (NHLe page; Bacon/TopDownHockey, era-varying network NHLe)",2026-05-24
u18-elit,2010-2011,2010,0.0073787561038034,"hockeystats.com/data/NHLe_Temporal.csv (NHLe page; Bacon/TopDownHockey, era-varying network NHLe)",2026-05-24
u18-elit,2011-2012,2011,0.010029883388889,"hockeystats.com/data/NHLe_Temporal.csv (NHLe page; Bacon/TopDownHockey, era-varying network NHLe)",2026-05-24
u18-elit,2013-2014,2013,0.0107223687694807,"hockeystats.com/data/NHLe_Temporal.csv (NHLe page; Bacon/TopDownHockey, era-varying network NHLe)",2026-05-24
u18-elit,2014-2015,2014,0.0097488688046473,"hockeystats.com/data/NHLe_Temporal.csv (NHLe page; Bacon/TopDownHockey, era-varying network NHLe)",2026-05-24
u18-elit,2015-2016,2015,0.0078808848203044,"hockeystats.com/data/NHLe_Temporal.csv (NHLe page; Bacon/TopDownHockey, era-varying network NHLe)",2026-05-24
u18-elit,2016-2017,2016,0.0147737980487988,"hockeystats.com/data/NHLe_Temporal.csv (NHLe page; Bacon/TopDownHockey, era-varying network NHLe)",2026-05-24
u18-elit,2017-2018,2017,0.0145397511919966,"hockeystats.com/data/NHLe_Temporal.csv (NHLe page; Bacon/TopDownHockey, era-varying network NHLe)",2026-05-24
u18-elit,2018-2019,2018,0.0119908010670174,"hockeystats.com/data/NHLe_Temporal.csv (NHLe page; Bacon/TopDownHockey, era-varying network NHLe)",2026-05-24
u18-elit,2019-2020,2019,0.0160940510621199,"hockeystats.com/data/NHLe_Temporal.csv (NHLe page; Bacon/TopDownHockey, era-varying network NHLe)",2026-05-24
u18-elit,2020-2021,2020,0.0157830485656249,"hockeystats.com/data/NHLe_Temporal.csv (NHLe page; Bacon/TopDownHockey, era-varying network NHLe)",2026-05-24
u18-elit,2021-2022,2021,0.0066905334475231,"hockeystats.com/data/NHLe_Temporal.csv (NHLe page; Bacon/TopDownHockey, era-varying network NHLe)",2026-05-24
u18-elit,2022-2023,2022,0.0087362754579936,"hockeystats.com/data/NHLe_Temporal.csv (NHLe page; Bacon/TopDownHockey, era-varying network NHLe)",2026-05-24
u18-elit,2023-2024,2023,0.0085491609945,"hockeystats.com/data/NHLe_Temporal.csv (NHLe page; Bacon/TopDownHockey, era-varying network NHLe)",2026-05-24
u18-elit,2024-2025,2024,0.009527284739861,"hockeystats.com/data/NHLe_Temporal.csv (NHLe page; Bacon/TopDownHockey, era-varying network NHLe)",2026-05-24
u18-elit,2025-2026,2025,0.0159582685350397,"hockeystats.com/data/NHLe_Temporal.csv (NHLe page; Bacon/TopDownHockey, era-varying network NHLe)",2026-05-24
u18-nationell,2006-2007,2006,0.0253091765249443,"hockeystats.com/data/NHLe_Temporal.csv (NHLe page; Bacon/TopDownHockey, era-varying network NHLe)",2026-05-24
u18-nationell,2007-2008,2007,0.0237777921591596,"hockeystats.com/data/NHLe_Temporal.csv (NHLe page; Bacon/TopDownHockey, era-varying network NHLe)",2026-05-24
u18-nationell,2008-2009,2008,0.0305465590136183,"hockeystats.com/data/NHLe_Temporal.csv (NHLe page; Bacon/TopDownHockey, era-varying network NHLe)",2026-05-24
u18-nationell,2009-2010,2009,0.0362815032268574,"hockeystats.com/data/NHLe_Temporal.csv (NHLe page; Bacon/TopDownHockey, era-varying network NHLe)",2026-05-24
u18-nationell,2010-2011,2010,0.0362538198424634,"hockeystats.com/data/NHLe_Temporal.csv (NHLe page; Bacon/TopDownHockey, era-varying network NHLe)",2026-05-24
u18-nationell,2011-2012,2011,0.0365503190444117,"hockeystats.com/data/NHLe_Temporal.csv (NHLe page; Bacon/TopDownHockey, era-varying network NHLe)",2026-05-24
u18-nationell,2013-2014,2013,0.0287733559716784,"hockeystats.com/data/NHLe_Temporal.csv (NHLe page; Bacon/TopDownHockey, era-varying network NHLe)",2026-05-24
u18-nationell,2014-2015,2014,0.0353415056092335,"hockeystats.com/data/NHLe_Temporal.csv (NHLe page; Bacon/TopDownHockey, era-varying network NHLe)",2026-05-24
u18-nationell,2015-2016,2015,0.0636951395543773,"hockeystats.com/data/NHLe_Temporal.csv (NHLe page; Bacon/TopDownHockey, era-varying network NHLe)",2026-05-24
u18-nationell,2016-2017,2016,0.0473044062327581,"hockeystats.com/data/NHLe_Temporal.csv (NHLe page; Bacon/TopDownHockey, era-varying network NHLe)",2026-05-24
u18-nationell,2017-2018,2017,0.0448967241207583,"hockeystats.com/data/NHLe_Temporal.csv (NHLe page; Bacon/TopDownHockey, era-varying network NHLe)",2026-05-24
u18-nationell,2018-2019,2018,0.0331698318218598,"hockeystats.com/data/NHLe_Temporal.csv (NHLe page; Bacon/TopDownHockey, era-varying network NHLe)",2026-05-24
u18-nationell,2019-2020,2019,0.0287756357667131,"hockeystats.com/data/NHLe_Temporal.csv (NHLe page; Bacon/TopDownHockey, era-varying network NHLe)",2026-05-24
u18-nationell,2020-2021,2020,0.0233142912813721,"hockeystats.com/data/NHLe_Temporal.csv (NHLe page; Bacon/TopDownHockey, era-varying network NHLe)",2026-05-24
u18-nationell,2021-2022,2021,0.0238234337834173,"hockeystats.com/data/NHLe_Temporal.csv (NHLe page; Bacon/TopDownHockey, era-varying network NHLe)",2026-05-24
u18-nationell,2022-2023,2022,0.0229316576483292,"hockeystats.com/data/NHLe_Temporal.csv (NHLe page; Bacon/TopDownHockey, era-varying network NHLe)",2026-05-24
u18-nationell,2023-2024,2023,0.0230071075496945,"hockeystats.com/data/NHLe_Temporal.csv (NHLe page; Bacon/TopDownHockey, era-varying network NHLe)",2026-05-24
u18-nationell,2024-2025,2024,0.0249398161378231,"hockeystats.com/data/NHLe_Temporal.csv (NHLe page; Bacon/TopDownHockey, era-varying network NHLe)",2026-05-24
u18-nationell,2025-2026,2025,0.0318103747583918,"hockeystats.com/data/NHLe_Temporal.csv (NHLe page; Bacon/TopDownHockey, era-varying network NHLe)",2026-05-24
u18-region,2006-2007,2006,0.0145242246894299,"hockeystats.com/data/NHLe_Temporal.csv (NHLe page; Bacon/TopDownHockey, era-varying network NHLe)",2026-05-24
u18-region,2007-2008,2007,0.0136256819409285,"hockeystats.com/data/NHLe_Temporal.csv (NHLe page; Bacon/TopDownHockey, era-varying network NHLe)",2026-05-24
u18-region,2008-2009,2008,0.0168515947773376,"hockeystats.com/data/NHLe_Temporal.csv (NHLe page; Bacon/TopDownHockey, era-varying network NHLe)",2026-05-24
u18-region,2009-2010,2009,0.0202801943139809,"hockeystats.com/data/NHLe_Temporal.csv (NHLe page; Bacon/TopDownHockey, era-varying network NHLe)",2026-05-24
u18-region,2010-2011,2010,0.021233046877574,"hockeystats.com/data/NHLe_Temporal.csv (NHLe page; Bacon/TopDownHockey, era-varying network NHLe)",2026-05-24
u18-region,2011-2012,2011,0.0228576807469815,"hockeystats.com/data/NHLe_Temporal.csv (NHLe page; Bacon/TopDownHockey, era-varying network NHLe)",2026-05-24
u18-region,2013-2014,2013,0.0204146788414667,"hockeystats.com/data/NHLe_Temporal.csv (NHLe page; Bacon/TopDownHockey, era-varying network NHLe)",2026-05-24
u18-region,2014-2015,2014,0.0203851492061655,"hockeystats.com/data/NHLe_Temporal.csv (NHLe page; Bacon/TopDownHockey, era-varying network NHLe)",2026-05-24
u18-region,2015-2016,2015,0.0236778710413477,"hockeystats.com/data/NHLe_Temporal.csv (NHLe page; Bacon/TopDownHockey, era-varying network NHLe)",2026-05-24
u18-region,2016-2017,2016,0.0247329995639096,"hockeystats.com/data/NHLe_Temporal.csv (NHLe page; Bacon/TopDownHockey, era-varying network NHLe)",2026-05-24
u18-region,2017-2018,2017,0.0218742318585119,"hockeystats.com/data/NHLe_Temporal.csv (NHLe page; Bacon/TopDownHockey, era-varying network NHLe)",2026-05-24
u18-region,2018-2019,2018,0.0218426536529076,"hockeystats.com/data/NHLe_Temporal.csv (NHLe page; Bacon/TopDownHockey, era-varying network NHLe)",2026-05-24
u18-region,2019-2020,2019,0.0211603681540762,"hockeystats.com/data/NHLe_Temporal.csv (NHLe page; Bacon/TopDownHockey, era-varying network NHLe)",2026-05-24
u18-region,2020-2021,2020,0.0197574030505865,"hockeystats.com/data/NHLe_Temporal.csv (NHLe page; Bacon/TopDownHockey, era-varying network NHLe)",2026-05-24
u18-region,2021-2022,2021,0.0190367852489582,"hockeystats.com/data/NHLe_Temporal.csv (NHLe page; Bacon/TopDownHockey, era-varying network NHLe)",2026-05-24
u18-region,2022-2023,2022,0.0172851105007815,"hockeystats.com/data/NHLe_Temporal.csv (NHLe page; Bacon/TopDownHockey, era-varying network NHLe)",2026-05-24
u18-region,2023-2024,2023,0.0168119045761518,"hockeystats.com/data/NHLe_Temporal.csv (NHLe page; Bacon/TopDownHockey, era-varying network NHLe)",2026-05-24
u18-region,2024-2025,2024,0.0179747336409017,"hockeystats.com/data/NHLe_Temporal.csv (NHLe page; Bacon/TopDownHockey, era-varying network NHLe)",2026-05-24
u18-region,2025-2026,2025,0.0227256914350408,"hockeystats.com/data/NHLe_Temporal.csv (NHLe page; Bacon/TopDownHockey, era-varying network NHLe)",2026-05-24
u18-sm-sarja,2006-2007,2006,0.0098812358711867,"hockeystats.com/data/NHLe_Temporal.csv (NHLe page; Bacon/TopDownHockey, era-varying network NHLe)",2026-05-24
u18-sm-sarja,2007-2008,2007,0.0134565757880666,"hockeystats.com/data/NHLe_Temporal.csv (NHLe page; Bacon/TopDownHockey, era-varying network NHLe)",2026-05-24
u18-sm-sarja,2008-2009,2008,0.0149759798921402,"hockeystats.com/data/NHLe_Temporal.csv (NHLe page; Bacon/TopDownHockey, era-varying network NHLe)",2026-05-24
u18-sm-sarja,2009-2010,2009,0.0185973742667483,"hockeystats.com/data/NHLe_Temporal.csv (NHLe page; Bacon/TopDownHockey, era-varying network NHLe)",2026-05-24
u18-sm-sarja,2010-2011,2010,0.022870578494202,"hockeystats.com/data/NHLe_Temporal.csv (NHLe page; Bacon/TopDownHockey, era-varying network NHLe)",2026-05-24
u18-sm-sarja,2011-2012,2011,0.0272420914070105,"hockeystats.com/data/NHLe_Temporal.csv (NHLe page; Bacon/TopDownHockey, era-varying network NHLe)",2026-05-24
u18-sm-sarja,2013-2014,2013,0.0315180284978079,"hockeystats.com/data/NHLe_Temporal.csv (NHLe page; Bacon/TopDownHockey, era-varying network NHLe)",2026-05-24
u18-sm-sarja,2014-2015,2014,0.0217000930007612,"hockeystats.com/data/NHLe_Temporal.csv (NHLe page; Bacon/TopDownHockey, era-varying network NHLe)",2026-05-24
u18-sm-sarja,2015-2016,2015,0.0282762645192199,"hockeystats.com/data/NHLe_Temporal.csv (NHLe page; Bacon/TopDownHockey, era-varying network NHLe)",2026-05-24
u18-sm-sarja,2016-2017,2016,0.0342073450695745,"hockeystats.com/data/NHLe_Temporal.csv (NHLe page; Bacon/TopDownHockey, era-varying network NHLe)",2026-05-24
u18-sm-sarja,2017-2018,2017,0.0345659949404203,"hockeystats.com/data/NHLe_Temporal.csv (NHLe page; Bacon/TopDownHockey, era-varying network NHLe)",2026-05-24
u18-sm-sarja,2018-2019,2018,0.0381528346098645,"hockeystats.com/data/NHLe_Temporal.csv (NHLe page; Bacon/TopDownHockey, era-varying network NHLe)",2026-05-24
u18-sm-sarja,2019-2020,2019,0.0443434821878161,"hockeystats.com/data/NHLe_Temporal.csv (NHLe page; Bacon/TopDownHockey, era-varying network NHLe)",2026-05-24
u18-sm-sarja,2020-2021,2020,0.0359765183219861,"hockeystats.com/data/NHLe_Temporal.csv (NHLe page; Bacon/TopDownHockey, era-varying network NHLe)",2026-05-24
u18-sm-sarja,2021-2022,2021,0.0340456192713675,"hockeystats.com/data/NHLe_Temporal.csv (NHLe page; Bacon/TopDownHockey, era-varying network NHLe)",2026-05-24
u18-sm-sarja,2022-2023,2022,0.0253552990632629,"hockeystats.com/data/NHLe_Temporal.csv (NHLe page; Bacon/TopDownHockey, era-varying network NHLe)",2026-05-24
u18-sm-sarja,2023-2024,2023,0.0325152439947165,"hockeystats.com/data/NHLe_Temporal.csv (NHLe page; Bacon/TopDownHockey, era-varying network NHLe)",2026-05-24
u18-sm-sarja,2024-2025,2024,0.0283386777063888,"hockeystats.com/data/NHLe_Temporal.csv (NHLe page; Bacon/TopDownHockey, era-varying network NHLe)",2026-05-24
u18-sm-sarja,2025-2026,2025,0.027586442533997,"hockeystats.com/data/NHLe_Temporal.csv (NHLe page; Bacon/TopDownHockey, era-varying network NHLe)",2026-05-24
u20-mestis,2014-2015,2014,0.0205154467912561,"hockeystats.com/data/NHLe_Temporal.csv (NHLe page; Bacon/TopDownHockey, era-varying network NHLe)",2026-05-24
u20-mestis,2015-2016,2015,0.0238025503914532,"hockeystats.com/data/NHLe_Temporal.csv (NHLe page; Bacon/TopDownHockey, era-varying network NHLe)",2026-05-24
u20-mestis,2016-2017,2016,0.0226591394562519,"hockeystats.com/data/NHLe_Temporal.csv (NHLe page; Bacon/TopDownHockey, era-varying network NHLe)",2026-05-24
u20-mestis,2017-2018,2017,0.0299275943897261,"hockeystats.com/data/NHLe_Temporal.csv (NHLe page; Bacon/TopDownHockey, era-varying network NHLe)",2026-05-24
u20-mestis,2018-2019,2018,0.038559226557723,"hockeystats.com/data/NHLe_Temporal.csv (NHLe page; Bacon/TopDownHockey, era-varying network NHLe)",2026-05-24
u20-mestis,2019-2020,2019,0.0417432123405311,"hockeystats.com/data/NHLe_Temporal.csv (NHLe page; Bacon/TopDownHockey, era-varying network NHLe)",2026-05-24
u20-mestis,2020-2021,2020,0.0439056226038601,"hockeystats.com/data/NHLe_Temporal.csv (NHLe page; Bacon/TopDownHockey, era-varying network NHLe)",2026-05-24
u20-mestis,2021-2022,2021,0.0331302648376487,"hockeystats.com/data/NHLe_Temporal.csv (NHLe page; Bacon/TopDownHockey, era-varying network NHLe)",2026-05-24
u20-mestis,2022-2023,2022,0.0284314114764573,"hockeystats.com/data/NHLe_Temporal.csv (NHLe page; Bacon/TopDownHockey, era-varying network NHLe)",2026-05-24
u20-mestis,2023-2024,2023,0.0246689819162948,"hockeystats.com/data/NHLe_Temporal.csv (NHLe page; Bacon/TopDownHockey, era-varying network NHLe)",2026-05-24
u20-mestis,2024-2025,2024,0.0259653161570744,"hockeystats.com/data/NHLe_Temporal.csv (NHLe page; Bacon/TopDownHockey, era-varying network NHLe)",2026-05-24
u20-mestis,2025-2026,2025,0.0230460895960748,"hockeystats.com/data/NHLe_Temporal.csv (NHLe page; Bacon/TopDownHockey, era-varying network NHLe)",2026-05-24
u20-nationell,2006-2007,2006,0.0611609603458263,"hockeystats.com/data/NHLe_Temporal.csv (NHLe page; Bacon/TopDownHockey, era-varying network NHLe)",2026-05-24
u20-nationell,2007-2008,2007,0.0633944217406882,"hockeystats.com/data/NHLe_Temporal.csv (NHLe page; Bacon/TopDownHockey, era-varying network NHLe)",2026-05-24
u20-nationell,2008-2009,2008,0.0766396484971709,"hockeystats.com/data/NHLe_Temporal.csv (NHLe page; Bacon/TopDownHockey, era-varying network NHLe)",2026-05-24
u20-nationell,2009-2010,2009,0.0768434758853501,"hockeystats.com/data/NHLe_Temporal.csv (NHLe page; Bacon/TopDownHockey, era-varying network NHLe)",2026-05-24
u20-nationell,2010-2011,2010,0.0775561086302214,"hockeystats.com/data/NHLe_Temporal.csv (NHLe page; Bacon/TopDownHockey, era-varying network NHLe)",2026-05-24
u20-nationell,2011-2012,2011,0.0788132829883542,"hockeystats.com/data/NHLe_Temporal.csv (NHLe page; Bacon/TopDownHockey, era-varying network NHLe)",2026-05-24
u20-nationell,2013-2014,2013,0.0682507353551125,"hockeystats.com/data/NHLe_Temporal.csv (NHLe page; Bacon/TopDownHockey, era-varying network NHLe)",2026-05-24
u20-nationell,2014-2015,2014,0.0632123528426952,"hockeystats.com/data/NHLe_Temporal.csv (NHLe page; Bacon/TopDownHockey, era-varying network NHLe)",2026-05-24
u20-nationell,2015-2016,2015,0.0816272833499248,"hockeystats.com/data/NHLe_Temporal.csv (NHLe page; Bacon/TopDownHockey, era-varying network NHLe)",2026-05-24
u20-nationell,2016-2017,2016,0.0794324197600614,"hockeystats.com/data/NHLe_Temporal.csv (NHLe page; Bacon/TopDownHockey, era-varying network NHLe)",2026-05-24
u20-nationell,2017-2018,2017,0.0797555512534291,"hockeystats.com/data/NHLe_Temporal.csv (NHLe page; Bacon/TopDownHockey, era-varying network NHLe)",2026-05-24
u20-nationell,2018-2019,2018,0.0803816751996192,"hockeystats.com/data/NHLe_Temporal.csv (NHLe page; Bacon/TopDownHockey, era-varying network NHLe)",2026-05-24
u20-nationell,2019-2020,2019,0.0888052160943528,"hockeystats.com/data/NHLe_Temporal.csv (NHLe page; Bacon/TopDownHockey, era-varying network NHLe)",2026-05-24
u20-nationell,2020-2021,2020,0.0557337788858509,"hockeystats.com/data/NHLe_Temporal.csv (NHLe page; Bacon/TopDownHockey, era-varying network NHLe)",2026-05-24
u20-nationell,2021-2022,2021,0.0482954657674908,"hockeystats.com/data/NHLe_Temporal.csv (NHLe page; Bacon/TopDownHockey, era-varying network NHLe)",2026-05-24
u20-nationell,2022-2023,2022,0.0557121855428189,"hockeystats.com/data/NHLe_Temporal.csv (NHLe page; Bacon/TopDownHockey, era-varying network NHLe)",2026-05-24
u20-nationell,2023-2024,2023,0.0536119731183639,"hockeystats.com/data/NHLe_Temporal.csv (NHLe page; Bacon/TopDownHockey, era-varying network NHLe)",2026-05-24
u20-nationell,2024-2025,2024,0.0615609331996101,"hockeystats.com/data/NHLe_Temporal.csv (NHLe page; Bacon/TopDownHockey, era-varying network NHLe)",2026-05-24
u20-nationell,2025-2026,2025,0.065921341816066,"hockeystats.com/data/NHLe_Temporal.csv (NHLe page; Bacon/TopDownHockey, era-varying network NHLe)",2026-05-24
u20-region,2006-2007,2006,0.0176796614017484,"hockeystats.com/data/NHLe_Temporal.csv (NHLe page; Bacon/TopDownHockey, era-varying network NHLe)",2026-05-24
u20-region,2007-2008,2007,0.0147101910085627,"hockeystats.com/data/NHLe_Temporal.csv (NHLe page; Bacon/TopDownHockey, era-varying network NHLe)",2026-05-24
u20-region,2008-2009,2008,0.0175473222162128,"hockeystats.com/data/NHLe_Temporal.csv (NHLe page; Bacon/TopDownHockey, era-varying network NHLe)",2026-05-24
u20-region,2009-2010,2009,0.0195903193387362,"hockeystats.com/data/NHLe_Temporal.csv (NHLe page; Bacon/TopDownHockey, era-varying network NHLe)",2026-05-24
u20-region,2010-2011,2010,0.0198949363972858,"hockeystats.com/data/NHLe_Temporal.csv (NHLe page; Bacon/TopDownHockey, era-varying network NHLe)",2026-05-24
u20-region,2011-2012,2011,0.0222518544297859,"hockeystats.com/data/NHLe_Temporal.csv (NHLe page; Bacon/TopDownHockey, era-varying network NHLe)",2026-05-24
u20-region,2013-2014,2013,0.0187443050698998,"hockeystats.com/data/NHLe_Temporal.csv (NHLe page; Bacon/TopDownHockey, era-varying network NHLe)",2026-05-24
u20-region,2014-2015,2014,0.0204662107632244,"hockeystats.com/data/NHLe_Temporal.csv (NHLe page; Bacon/TopDownHockey, era-varying network NHLe)",2026-05-24
u20-region,2015-2016,2015,0.0262348424670155,"hockeystats.com/data/NHLe_Temporal.csv (NHLe page; Bacon/TopDownHockey, era-varying network NHLe)",2026-05-24
u20-region,2016-2017,2016,0.0240059358513623,"hockeystats.com/data/NHLe_Temporal.csv (NHLe page; Bacon/TopDownHockey, era-varying network NHLe)",2026-05-24
u20-region,2017-2018,2017,0.0211759256970632,"hockeystats.com/data/NHLe_Temporal.csv (NHLe page; Bacon/TopDownHockey, era-varying network NHLe)",2026-05-24
u20-region,2018-2019,2018,0.0257374243941245,"hockeystats.com/data/NHLe_Temporal.csv (NHLe page; Bacon/TopDownHockey, era-varying network NHLe)",2026-05-24
u20-region,2019-2020,2019,0.0248176758022366,"hockeystats.com/data/NHLe_Temporal.csv (NHLe page; Bacon/TopDownHockey, era-varying network NHLe)",2026-05-24
u20-region,2020-2021,2020,0.0195789840136497,"hockeystats.com/data/NHLe_Temporal.csv (NHLe page; Bacon/TopDownHockey, era-varying network NHLe)",2026-05-24
u20-region,2021-2022,2021,0.0183606879621529,"hockeystats.com/data/NHLe_Temporal.csv (NHLe page; Bacon/TopDownHockey, era-varying network NHLe)",2026-05-24
u20-region,2022-2023,2022,0.0201044838880459,"hockeystats.com/data/NHLe_Temporal.csv (NHLe page; Bacon/TopDownHockey, era-varying network NHLe)",2026-05-24
u20-region,2023-2024,2023,0.0192836117669859,"hockeystats.com/data/NHLe_Temporal.csv (NHLe page; Bacon/TopDownHockey, era-varying network NHLe)",2026-05-24
u20-region,2024-2025,2024,0.0212059194067157,"hockeystats.com/data/NHLe_Temporal.csv (NHLe page; Bacon/TopDownHockey, era-varying network NHLe)",2026-05-24
u20-region,2025-2026,2025,0.0226790065067694,"hockeystats.com/data/NHLe_Temporal.csv (NHLe page; Bacon/TopDownHockey, era-varying network NHLe)",2026-05-24
u20-sm-sarja,2006-2007,2006,0.0368022845134319,"hockeystats.com/data/NHLe_Temporal.csv (NHLe page; Bacon/TopDownHockey, era-varying network NHLe)",2026-05-24
u20-sm-sarja,2007-2008,2007,0.0452492421650769,"hockeystats.com/data/NHLe_Temporal.csv (NHLe page; Bacon/TopDownHockey, era-varying network NHLe)",2026-05-24
u20-sm-sarja,2008-2009,2008,0.047864182118277,"hockeystats.com/data/NHLe_Temporal.csv (NHLe page; Bacon/TopDownHockey, era-varying network NHLe)",2026-05-24
u20-sm-sarja,2009-2010,2009,0.0719859128648242,"hockeystats.com/data/NHLe_Temporal.csv (NHLe page; Bacon/TopDownHockey, era-varying network NHLe)",2026-05-24
u20-sm-sarja,2010-2011,2010,0.0751734693496742,"hockeystats.com/data/NHLe_Temporal.csv (NHLe page; Bacon/TopDownHockey, era-varying network NHLe)",2026-05-24
u20-sm-sarja,2011-2012,2011,0.0720430102267878,"hockeystats.com/data/NHLe_Temporal.csv (NHLe page; Bacon/TopDownHockey, era-varying network NHLe)",2026-05-24
u20-sm-sarja,2013-2014,2013,0.0741065052420842,"hockeystats.com/data/NHLe_Temporal.csv (NHLe page; Bacon/TopDownHockey, era-varying network NHLe)",2026-05-24
u20-sm-sarja,2014-2015,2014,0.0559807695813409,"hockeystats.com/data/NHLe_Temporal.csv (NHLe page; Bacon/TopDownHockey, era-varying network NHLe)",2026-05-24
u20-sm-sarja,2015-2016,2015,0.064131330206897,"hockeystats.com/data/NHLe_Temporal.csv (NHLe page; Bacon/TopDownHockey, era-varying network NHLe)",2026-05-24
u20-sm-sarja,2016-2017,2016,0.0762373445866415,"hockeystats.com/data/NHLe_Temporal.csv (NHLe page; Bacon/TopDownHockey, era-varying network NHLe)",2026-05-24
u20-sm-sarja,2017-2018,2017,0.0731868590972392,"hockeystats.com/data/NHLe_Temporal.csv (NHLe page; Bacon/TopDownHockey, era-varying network NHLe)",2026-05-24
u20-sm-sarja,2018-2019,2018,0.0752099294140882,"hockeystats.com/data/NHLe_Temporal.csv (NHLe page; Bacon/TopDownHockey, era-varying network NHLe)",2026-05-24
u20-sm-sarja,2019-2020,2019,0.0823026164141688,"hockeystats.com/data/NHLe_Temporal.csv (NHLe page; Bacon/TopDownHockey, era-varying network NHLe)",2026-05-24
u20-sm-sarja,2020-2021,2020,0.0769968716031162,"hockeystats.com/data/NHLe_Temporal.csv (NHLe page; Bacon/TopDownHockey, era-varying network NHLe)",2026-05-24
u20-sm-sarja,2021-2022,2021,0.0693881533576565,"hockeystats.com/data/NHLe_Temporal.csv (NHLe page; Bacon/TopDownHockey, era-varying network NHLe)",2026-05-24
u20-sm-sarja,2022-2023,2022,0.071436519800792,"hockeystats.com/data/NHLe_Temporal.csv (NHLe page; Bacon/TopDownHockey, era-varying network NHLe)",2026-05-24
u20-sm-sarja,2023-2024,2023,0.0734508061345235,"hockeystats.com/data/NHLe_Temporal.csv (NHLe page; Bacon/TopDownHockey, era-varying network NHLe)",2026-05-24
u20-sm-sarja,2024-2025,2024,0.0727472491186741,"hockeystats.com/data/NHLe_Temporal.csv (NHLe page; Bacon/TopDownHockey, era-varying network NHLe)",2026-05-24
u20-sm-sarja,2025-2026,2025,0.0784957541455136,"hockeystats.com/data/NHLe_Temporal.csv (NHLe page; Bacon/TopDownHockey, era-varying network NHLe)",2026-05-24
u21-elit,2006-2007,2006,0.0330413421583193,"hockeystats.com/data/NHLe_Temporal.csv (NHLe page; Bacon/TopDownHockey, era-varying network NHLe)",2026-05-24
u21-elit,2007-2008,2007,0.0296235823156007,"hockeystats.com/data/NHLe_Temporal.csv (NHLe page; Bacon/TopDownHockey, era-varying network NHLe)",2026-05-24
u21-elit,2008-2009,2008,0.0264215738172586,"hockeystats.com/data/NHLe_Temporal.csv (NHLe page; Bacon/TopDownHockey, era-varying network NHLe)",2026-05-24
u21-elit,2009-2010,2009,0.0227382568878077,"hockeystats.com/data/NHLe_Temporal.csv (NHLe page; Bacon/TopDownHockey, era-varying network NHLe)",2026-05-24
u21-elit,2010-2011,2010,0.0205553448915925,"hockeystats.com/data/NHLe_Temporal.csv (NHLe page; Bacon/TopDownHockey, era-varying network NHLe)",2026-05-24
u21-elit,2011-2012,2011,0.024385467000224,"hockeystats.com/data/NHLe_Temporal.csv (NHLe page; Bacon/TopDownHockey, era-varying network NHLe)",2026-05-24
u21-elit,2013-2014,2013,0.0382505840061778,"hockeystats.com/data/NHLe_Temporal.csv (NHLe page; Bacon/TopDownHockey, era-varying network NHLe)",2026-05-24
u21-elit,2014-2015,2014,0.0311014495789539,"hockeystats.com/data/NHLe_Temporal.csv (NHLe page; Bacon/TopDownHockey, era-varying network NHLe)",2026-05-24
u21-elit,2015-2016,2015,0.0328454072886743,"hockeystats.com/data/NHLe_Temporal.csv (NHLe page; Bacon/TopDownHockey, era-varying network NHLe)",2026-05-24
u21-elit,2016-2017,2016,0.0440885283568348,"hockeystats.com/data/NHLe_Temporal.csv (NHLe page; Bacon/TopDownHockey, era-varying network NHLe)",2026-05-24
u21-elit,2017-2018,2017,0.0490551655006208,"hockeystats.com/data/NHLe_Temporal.csv (NHLe page; Bacon/TopDownHockey, era-varying network NHLe)",2026-05-24
u21-elit,2018-2019,2018,0.0471612075256593,"hockeystats.com/data/NHLe_Temporal.csv (NHLe page; Bacon/TopDownHockey, era-varying network NHLe)",2026-05-24
u21-elit,2019-2020,2019,0.0619952931613998,"hockeystats.com/data/NHLe_Temporal.csv (NHLe page; Bacon/TopDownHockey, era-varying network NHLe)",2026-05-24
u21-elit,2020-2021,2020,0.0517447241151732,"hockeystats.com/data/NHLe_Temporal.csv (NHLe page; Bacon/TopDownHockey, era-varying network NHLe)",2026-05-24
u21-elit,2021-2022,2021,0.0431204028273784,"hockeystats.com/data/NHLe_Temporal.csv (NHLe page; Bacon/TopDownHockey, era-varying network NHLe)",2026-05-24
u21-elit,2022-2023,2022,0.040475539853657,"hockeystats.com/data/NHLe_Temporal.csv (NHLe page; Bacon/TopDownHockey, era-varying network NHLe)",2026-05-24
u21-elit,2023-2024,2023,0.0359824009237449,"hockeystats.com/data/NHLe_Temporal.csv (NHLe page; Bacon/TopDownHockey, era-varying network NHLe)",2026-05-24
u21-elit,2024-2025,2024,0.038089142985925,"hockeystats.com/data/NHLe_Temporal.csv (NHLe page; Bacon/TopDownHockey, era-varying network NHLe)",2026-05-24
u21-elit,2025-2026,2025,0.0413306955006291,"hockeystats.com/data/NHLe_Temporal.csv (NHLe page; Bacon/TopDownHockey, era-varying network NHLe)",2026-05-24
umhsehl,2009-2010,2009,0.0943860408832107,"hockeystats.com/data/NHLe_Temporal.csv (NHLe page; Bacon/TopDownHockey, era-varying network NHLe)",2026-05-24
umhsehl,2010-2011,2010,0.0775161581457596,"hockeystats.com/data/NHLe_Temporal.csv (NHLe page; Bacon/TopDownHockey, era-varying network NHLe)",2026-05-24
umhsehl,2011-2012,2011,0.0797879399783583,"hockeystats.com/data/NHLe_Temporal.csv (NHLe page; Bacon/TopDownHockey, era-varying network NHLe)",2026-05-24
umhsehl,2013-2014,2013,0.0615301490366712,"hockeystats.com/data/NHLe_Temporal.csv (NHLe page; Bacon/TopDownHockey, era-varying network NHLe)",2026-05-24
umhsehl,2014-2015,2014,0.0842011669520596,"hockeystats.com/data/NHLe_Temporal.csv (NHLe page; Bacon/TopDownHockey, era-varying network NHLe)",2026-05-24
umhsehl,2015-2016,2015,0.11607049019243,"hockeystats.com/data/NHLe_Temporal.csv (NHLe page; Bacon/TopDownHockey, era-varying network NHLe)",2026-05-24
umhsehl,2016-2017,2016,0.0937902744180285,"hockeystats.com/data/NHLe_Temporal.csv (NHLe page; Bacon/TopDownHockey, era-varying network NHLe)",2026-05-24
umhsehl,2017-2018,2017,0.1037771763868347,"hockeystats.com/data/NHLe_Temporal.csv (NHLe page; Bacon/TopDownHockey, era-varying network NHLe)",2026-05-24
umhsehl,2018-2019,2018,0.0518371401689181,"hockeystats.com/data/NHLe_Temporal.csv (NHLe page; Bacon/TopDownHockey, era-varying network NHLe)",2026-05-24
umhsehl,2019-2020,2019,0.0492622797323583,"hockeystats.com/data/NHLe_Temporal.csv (NHLe page; Bacon/TopDownHockey, era-varying network NHLe)",2026-05-24
umhsehl,2020-2021,2020,0.050599065080547,"hockeystats.com/data/NHLe_Temporal.csv (NHLe page; Bacon/TopDownHockey, era-varying network NHLe)",2026-05-24
umhsehl,2021-2022,2021,0.0446862092782395,"hockeystats.com/data/NHLe_Temporal.csv (NHLe page; Bacon/TopDownHockey, era-varying network NHLe)",2026-05-24
umhsehl,2022-2023,2022,0.0487427113794143,"hockeystats.com/data/NHLe_Temporal.csv (NHLe page; Bacon/TopDownHockey, era-varying network NHLe)",2026-05-24
umhsehl,2023-2024,2023,0.0440058524725727,"hockeystats.com/data/NHLe_Temporal.csv (NHLe page; Bacon/TopDownHockey, era-varying network NHLe)",2026-05-24
umhsehl,2024-2025,2024,0.0359522473587821,"hockeystats.com/data/NHLe_Temporal.csv (NHLe page; Bacon/TopDownHockey, era-varying network NHLe)",2026-05-24
umhsehl,2025-2026,2025,0.0314781804059786,"hockeystats.com/data/NHLe_Temporal.csv (NHLe page; Bacon/TopDownHockey, era-varying network NHLe)",2026-05-24
usa-s16,2015-2016,2015,0.0295096161277452,"hockeystats.com/data/NHLe_Temporal.csv (NHLe page; Bacon/TopDownHockey, era-varying network NHLe)",2026-05-24
usa-s16,2016-2017,2016,0.0377814489736761,"hockeystats.com/data/NHLe_Temporal.csv (NHLe page; Bacon/TopDownHockey, era-varying network NHLe)",2026-05-24
usa-s16,2017-2018,2017,0.0419718846372993,"hockeystats.com/data/NHLe_Temporal.csv (NHLe page; Bacon/TopDownHockey, era-varying network NHLe)",2026-05-24
usa-s16,2018-2019,2018,0.0504253665586176,"hockeystats.com/data/NHLe_Temporal.csv (NHLe page; Bacon/TopDownHockey, era-varying network NHLe)",2026-05-24
usa-s16,2019-2020,2019,0.0727454306935019,"hockeystats.com/data/NHLe_Temporal.csv (NHLe page; Bacon/TopDownHockey, era-varying network NHLe)",2026-05-24
usa-s16,2020-2021,2020,0.0659727698376198,"hockeystats.com/data/NHLe_Temporal.csv (NHLe page; Bacon/TopDownHockey, era-varying network NHLe)",2026-05-24
usa-s16,2023-2024,2023,0.0505655284385923,"hockeystats.com/data/NHLe_Temporal.csv (NHLe page; Bacon/TopDownHockey, era-varying network NHLe)",2026-05-24
usa-s16,2024-2025,2024,0.0354636313147099,"hockeystats.com/data/NHLe_Temporal.csv (NHLe page; Bacon/TopDownHockey, era-varying network NHLe)",2026-05-24
usa-s16,2025-2026,2025,0.0345706174799666,"hockeystats.com/data/NHLe_Temporal.csv (NHLe page; Bacon/TopDownHockey, era-varying network NHLe)",2026-05-24
usa-s17,2024-2025,2024,0.1025778544897718,"hockeystats.com/data/NHLe_Temporal.csv (NHLe page; Bacon/TopDownHockey, era-varying network NHLe)",2026-05-24
usa-s17,2025-2026,2025,0.0891793424879798,"hockeystats.com/data/NHLe_Temporal.csv (NHLe page; Bacon/TopDownHockey, era-varying network NHLe)",2026-05-24
ushl,2006-2007,2006,0.1273833256776064,"hockeystats.com/data/NHLe_Temporal.csv (NHLe page; Bacon/TopDownHockey, era-varying network NHLe)",2026-05-24
ushl,2007-2008,2007,0.1269460913664582,"hockeystats.com/data/NHLe_Temporal.csv (NHLe page; Bacon/TopDownHockey, era-varying network NHLe)",2026-05-24
ushl,2008-2009,2008,0.1162756908485469,"hockeystats.com/data/NHLe_Temporal.csv (NHLe page; Bacon/TopDownHockey, era-varying network NHLe)",2026-05-24
ushl,2009-2010,2009,0.1238946957420161,"hockeystats.com/data/NHLe_Temporal.csv (NHLe page; Bacon/TopDownHockey, era-varying network NHLe)",2026-05-24
ushl,2010-2011,2010,0.1264964349594733,"hockeystats.com/data/NHLe_Temporal.csv (NHLe page; Bacon/TopDownHockey, era-varying network NHLe)",2026-05-24
ushl,2011-2012,2011,0.1285947488255621,"hockeystats.com/data/NHLe_Temporal.csv (NHLe page; Bacon/TopDownHockey, era-varying network NHLe)",2026-05-24
ushl,2013-2014,2013,0.1251743460832513,"hockeystats.com/data/NHLe_Temporal.csv (NHLe page; Bacon/TopDownHockey, era-varying network NHLe)",2026-05-24
ushl,2014-2015,2014,0.1186959558275201,"hockeystats.com/data/NHLe_Temporal.csv (NHLe page; Bacon/TopDownHockey, era-varying network NHLe)",2026-05-24
ushl,2015-2016,2015,0.123745656118891,"hockeystats.com/data/NHLe_Temporal.csv (NHLe page; Bacon/TopDownHockey, era-varying network NHLe)",2026-05-24
ushl,2016-2017,2016,0.1309503475634761,"hockeystats.com/data/NHLe_Temporal.csv (NHLe page; Bacon/TopDownHockey, era-varying network NHLe)",2026-05-24
ushl,2017-2018,2017,0.1354167758346796,"hockeystats.com/data/NHLe_Temporal.csv (NHLe page; Bacon/TopDownHockey, era-varying network NHLe)",2026-05-24
ushl,2018-2019,2018,0.1363730379882241,"hockeystats.com/data/NHLe_Temporal.csv (NHLe page; Bacon/TopDownHockey, era-varying network NHLe)",2026-05-24
ushl,2019-2020,2019,0.1336369777161723,"hockeystats.com/data/NHLe_Temporal.csv (NHLe page; Bacon/TopDownHockey, era-varying network NHLe)",2026-05-24
ushl,2020-2021,2020,0.1242846087840992,"hockeystats.com/data/NHLe_Temporal.csv (NHLe page; Bacon/TopDownHockey, era-varying network NHLe)",2026-05-24
ushl,2021-2022,2021,0.1183367376068262,"hockeystats.com/data/NHLe_Temporal.csv (NHLe page; Bacon/TopDownHockey, era-varying network NHLe)",2026-05-24
ushl,2022-2023,2022,0.1215102949083274,"hockeystats.com/data/NHLe_Temporal.csv (NHLe page; Bacon/TopDownHockey, era-varying network NHLe)",2026-05-24
ushl,2023-2024,2023,0.1226169299029424,"hockeystats.com/data/NHLe_Temporal.csv (NHLe page; Bacon/TopDownHockey, era-varying network NHLe)",2026-05-24
ushl,2024-2025,2024,0.1195826479296276,"hockeystats.com/data/NHLe_Temporal.csv (NHLe page; Bacon/TopDownHockey, era-varying network NHLe)",2026-05-24
ushl,2025-2026,2025,0.1147641285645187,"hockeystats.com/data/NHLe_Temporal.csv (NHLe page; Bacon/TopDownHockey, era-varying network NHLe)",2026-05-24
ushs-il,2008-2009,2008,0.005561205770142,"hockeystats.com/data/NHLe_Temporal.csv (NHLe page; Bacon/TopDownHockey, era-varying network NHLe)",2026-05-24
ushs-il,2009-2010,2009,0.0110821059439492,"hockeystats.com/data/NHLe_Temporal.csv (NHLe page; Bacon/TopDownHockey, era-varying network NHLe)",2026-05-24
ushs-il,2010-2011,2010,0.0166959326220099,"hockeystats.com/data/NHLe_Temporal.csv (NHLe page; Bacon/TopDownHockey, era-varying network NHLe)",2026-05-24
ushs-il,2011-2012,2011,0.0196709286214344,"hockeystats.com/data/NHLe_Temporal.csv (NHLe page; Bacon/TopDownHockey, era-varying network NHLe)",2026-05-24
ushs-il,2013-2014,2013,0.0202681348886978,"hockeystats.com/data/NHLe_Temporal.csv (NHLe page; Bacon/TopDownHockey, era-varying network NHLe)",2026-05-24
ushs-il,2014-2015,2014,0.0117872855434016,"hockeystats.com/data/NHLe_Temporal.csv (NHLe page; Bacon/TopDownHockey, era-varying network NHLe)",2026-05-24
ushs-il,2015-2016,2015,0.011661432785571,"hockeystats.com/data/NHLe_Temporal.csv (NHLe page; Bacon/TopDownHockey, era-varying network NHLe)",2026-05-24
ushs-il,2016-2017,2016,0.0093678959394818,"hockeystats.com/data/NHLe_Temporal.csv (NHLe page; Bacon/TopDownHockey, era-varying network NHLe)",2026-05-24
ushs-il,2017-2018,2017,0.0095141448494725,"hockeystats.com/data/NHLe_Temporal.csv (NHLe page; Bacon/TopDownHockey, era-varying network NHLe)",2026-05-24
ushs-il,2018-2019,2018,0.0088005592130998,"hockeystats.com/data/NHLe_Temporal.csv (NHLe page; Bacon/TopDownHockey, era-varying network NHLe)",2026-05-24
ushs-il,2019-2020,2019,0.0101363784600455,"hockeystats.com/data/NHLe_Temporal.csv (NHLe page; Bacon/TopDownHockey, era-varying network NHLe)",2026-05-24
ushs-il,2020-2021,2020,0.0086786672378097,"hockeystats.com/data/NHLe_Temporal.csv (NHLe page; Bacon/TopDownHockey, era-varying network NHLe)",2026-05-24
ushs-il,2021-2022,2021,0.010753985170799,"hockeystats.com/data/NHLe_Temporal.csv (NHLe page; Bacon/TopDownHockey, era-varying network NHLe)",2026-05-24
ushs-il,2022-2023,2022,0.0121022684100482,"hockeystats.com/data/NHLe_Temporal.csv (NHLe page; Bacon/TopDownHockey, era-varying network NHLe)",2026-05-24
ushs-il,2023-2024,2023,0.0132154699455675,"hockeystats.com/data/NHLe_Temporal.csv (NHLe page; Bacon/TopDownHockey, era-varying network NHLe)",2026-05-24
ushs-il,2024-2025,2024,0.0151271782879231,"hockeystats.com/data/NHLe_Temporal.csv (NHLe page; Bacon/TopDownHockey, era-varying network NHLe)",2026-05-24
ushs-il,2025-2026,2025,0.0146013993670672,"hockeystats.com/data/NHLe_Temporal.csv (NHLe page; Bacon/TopDownHockey, era-varying network NHLe)",2026-05-24
ushs-me,2016-2017,2016,0.0081280498159058,"hockeystats.com/data/NHLe_Temporal.csv (NHLe page; Bacon/TopDownHockey, era-varying network NHLe)",2026-05-24
ushs-me,2017-2018,2017,0.0080451346088574,"hockeystats.com/data/NHLe_Temporal.csv (NHLe page; Bacon/TopDownHockey, era-varying network NHLe)",2026-05-24
ushs-me,2018-2019,2018,0.008632127634612,"hockeystats.com/data/NHLe_Temporal.csv (NHLe page; Bacon/TopDownHockey, era-varying network NHLe)",2026-05-24
ushs-me,2019-2020,2019,0.0092100539159587,"hockeystats.com/data/NHLe_Temporal.csv (NHLe page; Bacon/TopDownHockey, era-varying network NHLe)",2026-05-24
ushs-me,2020-2021,2020,0.009243543235684,"hockeystats.com/data/NHLe_Temporal.csv (NHLe page; Bacon/TopDownHockey, era-varying network NHLe)",2026-05-24
ushs-me,2021-2022,2021,0.0081956802923205,"hockeystats.com/data/NHLe_Temporal.csv (NHLe page; Bacon/TopDownHockey, era-varying network NHLe)",2026-05-24
ushs-me,2022-2023,2022,0.0089803404451365,"hockeystats.com/data/NHLe_Temporal.csv (NHLe page; Bacon/TopDownHockey, era-varying network NHLe)",2026-05-24
ushs-me,2023-2024,2023,0.0080051692929381,"hockeystats.com/data/NHLe_Temporal.csv (NHLe page; Bacon/TopDownHockey, era-varying network NHLe)",2026-05-24
ushs-me,2024-2025,2024,0.0106634000166994,"hockeystats.com/data/NHLe_Temporal.csv (NHLe page; Bacon/TopDownHockey, era-varying network NHLe)",2026-05-24
ushs-me,2025-2026,2025,0.0131813329775076,"hockeystats.com/data/NHLe_Temporal.csv (NHLe page; Bacon/TopDownHockey, era-varying network NHLe)",2026-05-24
ushs-mi,2011-2012,2011,0.0259045397655231,"hockeystats.com/data/NHLe_Temporal.csv (NHLe page; Bacon/TopDownHockey, era-varying network NHLe)",2026-05-24
ushs-mi,2013-2014,2013,0.0289946253677196,"hockeystats.com/data/NHLe_Temporal.csv (NHLe page; Bacon/TopDownHockey, era-varying network NHLe)",2026-05-24
ushs-mi,2014-2015,2014,0.0163716726248311,"hockeystats.com/data/NHLe_Temporal.csv (NHLe page; Bacon/TopDownHockey, era-varying network NHLe)",2026-05-24
ushs-mi,2015-2016,2015,0.0126925240412153,"hockeystats.com/data/NHLe_Temporal.csv (NHLe page; Bacon/TopDownHockey, era-varying network NHLe)",2026-05-24
ushs-mi,2016-2017,2016,0.0128282448714297,"hockeystats.com/data/NHLe_Temporal.csv (NHLe page; Bacon/TopDownHockey, era-varying network NHLe)",2026-05-24
ushs-mi,2017-2018,2017,0.0162897781837592,"hockeystats.com/data/NHLe_Temporal.csv (NHLe page; Bacon/TopDownHockey, era-varying network NHLe)",2026-05-24
ushs-mi,2018-2019,2018,0.0141017609733145,"hockeystats.com/data/NHLe_Temporal.csv (NHLe page; Bacon/TopDownHockey, era-varying network NHLe)",2026-05-24
ushs-mi,2019-2020,2019,0.0124849666778449,"hockeystats.com/data/NHLe_Temporal.csv (NHLe page; Bacon/TopDownHockey, era-varying network NHLe)",2026-05-24
ushs-mi,2020-2021,2020,0.0099481214908032,"hockeystats.com/data/NHLe_Temporal.csv (NHLe page; Bacon/TopDownHockey, era-varying network NHLe)",2026-05-24
ushs-mi,2021-2022,2021,0.0083295534023178,"hockeystats.com/data/NHLe_Temporal.csv (NHLe page; Bacon/TopDownHockey, era-varying network NHLe)",2026-05-24
ushs-mi,2022-2023,2022,0.0099651536048389,"hockeystats.com/data/NHLe_Temporal.csv (NHLe page; Bacon/TopDownHockey, era-varying network NHLe)",2026-05-24
ushs-mi,2023-2024,2023,0.0091013945581687,"hockeystats.com/data/NHLe_Temporal.csv (NHLe page; Bacon/TopDownHockey, era-varying network NHLe)",2026-05-24
ushs-mi,2024-2025,2024,0.009287179327718,"hockeystats.com/data/NHLe_Temporal.csv (NHLe page; Bacon/TopDownHockey, era-varying network NHLe)",2026-05-24
ushs-mi,2025-2026,2025,0.0099847611085258,"hockeystats.com/data/NHLe_Temporal.csv (NHLe page; Bacon/TopDownHockey, era-varying network NHLe)",2026-05-24
ushs-mn,2006-2007,2006,0.0224544451238285,"hockeystats.com/data/NHLe_Temporal.csv (NHLe page; Bacon/TopDownHockey, era-varying network NHLe)",2026-05-24
ushs-mn,2007-2008,2007,0.0178685934518657,"hockeystats.com/data/NHLe_Temporal.csv (NHLe page; Bacon/TopDownHockey, era-varying network NHLe)",2026-05-24
ushs-mn,2008-2009,2008,0.018061476459841,"hockeystats.com/data/NHLe_Temporal.csv (NHLe page; Bacon/TopDownHockey, era-varying network NHLe)",2026-05-24
ushs-mn,2009-2010,2009,0.018710098940659,"hockeystats.com/data/NHLe_Temporal.csv (NHLe page; Bacon/TopDownHockey, era-varying network NHLe)",2026-05-24
ushs-mn,2010-2011,2010,0.0170343740072106,"hockeystats.com/data/NHLe_Temporal.csv (NHLe page; Bacon/TopDownHockey, era-varying network NHLe)",2026-05-24
ushs-mn,2011-2012,2011,0.018863987942781,"hockeystats.com/data/NHLe_Temporal.csv (NHLe page; Bacon/TopDownHockey, era-varying network NHLe)",2026-05-24
ushs-mn,2013-2014,2013,0.0175364511234174,"hockeystats.com/data/NHLe_Temporal.csv (NHLe page; Bacon/TopDownHockey, era-varying network NHLe)",2026-05-24
ushs-mn,2014-2015,2014,0.0169677681694707,"hockeystats.com/data/NHLe_Temporal.csv (NHLe page; Bacon/TopDownHockey, era-varying network NHLe)",2026-05-24
ushs-mn,2015-2016,2015,0.0172612163952861,"hockeystats.com/data/NHLe_Temporal.csv (NHLe page; Bacon/TopDownHockey, era-varying network NHLe)",2026-05-24
ushs-mn,2016-2017,2016,0.0196000949316833,"hockeystats.com/data/NHLe_Temporal.csv (NHLe page; Bacon/TopDownHockey, era-varying network NHLe)",2026-05-24
ushs-mn,2017-2018,2017,0.0222556852232178,"hockeystats.com/data/NHLe_Temporal.csv (NHLe page; Bacon/TopDownHockey, era-varying network NHLe)",2026-05-24
ushs-mn,2018-2019,2018,0.0213124396504769,"hockeystats.com/data/NHLe_Temporal.csv (NHLe page; Bacon/TopDownHockey, era-varying network NHLe)",2026-05-24
ushs-mn,2019-2020,2019,0.0201282580673523,"hockeystats.com/data/NHLe_Temporal.csv (NHLe page; Bacon/TopDownHockey, era-varying network NHLe)",2026-05-24
ushs-mn,2020-2021,2020,0.0182136986482501,"hockeystats.com/data/NHLe_Temporal.csv (NHLe page; Bacon/TopDownHockey, era-varying network NHLe)",2026-05-24
ushs-mn,2021-2022,2021,0.0171639600844974,"hockeystats.com/data/NHLe_Temporal.csv (NHLe page; Bacon/TopDownHockey, era-varying network NHLe)",2026-05-24
ushs-mn,2022-2023,2022,0.0183828538142232,"hockeystats.com/data/NHLe_Temporal.csv (NHLe page; Bacon/TopDownHockey, era-varying network NHLe)",2026-05-24
ushs-mn,2023-2024,2023,0.0171760708633233,"hockeystats.com/data/NHLe_Temporal.csv (NHLe page; Bacon/TopDownHockey, era-varying network NHLe)",2026-05-24
ushs-mn,2024-2025,2024,0.0170992972781122,"hockeystats.com/data/NHLe_Temporal.csv (NHLe page; Bacon/TopDownHockey, era-varying network NHLe)",2026-05-24
ushs-mn,2025-2026,2025,0.017592521605873,"hockeystats.com/data/NHLe_Temporal.csv (NHLe page; Bacon/TopDownHockey, era-varying network NHLe)",2026-05-24
ushs-mo,2016-2017,2016,0.0176176857447256,"hockeystats.com/data/NHLe_Temporal.csv (NHLe page; Bacon/TopDownHockey, era-varying network NHLe)",2026-05-24
ushs-mo,2017-2018,2017,0.0142243999771851,"hockeystats.com/data/NHLe_Temporal.csv (NHLe page; Bacon/TopDownHockey, era-varying network NHLe)",2026-05-24
ushs-mo,2018-2019,2018,0.0132267630977276,"hockeystats.com/data/NHLe_Temporal.csv (NHLe page; Bacon/TopDownHockey, era-varying network NHLe)",2026-05-24
ushs-mo,2019-2020,2019,0.0157477404591137,"hockeystats.com/data/NHLe_Temporal.csv (NHLe page; Bacon/TopDownHockey, era-varying network NHLe)",2026-05-24
ushs-mo,2020-2021,2020,0.0144600099690628,"hockeystats.com/data/NHLe_Temporal.csv (NHLe page; Bacon/TopDownHockey, era-varying network NHLe)",2026-05-24
ushs-mo,2021-2022,2021,0.0096109088533297,"hockeystats.com/data/NHLe_Temporal.csv (NHLe page; Bacon/TopDownHockey, era-varying network NHLe)",2026-05-24
ushs-mo,2022-2023,2022,0.0133581406657712,"hockeystats.com/data/NHLe_Temporal.csv (NHLe page; Bacon/TopDownHockey, era-varying network NHLe)",2026-05-24
ushs-mo,2023-2024,2023,0.0109642846836216,"hockeystats.com/data/NHLe_Temporal.csv (NHLe page; Bacon/TopDownHockey, era-varying network NHLe)",2026-05-24
ushs-mo,2024-2025,2024,0.0131693945690732,"hockeystats.com/data/NHLe_Temporal.csv (NHLe page; Bacon/TopDownHockey, era-varying network NHLe)",2026-05-24
ushs-mo,2025-2026,2025,0.0126087123845648,"hockeystats.com/data/NHLe_Temporal.csv (NHLe page; Bacon/TopDownHockey, era-varying network NHLe)",2026-05-24
ushs-ny,2009-2010,2009,0.009053633148135,"hockeystats.com/data/NHLe_Temporal.csv (NHLe page; Bacon/TopDownHockey, era-varying network NHLe)",2026-05-24
ushs-ny,2010-2011,2010,0.0152709301017914,"hockeystats.com/data/NHLe_Temporal.csv (NHLe page; Bacon/TopDownHockey, era-varying network NHLe)",2026-05-24
ushs-ny,2011-2012,2011,0.0162738537747106,"hockeystats.com/data/NHLe_Temporal.csv (NHLe page; Bacon/TopDownHockey, era-varying network NHLe)",2026-05-24
ushs-ny,2013-2014,2013,0.0161318460871938,"hockeystats.com/data/NHLe_Temporal.csv (NHLe page; Bacon/TopDownHockey, era-varying network NHLe)",2026-05-24
ushs-ny,2014-2015,2014,0.012897283813261,"hockeystats.com/data/NHLe_Temporal.csv (NHLe page; Bacon/TopDownHockey, era-varying network NHLe)",2026-05-24
ushs-ny,2015-2016,2015,0.01302107089955,"hockeystats.com/data/NHLe_Temporal.csv (NHLe page; Bacon/TopDownHockey, era-varying network NHLe)",2026-05-24
ushs-ny,2016-2017,2016,0.0115127632699135,"hockeystats.com/data/NHLe_Temporal.csv (NHLe page; Bacon/TopDownHockey, era-varying network NHLe)",2026-05-24
ushs-ny,2017-2018,2017,0.0113150797590879,"hockeystats.com/data/NHLe_Temporal.csv (NHLe page; Bacon/TopDownHockey, era-varying network NHLe)",2026-05-24
ushs-ny,2018-2019,2018,0.0129955960001849,"hockeystats.com/data/NHLe_Temporal.csv (NHLe page; Bacon/TopDownHockey, era-varying network NHLe)",2026-05-24
ushs-ny,2019-2020,2019,0.0116342900285961,"hockeystats.com/data/NHLe_Temporal.csv (NHLe page; Bacon/TopDownHockey, era-varying network NHLe)",2026-05-24
ushs-ny,2020-2021,2020,0.0089908636772052,"hockeystats.com/data/NHLe_Temporal.csv (NHLe page; Bacon/TopDownHockey, era-varying network NHLe)",2026-05-24
ushs-ny,2021-2022,2021,0.0089345280871314,"hockeystats.com/data/NHLe_Temporal.csv (NHLe page; Bacon/TopDownHockey, era-varying network NHLe)",2026-05-24
ushs-ny,2022-2023,2022,0.0112478983720206,"hockeystats.com/data/NHLe_Temporal.csv (NHLe page; Bacon/TopDownHockey, era-varying network NHLe)",2026-05-24
ushs-ny,2023-2024,2023,0.0097016861200927,"hockeystats.com/data/NHLe_Temporal.csv (NHLe page; Bacon/TopDownHockey, era-varying network NHLe)",2026-05-24
ushs-ny,2024-2025,2024,0.0099752718120724,"hockeystats.com/data/NHLe_Temporal.csv (NHLe page; Bacon/TopDownHockey, era-varying network NHLe)",2026-05-24
ushs-ny,2025-2026,2025,0.0095872784985209,"hockeystats.com/data/NHLe_Temporal.csv (NHLe page; Bacon/TopDownHockey, era-varying network NHLe)",2026-05-24
ushs-prep,2006-2007,2006,0.0396368479462403,"hockeystats.com/data/NHLe_Temporal.csv (NHLe page; Bacon/TopDownHockey, era-varying network NHLe)",2026-05-24
ushs-prep,2007-2008,2007,0.0353040641706529,"hockeystats.com/data/NHLe_Temporal.csv (NHLe page; Bacon/TopDownHockey, era-varying network NHLe)",2026-05-24
ushs-prep,2008-2009,2008,0.0345645834073899,"hockeystats.com/data/NHLe_Temporal.csv (NHLe page; Bacon/TopDownHockey, era-varying network NHLe)",2026-05-24
ushs-prep,2009-2010,2009,0.0357902626150478,"hockeystats.com/data/NHLe_Temporal.csv (NHLe page; Bacon/TopDownHockey, era-varying network NHLe)",2026-05-24
ushs-prep,2010-2011,2010,0.0334129114099961,"hockeystats.com/data/NHLe_Temporal.csv (NHLe page; Bacon/TopDownHockey, era-varying network NHLe)",2026-05-24
ushs-prep,2011-2012,2011,0.0340454072290685,"hockeystats.com/data/NHLe_Temporal.csv (NHLe page; Bacon/TopDownHockey, era-varying network NHLe)",2026-05-24
ushs-prep,2013-2014,2013,0.0326489251282723,"hockeystats.com/data/NHLe_Temporal.csv (NHLe page; Bacon/TopDownHockey, era-varying network NHLe)",2026-05-24
ushs-prep,2014-2015,2014,0.0272653613451995,"hockeystats.com/data/NHLe_Temporal.csv (NHLe page; Bacon/TopDownHockey, era-varying network NHLe)",2026-05-24
ushs-prep,2015-2016,2015,0.0324537689716129,"hockeystats.com/data/NHLe_Temporal.csv (NHLe page; Bacon/TopDownHockey, era-varying network NHLe)",2026-05-24
ushs-prep,2016-2017,2016,0.031976425363603,"hockeystats.com/data/NHLe_Temporal.csv (NHLe page; Bacon/TopDownHockey, era-varying network NHLe)",2026-05-24
ushs-prep,2017-2018,2017,0.0334138606649587,"hockeystats.com/data/NHLe_Temporal.csv (NHLe page; Bacon/TopDownHockey, era-varying network NHLe)",2026-05-24
ushs-prep,2018-2019,2018,0.0353399170603685,"hockeystats.com/data/NHLe_Temporal.csv (NHLe page; Bacon/TopDownHockey, era-varying network NHLe)",2026-05-24
ushs-prep,2019-2020,2019,0.0394866979447045,"hockeystats.com/data/NHLe_Temporal.csv (NHLe page; Bacon/TopDownHockey, era-varying network NHLe)",2026-05-24
ushs-prep,2020-2021,2020,0.0328996752525597,"hockeystats.com/data/NHLe_Temporal.csv (NHLe page; Bacon/TopDownHockey, era-varying network NHLe)",2026-05-24
ushs-prep,2021-2022,2021,0.0313594469949327,"hockeystats.com/data/NHLe_Temporal.csv (NHLe page; Bacon/TopDownHockey, era-varying network NHLe)",2026-05-24
ushs-prep,2022-2023,2022,0.0312702054175854,"hockeystats.com/data/NHLe_Temporal.csv (NHLe page; Bacon/TopDownHockey, era-varying network NHLe)",2026-05-24
ushs-prep,2023-2024,2023,0.0313703476848028,"hockeystats.com/data/NHLe_Temporal.csv (NHLe page; Bacon/TopDownHockey, era-varying network NHLe)",2026-05-24
ushs-prep,2024-2025,2024,0.0317635772355486,"hockeystats.com/data/NHLe_Temporal.csv (NHLe page; Bacon/TopDownHockey, era-varying network NHLe)",2026-05-24
ushs-prep,2025-2026,2025,0.0321579646203579,"hockeystats.com/data/NHLe_Temporal.csv (NHLe page; Bacon/TopDownHockey, era-varying network NHLe)",2026-05-24
ushs-wi,2008-2009,2008,0.0161948216800219,"hockeystats.com/data/NHLe_Temporal.csv (NHLe page; Bacon/TopDownHockey, era-varying network NHLe)",2026-05-24
ushs-wi,2009-2010,2009,0.01516647476309,"hockeystats.com/data/NHLe_Temporal.csv (NHLe page; Bacon/TopDownHockey, era-varying network NHLe)",2026-05-24
ushs-wi,2010-2011,2010,0.0166231229421708,"hockeystats.com/data/NHLe_Temporal.csv (NHLe page; Bacon/TopDownHockey, era-varying network NHLe)",2026-05-24
ushs-wi,2011-2012,2011,0.016210444685964,"hockeystats.com/data/NHLe_Temporal.csv (NHLe page; Bacon/TopDownHockey, era-varying network NHLe)",2026-05-24
ushs-wi,2013-2014,2013,0.0142823476395523,"hockeystats.com/data/NHLe_Temporal.csv (NHLe page; Bacon/TopDownHockey, era-varying network NHLe)",2026-05-24
ushs-wi,2014-2015,2014,0.0077155451400709,"hockeystats.com/data/NHLe_Temporal.csv (NHLe page; Bacon/TopDownHockey, era-varying network NHLe)",2026-05-24
ushs-wi,2015-2016,2015,0.0084313941459073,"hockeystats.com/data/NHLe_Temporal.csv (NHLe page; Bacon/TopDownHockey, era-varying network NHLe)",2026-05-24
ushs-wi,2016-2017,2016,0.0118303186090026,"hockeystats.com/data/NHLe_Temporal.csv (NHLe page; Bacon/TopDownHockey, era-varying network NHLe)",2026-05-24
ushs-wi,2017-2018,2017,0.0143123705068637,"hockeystats.com/data/NHLe_Temporal.csv (NHLe page; Bacon/TopDownHockey, era-varying network NHLe)",2026-05-24
ushs-wi,2018-2019,2018,0.0143073409635859,"hockeystats.com/data/NHLe_Temporal.csv (NHLe page; Bacon/TopDownHockey, era-varying network NHLe)",2026-05-24
ushs-wi,2019-2020,2019,0.0144862724938894,"hockeystats.com/data/NHLe_Temporal.csv (NHLe page; Bacon/TopDownHockey, era-varying network NHLe)",2026-05-24
ushs-wi,2020-2021,2020,0.0120684081226781,"hockeystats.com/data/NHLe_Temporal.csv (NHLe page; Bacon/TopDownHockey, era-varying network NHLe)",2026-05-24
ushs-wi,2021-2022,2021,0.0097642709513103,"hockeystats.com/data/NHLe_Temporal.csv (NHLe page; Bacon/TopDownHockey, era-varying network NHLe)",2026-05-24
ushs-wi,2022-2023,2022,0.0109511279337538,"hockeystats.com/data/NHLe_Temporal.csv (NHLe page; Bacon/TopDownHockey, era-varying network NHLe)",2026-05-24
ushs-wi,2023-2024,2023,0.0098985396700828,"hockeystats.com/data/NHLe_Temporal.csv (NHLe page; Bacon/TopDownHockey, era-varying network NHLe)",2026-05-24
ushs-wi,2024-2025,2024,0.0095708474941012,"hockeystats.com/data/NHLe_Temporal.csv (NHLe page; Bacon/TopDownHockey, era-varying network NHLe)",2026-05-24
ushs-wi,2025-2026,2025,0.0098754561553851,"hockeystats.com/data/NHLe_Temporal.csv (NHLe page; Bacon/TopDownHockey, era-varying network NHLe)",2026-05-24
usphl-16u,2014-2015,2014,0.019948972145927,"hockeystats.com/data/NHLe_Temporal.csv (NHLe page; Bacon/TopDownHockey, era-varying network NHLe)",2026-05-24
usphl-16u,2015-2016,2015,0.0166496339887386,"hockeystats.com/data/NHLe_Temporal.csv (NHLe page; Bacon/TopDownHockey, era-varying network NHLe)",2026-05-24
usphl-16u,2016-2017,2016,0.0178835223577307,"hockeystats.com/data/NHLe_Temporal.csv (NHLe page; Bacon/TopDownHockey, era-varying network NHLe)",2026-05-24
usphl-16u,2017-2018,2017,0.0226380840524969,"hockeystats.com/data/NHLe_Temporal.csv (NHLe page; Bacon/TopDownHockey, era-varying network NHLe)",2026-05-24
usphl-16u,2018-2019,2018,0.0220845104881342,"hockeystats.com/data/NHLe_Temporal.csv (NHLe page; Bacon/TopDownHockey, era-varying network NHLe)",2026-05-24
usphl-16u,2019-2020,2019,0.0220901931749787,"hockeystats.com/data/NHLe_Temporal.csv (NHLe page; Bacon/TopDownHockey, era-varying network NHLe)",2026-05-24
usphl-16u,2020-2021,2020,0.0164152266057794,"hockeystats.com/data/NHLe_Temporal.csv (NHLe page; Bacon/TopDownHockey, era-varying network NHLe)",2026-05-24
usphl-16u,2021-2022,2021,0.0160025454864593,"hockeystats.com/data/NHLe_Temporal.csv (NHLe page; Bacon/TopDownHockey, era-varying network NHLe)",2026-05-24
usphl-16u,2022-2023,2022,0.015333618774758,"hockeystats.com/data/NHLe_Temporal.csv (NHLe page; Bacon/TopDownHockey, era-varying network NHLe)",2026-05-24
usphl-16u,2023-2024,2023,0.0141458174979559,"hockeystats.com/data/NHLe_Temporal.csv (NHLe page; Bacon/TopDownHockey, era-varying network NHLe)",2026-05-24
usphl-16u,2024-2025,2024,0.0158294024344138,"hockeystats.com/data/NHLe_Temporal.csv (NHLe page; Bacon/TopDownHockey, era-varying network NHLe)",2026-05-24
usphl-16u,2025-2026,2025,0.0172363005489135,"hockeystats.com/data/NHLe_Temporal.csv (NHLe page; Bacon/TopDownHockey, era-varying network NHLe)",2026-05-24
usphl-18u,2014-2015,2014,0.0416987916361798,"hockeystats.com/data/NHLe_Temporal.csv (NHLe page; Bacon/TopDownHockey, era-varying network NHLe)",2026-05-24
usphl-18u,2015-2016,2015,0.03355735017309,"hockeystats.com/data/NHLe_Temporal.csv (NHLe page; Bacon/TopDownHockey, era-varying network NHLe)",2026-05-24
usphl-18u,2016-2017,2016,0.0291193472516401,"hockeystats.com/data/NHLe_Temporal.csv (NHLe page; Bacon/TopDownHockey, era-varying network NHLe)",2026-05-24
usphl-18u,2017-2018,2017,0.0316318506172231,"hockeystats.com/data/NHLe_Temporal.csv (NHLe page; Bacon/TopDownHockey, era-varying network NHLe)",2026-05-24
usphl-18u,2018-2019,2018,0.0315816856348711,"hockeystats.com/data/NHLe_Temporal.csv (NHLe page; Bacon/TopDownHockey, era-varying network NHLe)",2026-05-24
usphl-18u,2019-2020,2019,0.0329813572414083,"hockeystats.com/data/NHLe_Temporal.csv (NHLe page; Bacon/TopDownHockey, era-varying network NHLe)",2026-05-24
usphl-18u,2020-2021,2020,0.0284950808633172,"hockeystats.com/data/NHLe_Temporal.csv (NHLe page; Bacon/TopDownHockey, era-varying network NHLe)",2026-05-24
usphl-18u,2021-2022,2021,0.0253869064346631,"hockeystats.com/data/NHLe_Temporal.csv (NHLe page; Bacon/TopDownHockey, era-varying network NHLe)",2026-05-24
usphl-18u,2022-2023,2022,0.0273012396269675,"hockeystats.com/data/NHLe_Temporal.csv (NHLe page; Bacon/TopDownHockey, era-varying network NHLe)",2026-05-24
usphl-18u,2023-2024,2023,0.0207393108333966,"hockeystats.com/data/NHLe_Temporal.csv (NHLe page; Bacon/TopDownHockey, era-varying network NHLe)",2026-05-24
usphl-18u,2024-2025,2024,0.0221539328589303,"hockeystats.com/data/NHLe_Temporal.csv (NHLe page; Bacon/TopDownHockey, era-varying network NHLe)",2026-05-24
usphl-18u,2025-2026,2025,0.021942114145177,"hockeystats.com/data/NHLe_Temporal.csv (NHLe page; Bacon/TopDownHockey, era-varying network NHLe)",2026-05-24
usphl-premier,2014-2015,2014,0.0652162641257129,"hockeystats.com/data/NHLe_Temporal.csv (NHLe page; Bacon/TopDownHockey, era-varying network NHLe)",2026-05-24
usphl-premier,2015-2016,2015,0.0603638903908201,"hockeystats.com/data/NHLe_Temporal.csv (NHLe page; Bacon/TopDownHockey, era-varying network NHLe)",2026-05-24
usphl-premier,2016-2017,2016,0.0580661422348515,"hockeystats.com/data/NHLe_Temporal.csv (NHLe page; Bacon/TopDownHockey, era-varying network NHLe)",2026-05-24
usphl-premier,2017-2018,2017,0.0509796818938821,"hockeystats.com/data/NHLe_Temporal.csv (NHLe page; Bacon/TopDownHockey, era-varying network NHLe)",2026-05-24
usphl-premier,2018-2019,2018,0.0410215613610457,"hockeystats.com/data/NHLe_Temporal.csv (NHLe page; Bacon/TopDownHockey, era-varying network NHLe)",2026-05-24
usphl-premier,2019-2020,2019,0.0340383580543114,"hockeystats.com/data/NHLe_Temporal.csv (NHLe page; Bacon/TopDownHockey, era-varying network NHLe)",2026-05-24
usphl-premier,2020-2021,2020,0.0304373321026401,"hockeystats.com/data/NHLe_Temporal.csv (NHLe page; Bacon/TopDownHockey, era-varying network NHLe)",2026-05-24
usphl-premier,2021-2022,2021,0.0265906754931648,"hockeystats.com/data/NHLe_Temporal.csv (NHLe page; Bacon/TopDownHockey, era-varying network NHLe)",2026-05-24
usphl-premier,2022-2023,2022,0.0273781112183137,"hockeystats.com/data/NHLe_Temporal.csv (NHLe page; Bacon/TopDownHockey, era-varying network NHLe)",2026-05-24
usphl-premier,2023-2024,2023,0.0262273851991889,"hockeystats.com/data/NHLe_Temporal.csv (NHLe page; Bacon/TopDownHockey, era-varying network NHLe)",2026-05-24
usphl-premier,2024-2025,2024,0.0240336988266024,"hockeystats.com/data/NHLe_Temporal.csv (NHLe page; Bacon/TopDownHockey, era-varying network NHLe)",2026-05-24
usphl-premier,2025-2026,2025,0.026088458258932,"hockeystats.com/data/NHLe_Temporal.csv (NHLe page; Bacon/TopDownHockey, era-varying network NHLe)",2026-05-24
usports,2006-2007,2006,0.1697664150077129,"hockeystats.com/data/NHLe_Temporal.csv (NHLe page; Bacon/TopDownHockey, era-varying network NHLe)",2026-05-24
usports,2007-2008,2007,0.1416193546925337,"hockeystats.com/data/NHLe_Temporal.csv (NHLe page; Bacon/TopDownHockey, era-varying network NHLe)",2026-05-24
usports,2008-2009,2008,0.1436147399234275,"hockeystats.com/data/NHLe_Temporal.csv (NHLe page; Bacon/TopDownHockey, era-varying network NHLe)",2026-05-24
usports,2009-2010,2009,0.1430183118903074,"hockeystats.com/data/NHLe_Temporal.csv (NHLe page; Bacon/TopDownHockey, era-varying network NHLe)",2026-05-24
usports,2010-2011,2010,0.1433693800474673,"hockeystats.com/data/NHLe_Temporal.csv (NHLe page; Bacon/TopDownHockey, era-varying network NHLe)",2026-05-24
usports,2011-2012,2011,0.1391203108161891,"hockeystats.com/data/NHLe_Temporal.csv (NHLe page; Bacon/TopDownHockey, era-varying network NHLe)",2026-05-24
usports,2013-2014,2013,0.1442102436561303,"hockeystats.com/data/NHLe_Temporal.csv (NHLe page; Bacon/TopDownHockey, era-varying network NHLe)",2026-05-24
usports,2014-2015,2014,0.1282186899990871,"hockeystats.com/data/NHLe_Temporal.csv (NHLe page; Bacon/TopDownHockey, era-varying network NHLe)",2026-05-24
usports,2015-2016,2015,0.1194753089011886,"hockeystats.com/data/NHLe_Temporal.csv (NHLe page; Bacon/TopDownHockey, era-varying network NHLe)",2026-05-24
usports,2016-2017,2016,0.1273105823000059,"hockeystats.com/data/NHLe_Temporal.csv (NHLe page; Bacon/TopDownHockey, era-varying network NHLe)",2026-05-24
usports,2017-2018,2017,0.1349600975047258,"hockeystats.com/data/NHLe_Temporal.csv (NHLe page; Bacon/TopDownHockey, era-varying network NHLe)",2026-05-24
usports,2018-2019,2018,0.1385496356905482,"hockeystats.com/data/NHLe_Temporal.csv (NHLe page; Bacon/TopDownHockey, era-varying network NHLe)",2026-05-24
usports,2019-2020,2019,0.1332008644537447,"hockeystats.com/data/NHLe_Temporal.csv (NHLe page; Bacon/TopDownHockey, era-varying network NHLe)",2026-05-24
usports,2020-2021,2020,0.1303874385507786,"hockeystats.com/data/NHLe_Temporal.csv (NHLe page; Bacon/TopDownHockey, era-varying network NHLe)",2026-05-24
usports,2021-2022,2021,0.1229408351263083,"hockeystats.com/data/NHLe_Temporal.csv (NHLe page; Bacon/TopDownHockey, era-varying network NHLe)",2026-05-24
usports,2022-2023,2022,0.1161211819867161,"hockeystats.com/data/NHLe_Temporal.csv (NHLe page; Bacon/TopDownHockey, era-varying network NHLe)",2026-05-24
usports,2023-2024,2023,0.1167151790087689,"hockeystats.com/data/NHLe_Temporal.csv (NHLe page; Bacon/TopDownHockey, era-varying network NHLe)",2026-05-24
usports,2024-2025,2024,0.1109360049532896,"hockeystats.com/data/NHLe_Temporal.csv (NHLe page; Bacon/TopDownHockey, era-varying network NHLe)",2026-05-24
usports,2025-2026,2025,0.1100700733940914,"hockeystats.com/data/NHLe_Temporal.csv (NHLe page; Bacon/TopDownHockey, era-varying network NHLe)",2026-05-24
vhl,2010-2011,2010,0.3506280774640656,"hockeystats.com/data/NHLe_Temporal.csv (NHLe page; Bacon/TopDownHockey, era-varying network NHLe)",2026-05-24
vhl,2011-2012,2011,0.3268442426511865,"hockeystats.com/data/NHLe_Temporal.csv (NHLe page; Bacon/TopDownHockey, era-varying network NHLe)",2026-05-24
vhl,2013-2014,2013,0.3070404917179792,"hockeystats.com/data/NHLe_Temporal.csv (NHLe page; Bacon/TopDownHockey, era-varying network NHLe)",2026-05-24
vhl,2014-2015,2014,0.2508525343535888,"hockeystats.com/data/NHLe_Temporal.csv (NHLe page; Bacon/TopDownHockey, era-varying network NHLe)",2026-05-24
vhl,2015-2016,2015,0.2538453283280633,"hockeystats.com/data/NHLe_Temporal.csv (NHLe page; Bacon/TopDownHockey, era-varying network NHLe)",2026-05-24
vhl,2016-2017,2016,0.2369035904011242,"hockeystats.com/data/NHLe_Temporal.csv (NHLe page; Bacon/TopDownHockey, era-varying network NHLe)",2026-05-24
vhl,2017-2018,2017,0.2441304658158091,"hockeystats.com/data/NHLe_Temporal.csv (NHLe page; Bacon/TopDownHockey, era-varying network NHLe)",2026-05-24
vhl,2018-2019,2018,0.2226784100263291,"hockeystats.com/data/NHLe_Temporal.csv (NHLe page; Bacon/TopDownHockey, era-varying network NHLe)",2026-05-24
vhl,2019-2020,2019,0.198781936452945,"hockeystats.com/data/NHLe_Temporal.csv (NHLe page; Bacon/TopDownHockey, era-varying network NHLe)",2026-05-24
vhl,2020-2021,2020,0.2036580208324702,"hockeystats.com/data/NHLe_Temporal.csv (NHLe page; Bacon/TopDownHockey, era-varying network NHLe)",2026-05-24
vhl,2021-2022,2021,0.1969867891981771,"hockeystats.com/data/NHLe_Temporal.csv (NHLe page; Bacon/TopDownHockey, era-varying network NHLe)",2026-05-24
vhl,2022-2023,2022,0.1981045628672359,"hockeystats.com/data/NHLe_Temporal.csv (NHLe page; Bacon/TopDownHockey, era-varying network NHLe)",2026-05-24
vhl,2023-2024,2023,0.2046331202397924,"hockeystats.com/data/NHLe_Temporal.csv (NHLe page; Bacon/TopDownHockey, era-varying network NHLe)",2026-05-24
vhl,2024-2025,2024,0.203582054274629,"hockeystats.com/data/NHLe_Temporal.csv (NHLe page; Bacon/TopDownHockey, era-varying network NHLe)",2026-05-24
vhl,2025-2026,2025,0.1905362323838802,"hockeystats.com/data/NHLe_Temporal.csv (NHLe page; Bacon/TopDownHockey, era-varying network NHLe)",2026-05-24
vijhl,2006-2007,2006,0.0177488261096014,"hockeystats.com/data/NHLe_Temporal.csv (NHLe page; Bacon/TopDownHockey, era-varying network NHLe)",2026-05-24
vijhl,2007-2008,2007,0.0142214867836344,"hockeystats.com/data/NHLe_Temporal.csv (NHLe page; Bacon/TopDownHockey, era-varying network NHLe)",2026-05-24
vijhl,2008-2009,2008,0.0323263788981758,"hockeystats.com/data/NHLe_Temporal.csv (NHLe page; Bacon/TopDownHockey, era-varying network NHLe)",2026-05-24
vijhl,2009-2010,2009,0.0305718117968108,"hockeystats.com/data/NHLe_Temporal.csv (NHLe page; Bacon/TopDownHockey, era-varying network NHLe)",2026-05-24
vijhl,2010-2011,2010,0.0236680495489912,"hockeystats.com/data/NHLe_Temporal.csv (NHLe page; Bacon/TopDownHockey, era-varying network NHLe)",2026-05-24
vijhl,2011-2012,2011,0.0296576911613057,"hockeystats.com/data/NHLe_Temporal.csv (NHLe page; Bacon/TopDownHockey, era-varying network NHLe)",2026-05-24
vijhl,2013-2014,2013,0.0271086704107182,"hockeystats.com/data/NHLe_Temporal.csv (NHLe page; Bacon/TopDownHockey, era-varying network NHLe)",2026-05-24
vijhl,2014-2015,2014,0.0230289492569298,"hockeystats.com/data/NHLe_Temporal.csv (NHLe page; Bacon/TopDownHockey, era-varying network NHLe)",2026-05-24
vijhl,2015-2016,2015,0.0244853112032389,"hockeystats.com/data/NHLe_Temporal.csv (NHLe page; Bacon/TopDownHockey, era-varying network NHLe)",2026-05-24
vijhl,2016-2017,2016,0.0225238852497756,"hockeystats.com/data/NHLe_Temporal.csv (NHLe page; Bacon/TopDownHockey, era-varying network NHLe)",2026-05-24
vijhl,2017-2018,2017,0.0249215440455129,"hockeystats.com/data/NHLe_Temporal.csv (NHLe page; Bacon/TopDownHockey, era-varying network NHLe)",2026-05-24
vijhl,2018-2019,2018,0.0277180246822885,"hockeystats.com/data/NHLe_Temporal.csv (NHLe page; Bacon/TopDownHockey, era-varying network NHLe)",2026-05-24
vijhl,2019-2020,2019,0.0265612707467546,"hockeystats.com/data/NHLe_Temporal.csv (NHLe page; Bacon/TopDownHockey, era-varying network NHLe)",2026-05-24
vijhl,2020-2021,2020,0.0306524742450209,"hockeystats.com/data/NHLe_Temporal.csv (NHLe page; Bacon/TopDownHockey, era-varying network NHLe)",2026-05-24
vijhl,2021-2022,2021,0.0237751050987006,"hockeystats.com/data/NHLe_Temporal.csv (NHLe page; Bacon/TopDownHockey, era-varying network NHLe)",2026-05-24
vijhl,2022-2023,2022,0.0193070192442256,"hockeystats.com/data/NHLe_Temporal.csv (NHLe page; Bacon/TopDownHockey, era-varying network NHLe)",2026-05-24
vijhl,2023-2024,2023,0.0220515262329011,"hockeystats.com/data/NHLe_Temporal.csv (NHLe page; Bacon/TopDownHockey, era-varying network NHLe)",2026-05-24
vijhl,2024-2025,2024,0.023644741742538,"hockeystats.com/data/NHLe_Temporal.csv (NHLe page; Bacon/TopDownHockey, era-varying network NHLe)",2026-05-24
vijhl,2025-2026,2025,0.0239977592589588,"hockeystats.com/data/NHLe_Temporal.csv (NHLe page; Bacon/TopDownHockey, era-varying network NHLe)",2026-05-24
whl,2006-2007,2006,0.1460860112572721,"hockeystats.com/data/NHLe_Temporal.csv (NHLe page; Bacon/TopDownHockey, era-varying network NHLe)",2026-05-24
whl,2007-2008,2007,0.156090007315418,"hockeystats.com/data/NHLe_Temporal.csv (NHLe page; Bacon/TopDownHockey, era-varying network NHLe)",2026-05-24
whl,2008-2009,2008,0.1474554916012055,"hockeystats.com/data/NHLe_Temporal.csv (NHLe page; Bacon/TopDownHockey, era-varying network NHLe)",2026-05-24
whl,2009-2010,2009,0.1459815581434103,"hockeystats.com/data/NHLe_Temporal.csv (NHLe page; Bacon/TopDownHockey, era-varying network NHLe)",2026-05-24
whl,2010-2011,2010,0.1494577011535504,"hockeystats.com/data/NHLe_Temporal.csv (NHLe page; Bacon/TopDownHockey, era-varying network NHLe)",2026-05-24
whl,2011-2012,2011,0.1475461437922709,"hockeystats.com/data/NHLe_Temporal.csv (NHLe page; Bacon/TopDownHockey, era-varying network NHLe)",2026-05-24
whl,2013-2014,2013,0.1392677317065372,"hockeystats.com/data/NHLe_Temporal.csv (NHLe page; Bacon/TopDownHockey, era-varying network NHLe)",2026-05-24
whl,2014-2015,2014,0.1260052542255596,"hockeystats.com/data/NHLe_Temporal.csv (NHLe page; Bacon/TopDownHockey, era-varying network NHLe)",2026-05-24
whl,2015-2016,2015,0.114120813030322,"hockeystats.com/data/NHLe_Temporal.csv (NHLe page; Bacon/TopDownHockey, era-varying network NHLe)",2026-05-24
whl,2016-2017,2016,0.1200994560967629,"hockeystats.com/data/NHLe_Temporal.csv (NHLe page; Bacon/TopDownHockey, era-varying network NHLe)",2026-05-24
whl,2017-2018,2017,0.1228394729948823,"hockeystats.com/data/NHLe_Temporal.csv (NHLe page; Bacon/TopDownHockey, era-varying network NHLe)",2026-05-24
whl,2018-2019,2018,0.1277000694292945,"hockeystats.com/data/NHLe_Temporal.csv (NHLe page; Bacon/TopDownHockey, era-varying network NHLe)",2026-05-24
whl,2019-2020,2019,0.1193616312606609,"hockeystats.com/data/NHLe_Temporal.csv (NHLe page; Bacon/TopDownHockey, era-varying network NHLe)",2026-05-24
whl,2020-2021,2020,0.1146589532408706,"hockeystats.com/data/NHLe_Temporal.csv (NHLe page; Bacon/TopDownHockey, era-varying network NHLe)",2026-05-24
whl,2021-2022,2021,0.1084309217997295,"hockeystats.com/data/NHLe_Temporal.csv (NHLe page; Bacon/TopDownHockey, era-varying network NHLe)",2026-05-24
whl,2022-2023,2022,0.1111686674292435,"hockeystats.com/data/NHLe_Temporal.csv (NHLe page; Bacon/TopDownHockey, era-varying network NHLe)",2026-05-24
whl,2023-2024,2023,0.1097367708208639,"hockeystats.com/data/NHLe_Temporal.csv (NHLe page; Bacon/TopDownHockey, era-varying network NHLe)",2026-05-24
whl,2024-2025,2024,0.1060159235608682,"hockeystats.com/data/NHLe_Temporal.csv (NHLe page; Bacon/TopDownHockey, era-varying network NHLe)",2026-05-24
whl,2025-2026,2025,0.1019453316095502,"hockeystats.com/data/NHLe_Temporal.csv (NHLe page; Bacon/TopDownHockey, era-varying network NHLe)",2026-05-24
wohl,2006-2007,2006,0.0360457802865303,"hockeystats.com/data/NHLe_Temporal.csv (NHLe page; Bacon/TopDownHockey, era-varying network NHLe)",2026-05-24
wohl,2007-2008,2007,0.0415291063037596,"hockeystats.com/data/NHLe_Temporal.csv (NHLe page; Bacon/TopDownHockey, era-varying network NHLe)",2026-05-24
wohl,2008-2009,2008,0.0436161930434235,"hockeystats.com/data/NHLe_Temporal.csv (NHLe page; Bacon/TopDownHockey, era-varying network NHLe)",2026-05-24
wohl,2009-2010,2009,0.0460706819716957,"hockeystats.com/data/NHLe_Temporal.csv (NHLe page; Bacon/TopDownHockey, era-varying network NHLe)",2026-05-24
wohl,2010-2011,2010,0.0436984483911729,"hockeystats.com/data/NHLe_Temporal.csv (NHLe page; Bacon/TopDownHockey, era-varying network NHLe)",2026-05-24
wohl,2011-2012,2011,0.0435186223832977,"hockeystats.com/data/NHLe_Temporal.csv (NHLe page; Bacon/TopDownHockey, era-varying network NHLe)",2026-05-24
